Time x y psi vx steer throttle
----------------------------------------------------------
0.0000 50.0000 0.2000 1.5708 9.9909 -0.3620 1617.8962
0.0200 50.0017 0.3998 1.5696 9.9847 -0.0375 -434.8467
0.0400 50.0037 0.5995 1.5681 10.0134 -0.1103 2535.7983
0.0600 50.0067 0.7998 1.5660 10.0214 0.1900 1708.4609
0.0800 50.0082 1.0002 1.5651 10.0140 0.0144 -546.5916
0.1000 50.0094 1.2005 1.5644 10.0218 0.1130 1074.5321
0.1200 50.0096 1.4009 1.5646 10.0106 -0.2197 480.7539
0.1400 50.0114 1.6011 1.5637 9.9743 -0.2631 -1090.9485
0.1600 50.0150 1.8006 1.5617 9.9512 -0.3821 680.7684
0.1800 50.0203 1.9996 1.5584 9.9657 0.2773 2788.2126
0.2000 50.0241 2.1988 1.5564 9.9705 0.0266 402.5274
0.2200 50.0274 2.3982 1.5550 9.9391 -0.7139 1886.0784
0.2400 50.0325 2.5970 1.5523 9.9125 -0.6568 1931.9250
0.2600 50.0395 2.7951 1.5486 9.9073 0.2199 935.6746
0.2800 50.0450 2.9932 1.5462 9.8798 0.3044 -112.2324
0.3000 50.0488 3.1907 1.5452 9.8652 -0.0586 -945.2063
0.3200 50.0535 3.3880 1.5438 9.8631 0.0231 -124.5808
0.3400 50.0580 3.5852 1.5429 9.9001 -0.0594 2925.3550
0.3600 50.0633 3.7831 1.5416 9.9241 0.1060 2236.9014
0.3800 50.0676 3.9816 1.5413 9.9148 0.3877 1756.9326
0.4000 50.0704 4.1799 1.5423 9.9328 -0.0460 1464.3932
0.4200 50.0740 4.3785 1.5428 9.9569 -0.3666 4036.4602
0.4400 50.0794 4.5776 1.5423 9.9122 0.8000 1317.5569
0.4600 50.0830 4.7758 1.5430 9.8971 0.1757 -223.4813
0.4800 50.0854 4.9738 1.5448 9.9185 0.1831 2507.9739
0.5000 50.0864 5.1722 1.5476 9.9534 0.1012 2846.6733
0.5200 50.0867 5.3713 1.5509 9.9317 0.4040 882.0110
0.5400 50.0852 5.5700 1.5555 9.9369 0.0007 295.1612
0.5600 50.0843 5.7688 1.5595 9.9283 0.1527 -86.3081
0.5800 50.0821 5.9674 1.5641 9.8955 0.8000 2096.9414
0.6000 50.0781 6.1653 1.5699 9.8801 0.1164 -995.7604
0.6200 50.0732 6.3629 1.5759 9.8695 -0.8000 3600.9761
0.6400 50.0697 6.5603 1.5805 9.8902 0.1769 2336.6040
0.6600 50.0647 6.7580 1.5857 9.8969 -0.2864 2262.0774
0.6800 50.0611 6.9560 1.5895 9.8617 0.1136 -2259.2251
0.7000 50.0563 7.1531 1.5936 9.8652 0.1758 1107.8710
0.7200 50.0499 7.3503 1.5984 9.8415 -0.8000 2770.8213
0.7400 50.0448 7.5471 1.6017 9.8274 0.4647 1850.8679
0.7600 50.0377 7.7435 1.6059 9.8264 0.0509 -44.3939
0.7800 50.0301 7.9399 1.6100 9.8497 0.1681 2535.3208
0.8000 50.0208 8.1367 1.6147 9.8241 0.3940 556.1188
0.8200 50.0094 8.3329 1.6204 9.8364 -0.0483 1044.7688
0.8400 49.9987 8.5293 1.6250 9.8445 -0.1472 1402.6580
0.8600 49.9891 8.7260 1.6282 9.8543 -0.1934 1873.4380
0.8800 49.9807 8.9229 1.6300 9.8135 0.6400 856.4155
0.9000 49.9702 9.1189 1.6327 9.8423 0.0224 2185.9893
0.9200 49.9592 9.3154 1.6353 9.8577 0.0108 1166.5398
0.9400 49.9479 9.5123 1.6376 9.8291 0.3938 369.9964
0.9600 49.9346 9.7084 1.6408 9.8574 0.1053 2476.2319
0.9800 49.9200 9.9050 1.6445 9.8744 0.0846 1478.9722
1.0000 49.9045 10.1019 1.6483 9.8722 0.2203 1059.4545
1.0200 49.8871 10.2986 1.6530 9.8140 -0.3669 -2082.1221
1.0400 49.8713 10.4942 1.6562 9.7996 0.8000 3444.2129
1.0600 49.8535 10.6894 1.6603 9.8034 0.2393 1664.2830
1.0800 49.8338 10.8845 1.6652 9.8121 0.1473 1198.0939
1.1000 49.8127 11.0796 1.6706 9.8057 0.4108 2044.2584
1.1200 49.7895 11.2744 1.6770 9.8553 -0.0163 3683.5972
1.1400 49.7668 11.4702 1.6824 9.8674 -0.0012 873.0919
1.1600 49.7441 11.6662 1.6871 9.9062 0.0765 3047.2639
1.1800 49.7204 11.8629 1.6919 9.9197 -0.0658 1253.5569
1.2000 49.6973 12.0600 1.6956 9.9008 -0.3062 554.5000
1.2200 49.6756 12.2568 1.6977 9.8560 -0.7337 1032.4905
1.2400 49.6553 12.4530 1.6981 9.8608 0.1978 1539.4899
1.2600 49.6332 12.6489 1.6995 9.8870 0.0071 1988.2848
1.2800 49.6105 12.8454 1.7007 9.8981 -0.1426 1511.1206
1.3000 49.5887 13.0422 1.7007 9.9002 0.0056 165.8081
1.3200 49.5663 13.2390 1.7007 9.9245 -0.1399 2436.8057
1.3400 49.5449 13.4363 1.6997 9.9527 -0.0613 2192.6802
1.3600 49.5236 13.6343 1.6983 9.9265 -0.2995 -109.3621
1.3800 49.5039 13.8319 1.6954 9.9473 -0.0477 1510.2834
1.4000 49.4842 14.0299 1.6925 9.9002 -0.5044 -429.3417
1.4200 49.4662 14.2272 1.6883 9.9355 -0.0640 2574.9253
1.4400 49.4482 14.4252 1.6840 9.9918 -0.2090 5161.9233
1.4600 49.4315 14.6244 1.6789 9.9944 0.2473 1660.6069
1.4800 49.4133 14.8235 1.6751 10.0217 0.1261 2655.2568
1.5000 49.3937 15.0230 1.6724 9.9920 -0.2660 -606.8136
1.5200 49.3760 15.2220 1.6687 9.9609 -0.3395 -209.5170
1.5400 49.3603 15.4207 1.6639 9.9691 -0.2639 2095.1555
1.5600 49.3463 15.6196 1.6582 9.9281 0.5720 365.1741
1.5800 49.3309 15.8176 1.6539 9.9269 0.0226 -64.0320
1.6000 49.3152 16.0155 1.6504 9.9398 -0.2020 2049.7354
1.6200 49.3011 16.2138 1.6461 9.9273 0.0773 -642.4701
1.6400 49.2863 16.4118 1.6429 9.9382 -0.0046 816.2012
1.6600 49.2715 16.6100 1.6400 9.9493 -0.0628 965.5394
1.6800 49.2576 16.8085 1.6370 9.9546 -0.3423 2550.4243
1.7000 49.2457 17.0073 1.6331 9.9940 0.0806 3266.0664
1.7200 49.2329 17.2067 1.6302 9.9781 -0.2803 561.3026
1.7400 49.2221 17.4060 1.6263 9.9771 0.8000 4341.4883
1.7600 49.2100 17.6052 1.6239 10.0007 -0.0446 1846.2030
1.7800 49.1985 17.8049 1.6215 10.0286 -0.0124 2100.3813
1.8000 49.1873 18.0051 1.6192 10.0082 -0.4476 1299.1248
1.8200 49.1782 18.2051 1.6160 9.9922 -0.2303 140.9730
1.8400 49.1709 18.4048 1.6119 9.9779 -0.4518 1727.2906
1.8600 49.1656 18.6043 1.6067 9.9789 -0.5373 3260.4883
1.8800 49.1623 18.8039 1.6007 10.0229 -0.0335 3180.1243
1.9000 49.1590 19.0044 1.5951 10.0405 -0.0201 1236.7815
1.9200 49.1557 19.2051 1.5900 9.9873 0.3220 -1972.6702
1.9400 49.1511 19.4048 1.5866 9.9880 0.1486 847.3708
1.9600 49.1454 19.6045 1.5845 9.9266 -0.3972 -2092.8164
1.9800 49.1418 19.8030 1.5814 9.9144 0.4514 1922.2657
2.0000 49.1369 20.0013 1.5799 9.8719 0.7049 1046.9525
2.0200 49.1305 20.1987 1.5799 9.9057 0.3763 4777.2666
2.0400 49.1227 20.3967 1.5814 9.9450 -0.0804 3257.7744
2.0600 49.1164 20.5956 1.5822 9.9663 0.4961 4508.9307
2.0800 49.1086 20.7948 1.5844 9.9030 0.7848 -169.8954
2.1000 49.0992 20.9928 1.5880 9.9189 0.3239 3081.1812
2.1200 49.0882 21.1910 1.5928 9.8759 0.8000 1304.3683
2.1400 49.0755 21.3883 1.5989 9.8992 0.1762 2209.3335
2.1600 49.0618 21.5859 1.6057 9.8596 0.7234 1136.9611
2.1800 49.0462 21.7827 1.6136 9.8237 0.4410 -156.2902
2.2000 49.0287 21.9786 1.6226 9.8095 0.5107 1794.7097
2.2200 49.0093 22.1741 1.6326 9.7686 0.4112 -832.2164
2.2400 48.9878 22.3685 1.6435 9.8137 0.0678 2855.7764
2.2600 48.9664 22.5637 1.6537 9.8375 0.2855 3073.5649
2.2800 48.9430 22.7592 1.6644 9.7746 0.8000 -313.3710
2.3000 48.9174 22.9531 1.6760 9.7711 0.2401 524.8885
2.3200 48.8901 23.1468 1.6879 9.7838 0.3764 2940.0430
2.3400 48.8605 23.3403 1.7005 9.7730 0.7957 3381.3989
2.3600 48.8286 23.5333 1.7137 9.7531 0.8000 2760.3491
2.3800 48.7943 23.7254 1.7274 9.7523 0.3088 1333.0812
2.4000 48.7579 23.9171 1.7416 9.7598 0.4471 2984.3623
2.4200 48.7190 24.1085 1.7563 9.8056 0.0927 2994.6072
2.4400 48.6794 24.3006 1.7700 9.8114 0.8000 4648.4961
2.4600 48.6374 24.4923 1.7841 9.7856 0.3685 181.6985
2.4800 48.5930 24.6829 1.7986 9.7635 0.7030 2332.6304
2.5000 48.5461 24.8725 1.8136 9.7381 0.8000 2536.5215
2.5200 48.4967 25.0609 1.8289 9.7113 0.4136 449.9203
2.5400 48.4449 25.2481 1.8446 9.6884 0.4574 1026.1044
2.5600 48.3906 25.4341 1.8606 9.6656 0.8000 2753.8472
2.5800 48.3338 25.6189 1.8769 9.6994 0.8000 6500.9941
2.6000 48.2744 25.8036 1.8935 9.6873 0.4122 1622.6836
2.6200 48.2125 25.9872 1.9104 9.6754 0.3958 1543.6313
2.6400 48.1480 26.1696 1.9275 9.7222 -0.0263 3624.5132
2.6600 48.0833 26.3530 1.9427 9.6646 0.5419 -760.0315
2.6800 48.0162 26.5344 1.9581 9.6247 0.2411 -1540.4600
2.7000 47.9472 26.7141 1.9736 9.5740 0.6570 417.3453
2.7200 47.8758 26.8918 1.9892 9.5548 -0.0640 -894.2495
2.7400 47.8046 27.0693 2.0029 9.5804 0.1310 2717.7114
2.7600 47.7313 27.2465 2.0162 9.5658 0.3366 1404.2479
2.7800 47.6555 27.4223 2.0296 9.5895 0.5053 5072.1953
2.8000 47.5771 27.5975 2.0433 9.5513 0.3406 -342.3461
2.8200 47.4963 27.7707 2.0571 9.5989 -0.0360 4051.2432
2.8400 47.4148 27.9448 2.0692 9.5642 0.2284 -858.3252
2.8600 47.3313 28.1171 2.0814 9.5825 0.2364 3133.2632
2.8800 47.2451 28.2885 2.0937 9.5822 0.1305 868.9328
2.9000 47.1571 28.4589 2.1057 9.5957 0.1373 1961.9070
2.9200 47.0669 28.6286 2.1174 9.6461 0.1982 5186.3965
2.9400 46.9740 28.7979 2.1291 9.6275 0.3099 939.2764
2.9600 46.8789 28.9655 2.1411 9.5994 0.6656 2236.0454
2.9800 46.7816 29.1312 2.1533 9.5793 0.2633 418.9790
3.0000 46.6821 29.2951 2.1656 9.5959 0.3977 3987.7141
3.0200 46.5802 29.4578 2.1782 9.5729 -0.2707 330.8788
3.0400 46.4789 29.6206 2.1884 9.5332 0.5524 826.4588
3.0600 46.3758 29.7812 2.1990 9.5203 0.3101 1340.6086
3.0800 46.2704 29.9400 2.2097 9.5122 0.8000 4167.2231
3.1000 46.1629 30.0971 2.2207 9.5116 0.3462 2431.2551
3.1200 46.0531 30.2526 2.2320 9.4601 0.2810 -1864.5620
3.1400 45.9417 30.4057 2.2434 9.4786 0.1334 2128.4492
3.1600 45.8285 30.5579 2.2547 9.4957 0.0794 1695.0986
3.1800 45.7138 30.7094 2.2653 9.4505 0.8000 1539.5508
3.2000 45.5975 30.8585 2.2761 9.4273 -0.4993 1611.6716
3.2200 45.4819 31.0077 2.2848 9.4580 -0.0322 2651.1790
3.2400 45.3655 31.1572 2.2923 9.4644 0.2116 1999.0518
3.2600 45.2470 31.3050 2.2999 9.5034 0.1515 3913.1289
3.2800 45.1262 31.4520 2.3076 9.5438 -0.2703 4861.8086
3.3000 45.0054 31.6001 2.3134 9.5269 -0.4012 1487.7168
3.3200 44.8853 31.7485 2.3170 9.5319 0.2371 2025.9160
3.3400 44.7632 31.8953 2.3211 9.4818 0.8000 1072.8171
3.3600 44.6399 32.0396 2.3256 9.4933 0.5335 4157.3188
3.3800 44.5146 32.1824 2.3307 9.5328 0.0216 3111.8767
3.4000 44.3880 32.3251 2.3352 9.5335 -0.0143 169.3218
3.4200 44.2609 32.4674 2.3390 9.5280 0.4333 2383.7268
3.4400 44.1321 32.6079 2.3435 9.5862 0.0936 4781.0083
3.4600 44.0014 32.7482 2.3480 9.5965 0.2281 2199.2202
3.4800 43.8689 32.8871 2.3531 9.5995 -0.7593 4505.0337
3.5000 43.7371 33.0267 2.3564 9.6131 0.4446 3776.6189
3.5200 43.6034 33.1650 2.3605 9.6525 -0.0107 3017.4453
3.5400 43.4690 33.3037 2.3639 9.6462 0.4637 2445.4023
3.5600 43.3331 33.4406 2.3680 9.7228 -0.2223 6973.4956
3.5800 43.1968 33.5793 2.3707 9.7143 0.0785 -333.4142
3.6000 43.0596 33.7169 2.3736 9.7394 0.1330 2523.3875
3.6200 42.9209 33.8537 2.3769 9.7499 0.1929 1873.5291
3.6400 42.7807 33.9893 2.3810 9.7490 0.2356 1338.6311
3.6600 42.6392 34.1234 2.3858 9.7726 -0.3469 3879.8965
3.6800 42.4982 34.2587 2.3890 9.7558 -0.2213 106.8797
3.7000 42.3582 34.3947 2.3907 9.7907 -0.0443 2715.2395
3.7200 42.2178 34.5312 2.3917 9.7147 0.8000 -1010.6617
3.7400 42.0770 34.6652 2.3937 9.7585 0.0156 3316.7668
3.7600 41.9353 34.7994 2.3955 9.8034 -0.3337 5333.5454
3.7800 41.7938 34.9352 2.3959 9.7703 0.4645 452.1165
3.8000 41.6514 35.0690 2.3974 9.7083 0.2566 -3074.9016
3.8200 41.5087 35.2006 2.3998 9.7201 0.1085 1282.4393
3.8400 41.3649 35.3315 2.4026 9.7401 -0.7275 5444.6562
3.8600 41.2218 35.4636 2.4042 9.7355 0.1743 604.9373
3.8800 41.0776 35.5945 2.4065 9.7253 -0.1510 30.2212
3.9000 40.9343 35.7261 2.4076 9.7214 0.1295 305.7146
3.9200 40.7902 35.8565 2.4095 9.7275 0.3334 2556.6113
3.9400 40.6447 35.9857 2.4123 9.6860 0.4814 -98.5579
3.9600 40.4985 36.1128 2.4163 9.6346 0.7796 695.9248
3.9800 40.3518 36.2378 2.4213 9.5888 -0.3876 -1037.6307
4.0000 40.2067 36.3633 2.4249 9.6181 0.0357 2193.5627
4.0200 40.0611 36.4889 2.4282 9.5912 -0.2681 -323.5311
4.0400 39.9167 36.6152 2.4301 9.5805 0.2126 443.1082
4.0600 39.7714 36.7401 2.4329 9.5690 0.2315 497.6747
4.0800 39.6250 36.8634 2.4366 9.5709 0.1831 1035.4783
4.1000 39.4776 36.9855 2.4411 9.6121 -0.0136 3081.2109
4.1200 39.3297 37.1084 2.4448 9.6082 0.3854 2117.4771
4.1400 39.1807 37.2297 2.4496 9.6320 -0.1893 2871.3718
4.1600 39.0321 37.3524 2.4529 9.6039 -0.8000 2495.7722
4.1800 38.8849 37.4757 2.4547 9.5601 0.7836 1320.4939
4.2000 38.7371 37.5970 2.4575 9.5942 -0.0368 2641.3999
4.2200 38.5889 37.7190 2.4596 9.6145 0.0062 1530.9197
4.2400 38.4403 37.8410 2.4615 9.6510 0.0714 2937.9949
4.2600 38.2905 37.9627 2.4637 9.6441 -0.6384 3261.0271
4.2800 38.1418 38.0855 2.4644 9.6663 -0.3158 3613.6201
4.3000 37.9935 38.2097 2.4637 9.6950 0.1460 2916.6624
4.3200 37.8439 38.3330 2.4639 9.6933 -0.1124 311.1061
4.3400 37.6948 38.4570 2.4632 9.7368 -0.2359 4593.5508
4.3600 37.5459 38.5825 2.4612 9.7451 -0.2627 2156.3962
4.3800 37.3978 38.7094 2.4581 9.7281 0.2437 217.8309
4.4000 37.2489 38.8347 2.4561 9.7103 -0.8000 3194.9036
4.4200 37.1014 38.9610 2.4529 9.7544 0.0552 3458.2986
4.4400 36.9525 39.0872 2.4504 9.7681 -0.0861 1211.3372
4.4600 36.8039 39.2140 2.4475 9.7674 0.3614 2193.3855
4.4800 36.6543 39.3396 2.4459 9.7987 -0.1613 3134.7153
4.5000 36.5051 39.4667 2.4435 9.8112 0.0996 1363.3083
4.5200 36.3550 39.5931 2.4421 9.8348 0.2521 3303.3508
4.5400 36.2036 39.7187 2.4419 9.8499 0.2289 2493.5217
4.5600 36.0510 39.8433 2.4430 9.8614 -0.0090 860.6365
4.5800 35.8985 39.9684 2.4439 9.8163 -0.3464 -1177.8916
4.6000 35.7479 40.0943 2.4436 9.7545 0.5792 -1065.8113
4.6200 35.5971 40.2181 2.4445 9.7948 -0.1371 3691.0840
4.6400 35.4466 40.3435 2.4446 9.8146 0.0404 1556.2939
4.6600 35.2955 40.4688 2.4450 9.8446 -0.0872 2567.9497
4.6800 35.1446 40.5953 2.4448 9.8288 -0.2508 367.5243
4.7000 34.9950 40.7228 2.4433 9.8363 0.2552 2147.9500
4.7200 34.8443 40.8492 2.4431 9.8213 -0.2797 641.5545
4.7400 34.6948 40.9767 2.4417 9.8394 0.2973 3202.7490
4.7600 34.5441 41.1032 2.4415 9.8558 -0.2850 2997.6541
4.7800 34.3942 41.2312 2.4401 9.8750 -0.1411 2066.0217
4.8000 34.2448 41.3604 2.4380 9.8769 0.2184 1459.5535
4.8200 34.0944 41.4884 2.4371 9.8634 -0.2665 646.8724
4.8400 33.9453 41.6176 2.4350 9.8870 0.3454 3873.8464
4.8600 33.7948 41.7459 2.4342 9.9054 0.0923 1725.5168
4.8800 33.6434 41.8737 2.4342 9.9021 -0.2645 1409.8040
4.9000 33.4933 42.0029 2.4331 9.8783 -0.6290 2012.8972
4.9200 33.3447 42.1331 2.4307 9.9232 -0.0071 3343.0293
4.9400 33.1953 42.2637 2.4287 9.8778 0.3565 -1139.6276
4.9600 33.0455 42.3926 2.4279 9.8814 -0.3344 2374.6699
4.9800 32.8969 42.5228 2.4261 9.8716 0.1039 -285.0065
5.0000 32.7477 42.6521 2.4251 9.8865 -0.1553 1893.5417
5.0200 32.5992 42.7828 2.4233 9.9130 -0.1918 3008.1914
5.0400 32.4514 42.9149 2.4206 9.8561 0.8000 402.7438
5.0600 32.3034 43.0450 2.4192 9.8597 -0.2403 1718.3771
5.0800 32.1564 43.1766 2.4168 9.8773 -0.0738 1467.5634
5.1000 32.0097 43.3089 2.4141 9.9005 -0.0216 1718.0210
5.1200 31.8627 43.4415 2.4115 9.9073 0.1623 1397.6412
5.1400 31.7147 43.5733 2.4102 9.8920 0.4409 1628.3955
5.1600 31.5659 43.7037 2.4103 9.8565 -0.4683 283.9092
5.1800 31.4189 43.8351 2.4092 9.8542 -0.4403 2564.7339
5.2000 31.2732 43.9677 2.4070 9.8667 0.3812 3284.1470
5.2200 31.1262 44.0994 2.4062 9.8352 -0.2345 -933.4814
5.2400 30.9809 44.2320 2.4043 9.8667 -0.1743 3235.2383
5.2600 30.8362 44.3661 2.4015 9.9150 -0.0520 3664.4229
5.2800 30.6910 44.5012 2.3987 9.8773 0.3432 -646.6912
5.3000 30.5453 44.6346 2.3972 9.8360 0.5209 161.0729
5.3200 30.3991 44.7663 2.3971 9.8429 0.2265 1851.8918
5.3400 30.2519 44.8971 2.3983 9.8957 0.0572 4023.7358
5.3600 30.1037 45.0283 2.3999 9.8733 -0.2388 -198.3401
5.3800 29.9571 45.1606 2.4004 9.8380 0.4544 219.5629
5.4000 29.8098 45.2911 2.4021 9.7616 0.8000 -1070.9250
5.4200 29.6625 45.4193 2.4052 9.8128 0.0979 4024.6250
5.4400 29.5141 45.5478 2.4087 9.8300 0.2310 2502.8560
5.4600 29.3644 45.6753 2.4132 9.8614 -0.0445 2433.6526
5.4800 29.2148 45.8039 2.4169 9.8588 0.1853 660.1113
5.5000 29.0643 45.9314 2.4214 9.8270 -0.2127 -1131.1890
5.5200 28.9153 46.0596 2.4246 9.8193 0.4491 2205.0278
5.5400 28.7652 46.1863 2.4289 9.8149 0.3080 1534.8727
5.5600 28.6139 46.3114 2.4341 9.7912 -0.6102 1848.4635
5.5800 28.4640 46.4374 2.4380 9.7058 0.8000 -1786.3892
5.6000 28.3141 46.5608 2.4428 9.7281 0.2280 2863.5950
5.6200 28.1628 46.6831 2.4484 9.7416 0.2252 2134.4067
5.6400 28.0101 46.8042 2.4548 9.7119 0.3640 -26.7200
5.6600 27.8566 46.9234 2.4622 9.7490 0.1967 3502.5171
5.6800 27.7016 47.0418 2.4701 9.7379 0.5996 2631.7988
5.7000 27.5455 47.1583 2.4788 9.7207 0.8000 3072.0046
5.7200 27.3884 47.2730 2.4884 9.7130 0.5005 2287.3999
5.7400 27.2301 47.3858 2.4987 9.7173 0.2733 1532.3646
5.7600 27.0706 47.4970 2.5097 9.7222 0.4631 2943.8728
5.7800 26.9097 47.6065 2.5213 9.7315 0.0407 292.3198
5.8000 26.7488 47.7161 2.5319 9.6729 0.6462 -635.4888
5.8200 26.5875 47.8230 2.5432 9.6006 0.8000 -936.9050
5.8400 26.4261 47.9271 2.5550 9.6090 0.5152 3512.9460
5.8600 26.2633 48.0293 2.5675 9.6078 0.1895 325.1052
5.8800 26.0996 48.1300 2.5799 9.6855 0.0173 5566.5293
5.9000 25.9347 48.2317 2.5911 9.6739 0.5022 2165.3101
5.9200 25.7687 48.3311 2.6028 9.6617 0.1489 -598.3965
5.9400 25.6021 48.4290 2.6142 9.6639 0.2254 1207.2635
5.9600 25.4344 48.5251 2.6259 9.6852 0.1818 2238.9189
5.9800 25.2654 48.6198 2.6376 9.6824 0.4298 2424.3918
6.0000 25.0952 48.7122 2.6497 9.6950 -0.0239 987.7830
6.0200 24.9249 48.8049 2.6603 9.7216 -0.1221 2712.1787
6.0400 24.7543 48.8983 2.6691 9.7147 0.4789 2560.9009
6.0600 24.5827 48.9895 2.6783 9.7086 0.3682 1971.6770
6.0800 24.4100 49.0782 2.6879 9.7736 0.2022 5929.5503
6.1000 24.2352 49.1657 2.6978 9.7990 -0.0158 2018.9310
6.1200 24.0598 49.2533 2.7064 9.7547 0.8000 1462.0632
6.1400 23.8842 49.3382 2.7154 9.7775 0.2777 3456.9832
6.1600 23.7070 49.4211 2.7249 9.7568 -0.3513 772.6648
6.1800 23.5306 49.5047 2.7323 9.8044 0.1357 4279.8662
6.2000 23.3525 49.5869 2.7398 9.8391 0.1701 3554.1792
6.2200 23.1729 49.6674 2.7475 9.8166 0.3915 917.0284
6.2400 22.9928 49.7454 2.7558 9.8011 0.5145 2101.8760
6.2600 22.8119 49.8210 2.7645 9.7643 0.5229 566.1588
6.2800 22.6307 49.8939 2.7738 9.7424 0.4485 1218.2971
6.3000 22.4491 49.9644 2.7837 9.7919 0.1149 4007.4036
6.3200 22.2659 50.0338 2.7933 9.7861 0.1500 155.5151
6.3400 22.0823 50.1016 2.8029 9.7829 -0.4431 2544.6648
6.3600 21.8990 50.1701 2.8105 9.7854 0.8000 4678.1270
6.3800 21.7149 50.2365 2.8186 9.8091 -0.0824 2216.8076
6.4000 21.5304 50.3033 2.8252 9.7586 0.8000 1003.9150
6.4200 21.3460 50.3674 2.8323 9.7121 -0.5180 -149.3871
6.4400 21.1628 50.4322 2.8375 9.7276 0.2946 3101.9868
6.4600 20.9785 50.4948 2.8432 9.7428 0.0958 1564.2136
6.4800 20.7935 50.5559 2.8490 9.7587 0.0811 1505.7361
6.5000 20.6076 50.6158 2.8546 9.7602 -0.1290 821.0663
6.5200 20.4220 50.6763 2.8587 9.7851 0.3136 3873.5930
6.5400 20.2351 50.7347 2.8634 9.7737 0.8000 3713.8655
6.5600 20.0479 50.7908 2.8688 9.7900 -0.0077 1285.6281
6.5800 19.8602 50.8468 2.8733 9.7327 -0.6011 -543.2089
6.6000 19.6740 50.9037 2.8761 9.7879 -0.1238 4697.6172
6.6200 19.4868 50.9613 2.8776 9.7587 0.4783 851.3438
6.6400 19.2996 51.0166 2.8799 9.7481 0.4540 2077.6348
6.6600 19.1120 51.0697 2.8830 9.7759 -0.0422 2206.1665
6.6800 18.9238 51.1231 2.8853 9.7790 0.2836 2045.0616
6.7000 18.7351 51.1744 2.8885 9.8072 -0.1042 2571.4080
6.7200 18.5460 51.2266 2.8904 9.8375 0.3421 4362.0796
6.7400 18.3558 51.2770 2.8933 9.8544 -0.0920 1644.4485
6.7600 18.1654 51.3281 2.8950 9.8367 -0.8000 3234.4509
6.7800 17.9757 51.3805 2.8953 9.8610 -0.0809 2031.2949
6.8000 17.7857 51.4333 2.8948 9.8407 0.6543 2385.8374
6.8200 17.5955 51.4841 2.8953 9.8326 0.4393 2142.5549
6.8400 17.4050 51.5330 2.8968 9.8392 -0.1589 1325.1896
6.8600 17.2147 51.5831 2.8971 9.8555 0.3729 3525.1201
6.8800 17.0236 51.6315 2.8985 9.8659 0.2369 2207.2920
6.9000 16.8319 51.6781 2.9009 9.9312 -0.0072 4895.2847
6.9200 16.6389 51.7252 2.9028 9.9339 0.2510 1723.9705
6.9400 16.4455 51.7706 2.9058 9.9499 -0.1305 1847.2115
6.9600 16.2520 51.8172 2.9077 9.9620 -0.0205 941.9954
6.9800 16.0584 51.8640 2.9091 9.9832 -0.0373 1662.7872
7.0000 15.8644 51.9113 2.9100 9.9691 -0.2404 421.8097
7.0200 15.6710 51.9599 2.9095 9.9246 -0.6870 792.4790
7.0400 15.4789 52.0099 2.9077 9.9277 -0.0272 191.8291
7.0600 15.2866 52.0597 2.9058 9.8855 -0.3490 -967.6392
7.0800 15.0956 52.1109 2.9026 9.9097 -0.1298 2192.5720
7.1000 14.9043 52.1631 2.8988 9.8769 0.5794 1025.5226
7.1200 14.7133 52.2135 2.8962 9.8547 0.1080 -1172.4500
7.1400 14.5224 52.2625 2.8946 9.8505 0.0230 -283.6216
7.1600 14.3315 52.3112 2.8934 9.8548 0.0302 377.3002
7.1800 14.1404 52.3595 2.8926 9.8202 0.2201 -1278.8860
7.2000 13.9496 52.4062 2.8931 9.8239 0.0788 493.1277
7.2200 13.7586 52.4522 2.8941 9.8276 -0.0852 602.3831
7.2400 13.5677 52.4993 2.8945 9.7917 -0.1008 -2282.4702
7.2600 13.3779 52.5473 2.8941 9.7690 0.5340 1601.4591
7.2800 13.1881 52.5936 2.8950 9.7824 -0.0603 1180.5781
7.3000 12.9982 52.6407 2.8953 9.7696 0.0804 -713.7508
7.3200 12.8083 52.6870 2.8962 9.7338 0.2557 -1120.0267
7.3400 12.6188 52.7315 2.8983 9.7385 0.5411 3572.4995
7.3600 12.4288 52.7744 2.9016 9.7527 0.0002 1010.5809
7.3800 12.2386 52.8178 2.9045 9.7724 -0.2323 2877.9648
7.4000 12.0484 52.8628 2.9061 9.7214 0.2875 -2038.4779
7.4200 11.8587 52.9058 2.9089 9.6875 0.6185 1211.4392
7.4400 11.6694 52.9468 2.9128 9.7074 -0.2332 2883.9233
7.4600 11.4799 52.9895 2.9153 9.7024 -0.1765 627.5938
7.4800 11.2909 53.0335 2.9167 9.7354 0.1268 3031.9971
7.5000 11.1010 53.0763 2.9187 9.7570 -0.4630 4369.0366
7.5200 10.9110 53.1207 2.9193 9.7344 -0.6270 2091.9834
7.5400 10.7217 53.1665 2.9186 9.7387 0.2900 2148.8765
7.5600 10.5320 53.2105 2.9190 9.7590 -0.2369 2946.1257
7.5800 10.3422 53.2561 2.9182 9.7507 -0.2544 916.2852
7.6000 10.1529 53.3032 2.9161 9.7867 0.0546 2856.9058
7.6200 9.9627 53.3494 2.9146 9.7740 -0.4413 1801.1172
7.6400 9.7731 53.3973 2.9119 9.7956 0.4582 4309.4600
7.6600 9.5828 53.4437 2.9103 9.8180 -0.8000 5859.4854
7.6800 9.3924 53.4917 2.9077 9.8643 0.3038 5236.1309
7.7000 9.2007 53.5385 2.9062 9.8515 -0.4267 1715.3762
7.7200 9.0097 53.5869 2.9036 9.8713 -0.1130 1838.9109
7.7400 8.8185 53.6364 2.9004 9.8598 0.1903 254.1107
7.7600 8.6273 53.6843 2.8985 9.8571 0.4040 2316.6609
7.7800 8.4357 53.7308 2.8980 9.8709 -0.0665 1226.0812
7.8000 8.2440 53.7781 2.8970 9.8952 -0.4219 4355.7754
7.8200 8.0523 53.8273 2.8949 9.8983 0.0173 247.9265
7.8400 7.8605 53.8762 2.8932 9.8890 -0.1163 -240.5380
7.8600 7.6691 53.9261 2.8909 9.8791 -0.3287 1330.5503
7.8800 7.4784 53.9779 2.8875 9.8939 -0.0220 1060.5244
7.9000 7.2874 54.0296 2.8843 9.8887 0.5991 3165.2063
7.9200 7.0961 54.0799 2.8826 9.8575 -0.5968 1309.8768
7.9400 6.9059 54.1319 2.8797 9.8783 -0.1134 1946.0876
7.9600 6.7156 54.1850 2.8763 9.8653 0.3166 1022.9056
7.9800 6.5252 54.2366 2.8743 9.9166 0.0872 4172.9502
8.0000 6.3335 54.2877 2.8733 9.9153 0.1664 792.2375
8.0200 6.1416 54.3376 2.8734 9.8862 0.8000 2425.7983
8.0400 5.9498 54.3859 2.8749 9.8730 0.4388 1735.9695
8.0600 5.7579 54.4325 2.8778 9.8780 0.0264 294.9448
8.0800 5.5659 54.4795 2.8805 9.9515 0.0874 5642.4531
8.1000 5.3724 54.5263 2.8837 9.9322 0.2015 -472.2575
8.1200 5.1790 54.5718 2.8879 9.9356 0.4462 2924.3037
8.1400 4.9850 54.6155 2.8933 9.8678 0.8000 -526.1113
8.1600 4.7920 54.6571 2.8998 9.8638 -0.3032 1468.6716
8.1800 4.5994 54.7002 2.9049 9.8358 0.5301 1108.8127
8.2000 4.4069 54.7412 2.9110 9.8152 0.7867 2854.0894
8.2200 4.2145 54.7803 2.9182 9.8036 0.2225 68.4606
8.2400 4.0219 54.8177 2.9261 9.7841 0.4506 1192.7629
8.2600 3.8293 54.8529 2.9349 9.7871 0.4129 2573.5396
8.2800 3.6363 54.8861 2.9445 9.8073 -0.1347 2070.5093
8.3000 3.4431 54.9206 2.9526 9.8018 0.0861 -472.7729
8.3200 3.2500 54.9543 2.9604 9.8288 0.4205 4448.4683
8.3400 3.0559 54.9860 2.9690 9.8258 0.0001 -348.0130
8.3600 2.8620 55.0180 2.9765 9.8645 0.0452 2829.3052
8.3800 2.6673 55.0496 2.9834 9.8285 0.5008 418.2151
8.4000 2.4729 55.0789 2.9911 9.8442 0.1448 1637.9268
8.4200 2.2780 55.1068 2.9990 9.8145 0.8000 2338.5156
8.4400 2.0834 55.1323 3.0075 9.7981 0.8000 3235.6321
8.4600 1.8888 55.1555 3.0168 9.7478 0.4325 -1144.4099
8.4800 1.6949 55.1762 3.0267 9.7243 0.8000 2696.2134
8.5000 1.5012 55.1945 3.0373 9.6972 0.4528 663.8228
8.5200 1.3079 55.2104 3.0486 9.7162 0.4293 3843.0952
8.5400 1.1140 55.2240 3.0604 9.7073 0.2130 45.9562
8.5600 0.9201 55.2357 3.0724 9.7869 0.3030 7334.5225
8.5800 0.7246 55.2454 3.0848 9.7993 0.2829 2312.8398
8.6000 0.5287 55.2529 3.0976 9.7881 0.3735 1312.8286
8.6200 0.3330 55.2579 3.1109 9.8178 0.2429 3206.0327
8.6400 0.1366 55.2608 3.1243 9.7853 0.5925 1042.0352
8.6600 -0.0591 55.2610 3.1382 9.7566 0.5574 1133.5073
8.6800 -0.2542 55.2586 3.1526 9.7488 0.4368 1977.9548
8.7000 -0.4492 55.2536 3.1674 9.7374 0.4481 1796.3091
8.7200 -0.6438 55.2459 3.1825 9.7702 0.2303 3313.5552
8.7400 -0.8390 55.2361 3.1977 9.8291 0.0614 4197.6758
8.7600 -1.0353 55.2258 3.2116 9.8221 0.2837 1139.0026
8.7800 -1.2313 55.2128 3.2258 9.8175 -0.3573 1957.4985
8.8000 -1.4273 55.2006 3.2378 9.8331 0.2751 2982.9111
8.8200 -1.6234 55.1858 3.2500 9.8205 0.1555 -153.0795
8.8400 -1.8192 55.1689 3.2620 9.8258 -0.2402 2108.9036
8.8600 -2.0152 55.1527 3.2719 9.8136 0.2366 757.3405
8.8800 -2.2107 55.1339 3.2820 9.7793 0.4328 427.8350
8.9000 -2.4052 55.1125 3.2925 9.8118 0.2786 4310.3501
8.9200 -2.6000 55.0884 3.3032 9.8435 0.1781 3440.3569
8.9400 -2.7951 55.0620 3.3139 9.8690 0.0991 2382.3750
8.9600 -2.9906 55.0338 3.3242 9.8442 0.8000 2936.2913
8.9800 -3.1851 55.0030 3.3349 9.8779 -0.0697 3007.1309
9.0000 -3.3804 54.9722 3.3439 9.8843 -0.1748 1716.5035
9.0200 -3.5760 54.9419 3.3510 9.8593 0.3530 635.2927
9.0400 -3.7706 54.9090 3.3584 9.8519 -0.3237 1738.6140
9.0600 -3.9653 54.8769 3.3637 9.8545 0.2314 1832.1010
9.0800 -4.1595 54.8423 3.3694 9.8007 0.4483 -1016.6329
9.1000 -4.3522 54.8054 3.3756 9.7807 0.3057 625.2578
9.1200 -4.5439 54.7660 3.3822 9.8155 -0.1748 3710.4763
9.1400 -4.7364 54.7270 3.3871 9.8314 0.0488 1468.5129
9.1600 -4.9290 54.6866 3.3917 9.8435 0.0589 1205.5792
9.1800 -5.1215 54.6445 3.3962 9.8526 -0.0785 1028.1021
9.2000 -5.3141 54.6025 3.3995 9.8742 0.1809 2752.4355
9.2200 -5.5067 54.5582 3.4032 9.8694 0.0403 -188.7562
9.2400 -5.6989 54.5127 3.4068 9.9038 0.0025 2661.6953
9.2600 -5.8915 54.4664 3.4099 9.8917 -0.1779 102.8699
9.2800 -6.0842 54.4208 3.4114 9.9304 -0.0626 3042.0132
9.3000 -6.2776 54.3750 3.4122 9.9491 -0.0434 1447.2651
9.3200 -6.4712 54.3287 3.4124 9.9042 0.1005 -2889.5303
9.3400 -6.6636 54.2811 3.4131 9.8665 -0.6142 942.1602
9.3600 -6.8555 54.2349 3.4121 9.8981 0.1724 3348.5957
9.3800 -7.0476 54.1867 3.4120 9.9436 -0.0696 3547.0479
9.4000 -7.2406 54.1385 3.4113 9.9129 -0.5100 865.4056
9.4200 -7.4334 54.0919 3.4091 9.9132 0.0501 159.8202
9.4400 -7.6259 54.0442 3.4074 9.8929 0.4342 1186.7421
9.4600 -7.8175 53.9948 3.4068 9.9164 0.0042 1760.6101
9.4800 -8.0095 53.9448 3.4063 9.8817 -0.3525 -354.5366
9.5000 -8.2012 53.8966 3.4045 9.8162 -0.8000 -248.3513
9.5200 -8.3921 53.8504 3.4014 9.8364 0.0413 1599.2664
9.5400 -8.5831 53.8032 3.3989 9.8051 0.1713 -1380.9617
9.5600 -8.7731 53.7547 3.3975 9.8196 0.2655 2726.9658
9.5800 -8.9630 53.7045 3.3974 9.8490 -0.0500 2322.1270
9.6000 -9.1536 53.6548 3.3969 9.8387 -0.0008 -773.7093
9.6200 -9.3440 53.6052 3.3965 9.8097 0.5904 1439.7218
9.6400 -9.5334 53.5540 3.3973 9.7982 0.1554 -112.6179
9.6600 -9.7223 53.5017 3.3991 9.8398 0.1031 3421.0095
9.6800 -9.9117 53.4484 3.4015 9.8830 0.1065 3533.5513
9.7000 -10.1018 53.3941 3.4045 9.8936 0.1180 1145.4303
9.7200 -10.2918 53.3388 3.4081 9.9044 0.1208 1145.0137
9.7400 -10.4818 53.2825 3.4122 9.9037 -0.6045 3460.7266
9.7600 -10.6722 53.2277 3.4150 9.9074 0.0059 257.0934
9.7800 -10.8626 53.1731 3.4174 9.8957 0.0999 -567.7224
9.8000 -11.0526 53.1175 3.4204 9.8316 0.4553 -1987.7709
9.8200 -11.2408 53.0604 3.4244 9.8616 -0.0057 2216.6169
9.8400 -11.4297 53.0036 3.4278 9.8755 0.2153 2207.1423
9.8600 -11.6183 52.9450 3.4322 9.9015 -0.0945 2338.6726
9.8800 -11.8077 52.8873 3.4354 9.9391 -0.3529 4907.4053
9.9000 -11.9983 52.8306 3.4373 9.9233 -0.2673 507.0583
9.9200 -12.1890 52.7755 3.4377 9.9012 -0.5435 1702.7969
9.9400 -12.3796 52.7219 3.4366 9.9059 -0.1994 1395.7469
9.9600 -12.5708 52.6695 3.4344 9.8877 0.2263 21.4552
9.9800 -12.7610 52.6155 3.4333 9.8681 0.3600 813.7751
10.0000 -12.9504 52.5598 3.4333 9.8670 -0.2335 1324.8787
10.0200 -13.1402 52.5056 3.4321 9.8912 -0.0580 1897.2877
10.0400 -13.3305 52.4516 3.4305 9.9190 0.1047 2544.4167
10.0600 -13.5210 52.3963 3.4298 9.8742 -0.6272 467.5970
10.0800 -13.7112 52.3429 3.4278 9.8779 0.0532 431.8281
10.1000 -13.9011 52.2886 3.4265 9.8807 0.0418 308.6326
10.1200 -14.0910 52.2338 3.4256 9.8923 -0.1759 1790.3052
10.1400 -14.2815 52.1802 3.4238 9.8880 -0.3364 1793.3652
10.1600 -14.4723 52.1284 3.4207 9.8944 0.0925 862.6152
10.1800 -14.6630 52.0755 3.4186 9.9027 0.3386 2736.1292
10.2000 -14.8534 52.0210 3.4179 9.8813 -0.8000 2963.5149
10.2200 -15.0439 51.9683 3.4159 9.8553 0.3246 126.1357
10.2400 -15.2334 51.9142 3.4154 9.9029 -0.1413 4240.4463
10.2600 -15.4243 51.8611 3.4140 9.8782 0.4732 1113.5370
10.2800 -15.6142 51.8066 3.4140 9.8725 -0.2844 1379.1023
10.3000 -15.8044 51.7539 3.4128 9.8886 0.2460 2707.6458
10.3200 -15.9946 51.6996 3.4129 9.9002 0.2194 2153.0332
10.3400 -16.1846 51.6438 3.4142 9.8464 -0.8000 639.1758
10.3600 -16.3741 51.5900 3.4143 9.8428 -0.1719 660.5367
10.3800 -16.5638 51.5377 3.4134 9.8143 0.5225 1116.0377
10.4000 -16.7526 51.4839 3.4137 9.8568 0.0283 3212.8062
10.4200 -16.9421 51.4297 3.4143 9.8058 -0.8000 855.4646
10.4400 -17.1312 51.3774 3.4137 9.8251 0.0348 1507.5291
10.4600 -17.3204 51.3246 3.4134 9.8347 -0.2862 2506.7014
10.4800 -17.5104 51.2734 3.4120 9.8430 0.2059 1841.0940
10.5000 -17.7000 51.2206 3.4117 9.7912 0.5054 -717.2912
10.5200 -17.8882 51.1665 3.4127 9.8057 0.2358 2466.8142
10.5400 -18.0763 51.1108 3.4149 9.8238 -0.2094 2596.9131
10.5600 -18.2651 51.0565 3.4160 9.7986 0.3560 382.4093
10.5800 -18.4530 51.0007 3.4182 9.7811 -0.3873 1124.1517
10.6000 -18.6410 50.9467 3.4192 9.8048 0.0607 1910.3434
10.6200 -18.8293 50.8919 3.4205 9.7585 -0.6405 425.8553
10.6400 -19.0171 50.8389 3.4206 9.7866 -0.2868 3858.0029
10.6600 -19.2060 50.7873 3.4194 9.7975 0.0025 813.0972
10.6800 -19.3949 50.7354 3.4184 9.8244 0.0664 2224.7668
10.7000 -19.5841 50.6824 3.4179 9.8477 -0.1200 2248.1355
10.7200 -19.7741 50.6304 3.4167 9.7808 0.8000 -331.5604
10.7400 -19.9623 50.5771 3.4168 9.7775 -0.1865 793.9794
10.7600 -20.1509 50.5252 3.4157 9.7838 0.1698 1407.1243
10.7800 -20.3391 50.4719 3.4157 9.8197 0.0909 3011.8530
10.8000 -20.5279 50.4175 3.4165 9.7886 0.4929 750.5513
10.8200 -20.7155 50.3616 3.4185 9.7932 -0.3742 2668.4438
10.8400 -20.9037 50.3074 3.4192 9.8148 -0.0271 1660.8948
10.8600 -21.0924 50.2534 3.4196 9.8507 -0.4638 5360.0063
10.8800 -21.2823 50.2007 3.4189 9.8431 -0.2907 1257.2378
10.9000 -21.4724 50.1497 3.4169 9.7954 -0.3753 -1215.4852
10.9200 -21.6621 50.1006 3.4136 9.8184 -0.2626 3204.3477
10.9400 -21.8527 50.0529 3.4093 9.8288 0.2867 2507.6794
10.9600 -22.0430 50.0036 3.4063 9.8469 0.1345 2038.2422
10.9800 -22.2334 49.9530 3.4043 9.8389 0.7381 3621.9255
11.0000 -22.4231 49.9009 3.4037 9.8577 0.0610 1567.7087
11.0200 -22.6131 49.8482 3.4037 9.7877 0.8000 -566.0560
11.0400 -22.8013 49.7943 3.4051 9.7943 0.0265 478.2576
11.0600 -22.9897 49.7404 3.4066 9.8186 0.3633 4016.1147
11.0800 -23.1781 49.6848 3.4092 9.8550 0.1438 3261.1099
11.1000 -23.3669 49.6280 3.4127 9.8785 -0.1007 2187.7739
11.1200 -23.5565 49.5724 3.4152 9.9036 0.3455 3961.7771
11.1400 -23.7461 49.5150 3.4188 9.8790 0.3768 500.8311
11.1600 -23.9347 49.4559 3.4237 9.8139 0.8000 -283.3757
11.1800 -24.1215 49.3954 3.4296 9.7905 0.4774 1101.3584
11.2000 -24.3073 49.3332 3.4366 9.8440 0.0443 3769.0383
11.2200 -24.4941 49.2709 3.4432 9.8096 0.3092 -823.6208
11.2400 -24.6797 49.2069 3.4506 9.8051 0.6255 3204.6711
11.2600 -24.8645 49.1411 3.4590 9.7661 0.8000 1531.6805
11.2800 -25.0479 49.0735 3.4683 9.6610 0.8000 -3614.5222
11.3000 -25.2286 49.0046 3.4784 9.6768 0.3620 3101.7971
11.3200 -25.4088 48.9337 3.4893 9.7016 0.1546 1886.1956
11.3400 -25.5890 48.8615 3.5001 9.7192 0.4490 3774.5842
11.3600 -25.7688 48.7872 3.5117 9.6770 0.8000 1222.6315
11.3800 -25.9468 48.7110 3.5239 9.6703 0.4118 1766.5249
11.4000 -26.1237 48.6326 3.5367 9.6889 0.5323 4220.5542
11.4200 -26.3001 48.5520 3.5502 9.6909 0.2520 999.0800
11.4400 -26.4756 48.4696 3.5638 9.6851 -0.0082 -708.0404
11.4600 -26.6511 48.3876 3.5759 9.7289 0.2956 4789.2207
11.4800 -26.8264 48.3032 3.5884 9.6967 -0.3074 -566.2644
11.5000 -27.0016 48.2199 3.5989 9.6939 0.3918 2262.5293
11.5200 -27.1755 48.1343 3.6099 9.7080 0.4974 4028.0923
11.5400 -27.3486 48.0463 3.6213 9.7048 0.2233 864.4789
11.5600 -27.5207 47.9564 3.6329 9.6249 0.8000 -1338.3817
11.5800 -27.6901 47.8650 3.6449 9.6026 0.5073 1450.4298
11.6000 -27.8578 47.7715 3.6575 9.6208 0.4823 4188.5166
11.6200 -28.0246 47.6756 3.6704 9.6015 0.8000 3063.2869
11.6400 -28.1898 47.5777 3.6837 9.6000 0.3057 1615.1235
11.6600 -28.3537 47.4776 3.6973 9.5833 0.3949 1173.8888
11.6800 -28.5158 47.3754 3.7113 9.5591 0.6888 2216.1489
11.7000 -28.6761 47.2712 3.7257 9.5436 0.4385 1524.6116
11.7200 -28.8347 47.1649 3.7404 9.5806 0.0264 2627.7539
11.7400 -28.9937 47.0580 3.7537 9.5929 -0.0062 1011.8763
11.7600 -29.1529 46.9509 3.7654 9.6874 -0.1359 7917.5327
11.7800 -29.3140 46.8430 3.7754 9.6508 0.7569 1937.5703
11.8000 -29.4729 46.7333 3.7857 9.6412 -0.4442 2271.6768
11.8200 -29.6321 46.6243 3.7940 9.6345 0.1485 475.9341
11.8400 -29.7900 46.5134 3.8022 9.5825 0.5985 16.7057
11.8600 -29.9453 46.4010 3.8108 9.6029 -0.0904 2113.4375
11.8800 -30.1012 46.2885 3.8178 9.6606 0.0583 4691.6079
11.9000 -30.2570 46.1739 3.8244 9.6556 0.0714 46.7775
11.9200 -30.4116 46.0580 3.8308 9.6925 0.1559 3733.6003
11.9400 -30.5655 45.9399 3.8374 9.6564 0.8000 2085.6553
11.9600 -30.7172 45.8203 3.8444 9.6409 0.1404 -390.5822
11.9800 -30.8674 45.6993 3.8516 9.6484 0.1480 1363.1965
12.0000 -31.0165 45.5767 3.8589 9.6250 0.2112 -464.6931
12.0200 -31.1636 45.4526 3.8665 9.6336 0.3974 3195.2534
12.0400 -31.3093 45.3265 3.8747 9.6328 0.3064 1908.3601
12.0600 -31.4534 45.1985 3.8834 9.5955 0.8000 1883.8545
12.0800 -31.5952 45.0692 3.8926 9.6062 -0.2599 2464.8762
12.1000 -31.7379 44.9405 3.8999 9.6105 0.0001 416.5097
12.1200 -31.8803 44.8114 3.9062 9.6506 -0.1055 3562.5791
12.1400 -32.0236 44.6820 3.9111 9.6481 0.1223 459.2837
12.1600 -32.1656 44.5512 3.9161 9.6778 -0.3037 4168.7373
12.1800 -32.3087 44.4207 3.9194 9.7230 0.3114 5303.3628
12.2000 -32.4509 44.2880 3.9232 9.7181 -0.3915 2174.6770
12.2200 -32.5939 44.1561 3.9252 9.6672 0.8000 909.9709
12.2400 -32.7344 44.0232 3.9279 9.6714 0.3358 2486.3333
12.2600 -32.8735 43.8887 3.9314 9.6867 -0.0266 1232.0735
12.2800 -33.0127 43.7539 3.9342 9.6564 0.5107 955.7412
12.3000 -33.1498 43.6180 3.9377 9.6862 0.0435 2330.1323
12.3200 -33.2868 43.4810 3.9412 9.7296 -0.0084 3288.9358
12.3400 -33.4243 43.3432 3.9441 9.7511 0.0947 1974.8014
12.3600 -33.5611 43.2042 3.9472 9.7811 0.2404 3681.3965
12.3800 -33.6968 43.0633 3.9512 9.7691 0.2241 401.7915
12.4000 -33.8310 42.9213 3.9559 9.8146 0.0623 3478.3125
12.4200 -33.9653 42.7782 3.9606 9.8287 -0.0763 1359.5631
12.4400 -34.1003 42.6352 3.9641 9.8149 -0.2192 317.2053
12.4600 -34.2360 42.4934 3.9661 9.7989 0.1402 -498.8352
12.4800 -34.3703 42.3506 3.9687 9.7583 -0.4710 -61.3984
12.5000 -34.5051 42.2094 3.9697 9.6893 0.3880 -2738.4062
12.5200 -34.6374 42.0679 3.9717 9.6873 -0.3068 1807.1400
12.5400 -34.7708 41.9273 3.9722 9.6458 0.3715 -734.5505
12.5600 -34.9021 41.7859 3.9736 9.6502 0.1035 741.6509
12.5800 -35.0325 41.6437 3.9756 9.6647 0.3954 3519.5874
12.6000 -35.1617 41.4999 3.9786 9.7062 0.1502 3769.9307
12.6200 -35.2904 41.3545 3.9823 9.7329 -0.2573 3558.6997
12.6400 -35.4205 41.2098 3.9845 9.7338 0.1365 684.2432
12.6600 -35.5496 41.0640 3.9874 9.7465 -0.1154 1490.0378
12.6800 -35.6796 40.9187 3.9891 9.7559 0.2213 2014.5614
12.7000 -35.8083 40.7721 3.9918 9.7789 0.1003 2044.2251
12.7200 -35.9365 40.6245 3.9949 9.7949 0.0151 1178.7992
12.7400 -36.0649 40.4765 3.9978 9.7776 0.3994 1231.9868
12.7600 -36.1915 40.3274 4.0016 9.8055 -0.3063 3940.6917
12.7800 -36.3196 40.1789 4.0041 9.8469 0.1627 3902.6938
12.8000 -36.4471 40.0288 4.0072 9.8695 0.1350 2234.7300
12.8200 -36.5738 39.8774 4.0109 9.8690 -0.3487 2149.7979
12.8400 -36.7016 39.7270 4.0132 9.8274 -0.3333 -984.8282
12.8600 -36.8300 39.5782 4.0140 9.8259 0.1792 893.5558
12.8800 -36.9571 39.4283 4.0157 9.8152 0.2680 881.2122
12.9000 -37.0826 39.2774 4.0183 9.8584 -0.0957 3638.1965
12.9200 -37.2093 39.1263 4.0200 9.8693 -0.0515 951.4515
12.9400 -37.3365 38.9754 4.0210 9.7997 0.3722 -2895.9678
12.9600 -37.4614 38.8243 4.0231 9.8504 0.0125 3801.6204
12.9800 -37.5868 38.6723 4.0249 9.8766 -0.0485 2086.0459
13.0000 -37.7129 38.5203 4.0262 9.8620 0.6754 2898.6079
13.0200 -37.8373 38.3673 4.0284 9.8560 0.3820 1953.9012
13.0400 -37.9602 38.2131 4.0318 9.8686 -0.2872 2727.2717
13.0600 -38.0844 38.0597 4.0338 9.8585 0.8000 3738.3696
13.0800 -38.2071 37.9054 4.0368 9.8801 -0.1724 2576.0620
13.1000 -38.3310 37.7515 4.0385 9.8700 -0.2452 773.2866
13.1200 -38.4560 37.5986 4.0388 9.8510 -0.1602 -618.4836
13.1400 -38.5817 37.4469 4.0381 9.8637 0.1720 1917.0127
13.1600 -38.7062 37.2938 4.0382 9.8998 -0.1900 3732.6621
13.1800 -38.8321 37.1410 4.0372 9.9256 0.1256 2541.2185
13.2000 -38.9573 36.9870 4.0371 9.9263 -0.6890 4011.2646
13.2200 -39.0838 36.8339 4.0357 9.9137 -0.0128 -973.2916
13.2400 -39.2099 36.6809 4.0343 9.8896 0.0748 -1536.3403
13.2600 -39.3349 36.5276 4.0337 9.8954 0.1264 1023.4214
13.2800 -39.4590 36.3735 4.0339 9.9117 0.1005 1604.5293
13.3000 -39.5825 36.2184 4.0348 9.9325 0.0775 1768.8651
13.3200 -39.7057 36.0625 4.0363 9.9813 0.0184 3649.8738
13.3400 -39.8295 35.9059 4.0377 9.9754 0.1246 58.8214
13.3600 -39.9523 35.7487 4.0399 9.9888 -0.0258 1046.0538
13.3800 -40.0757 35.5915 4.0416 9.9649 0.4075 784.8377
13.4000 -40.1973 35.4336 4.0445 9.9635 -0.6270 3556.1707
13.4200 -40.3202 35.2768 4.0461 9.9345 -0.8000 2432.2085
13.4400 -40.4440 35.1213 4.0464 9.9717 0.0964 3161.1404
13.4600 -40.5673 34.9646 4.0473 10.0058 -0.0660 2746.2910
13.4800 -40.6916 34.8078 4.0475 10.0276 -0.0204 1656.3142
13.5000 -40.8163 34.6507 4.0475 9.9918 -0.1733 -1775.0520
13.5200 -40.9416 34.4950 4.0464 9.9900 -0.4692 2749.3601
13.5400 -41.0681 34.3403 4.0441 9.9301 -0.8000 164.0392
13.5600 -41.1953 34.1877 4.0404 9.9743 -0.0102 3222.9448
13.5800 -41.3226 34.0341 4.0371 9.9352 -0.8000 1674.4473
13.6000 -41.4509 33.8822 4.0326 9.9577 0.0116 1634.3701
13.6200 -41.5789 33.7296 4.0288 9.9143 -0.7760 1246.0740
13.6400 -41.7078 33.5789 4.0238 9.9450 -0.2001 3186.4163
13.6600 -41.8383 33.4286 4.0180 9.9571 -0.4108 3316.3159
13.6800 -41.9703 33.2795 4.0112 9.9588 0.1021 526.2633
13.7000 -42.1015 33.1295 4.0057 9.8969 0.7726 -142.3329
13.7200 -42.2307 32.9796 4.0017 9.9495 -0.1117 4298.5015
13.7400 -42.3615 32.8296 3.9973 9.9686 -0.2213 2633.0901
13.7600 -42.4939 32.6805 3.9922 9.9867 0.0878 1714.1138
13.7800 -42.6259 32.5306 3.9883 9.9759 0.0287 -746.3779
13.8000 -42.7575 32.3807 3.9851 9.9977 0.0969 2049.2200
13.8200 -42.8889 32.2299 3.9830 9.9790 0.5072 1760.1952
13.8400 -43.0189 32.0785 3.9824 9.9690 -0.3337 1388.1010
13.8600 -43.1504 31.9285 3.9809 9.9863 0.0903 1625.8024
13.8800 -43.2815 31.7779 3.9803 9.9664 0.4878 1559.3967
13.9000 -43.4113 31.6265 3.9811 9.9283 0.1734 -2024.7164
13.9200 -43.5398 31.4750 3.9831 9.8565 0.5221 -2211.0264
13.9400 -43.6661 31.3236 3.9865 9.9121 -0.0265 4164.9985
13.9600 -43.7939 31.1719 3.9893 9.9131 -0.0623 269.5361
13.9800 -43.9226 31.0210 3.9915 9.8893 -0.2330 -346.3303
14.0000 -44.0522 30.8716 3.9924 9.8884 -0.3491 2136.8271
14.0200 -44.1831 30.7234 3.9921 9.8788 -0.1109 -281.5442
14.0400 -44.3146 30.5759 3.9910 9.8665 -0.1504 -220.4767
14.0600 -44.4469 30.4295 3.9890 9.8656 -0.0003 -87.9078
14.0800 -44.5790 30.2829 3.9872 9.8295 -0.5382 630.2048
14.1000 -44.7120 30.1381 3.9842 9.8149 0.4734 1815.0063
14.1200 -44.8435 29.9923 3.9826 9.7856 0.3441 1.0859
14.1400 -44.9734 29.8459 3.9822 9.8369 0.1110 4293.0981
14.1600 -45.1032 29.6981 3.9828 9.8187 0.0637 -1221.8356
14.1800 -45.2324 29.5502 3.9838 9.8270 0.2207 1878.9995
14.2000 -45.3606 29.4012 3.9859 9.8201 0.5148 2608.6743
14.2200 -45.4875 29.2512 3.9894 9.8130 0.5997 2999.4404
14.2400 -45.6129 29.1001 3.9940 9.8376 0.3995 4155.3970
14.2600 -45.7374 28.9476 3.9997 9.8666 0.0643 2017.9969
14.2800 -45.8621 28.7946 4.0053 9.8481 0.4704 1441.5107
14.3000 -45.9852 28.6407 4.0120 9.8730 -0.0070 1722.6868
14.3200 -46.1090 28.4868 4.0179 9.9173 -0.2591 4785.5566
14.3400 -46.2344 28.3331 4.0223 9.9115 0.8000 4001.5679
14.3600 -46.3583 28.1783 4.0277 9.8970 0.2912 631.8818
14.3800 -46.4804 28.0225 4.0340 9.9621 0.0351 4750.0322
14.4000 -46.6033 27.8656 4.0398 9.9110 0.8000 789.0269
14.4200 -46.7239 27.7083 4.0465 9.9055 0.5841 3008.2498
14.4400 -46.8428 27.5498 4.0541 9.9296 0.1450 2130.8062
14.4600 -46.9610 27.3901 4.0619 9.9254 0.2365 815.7621
14.4800 -47.0776 27.2294 4.0703 9.8595 0.7120 -820.3486
14.5000 -47.1916 27.0684 4.0796 9.8647 0.0617 154.8367
14.5200 -47.3055 26.9073 4.0882 9.8585 0.6440 3228.9192
14.5400 -47.4175 26.7449 4.0975 9.8702 0.2867 2384.9285
14.5600 -47.5278 26.5812 4.1075 9.8533 0.2318 -271.1857
14.5800 -47.6363 26.4167 4.1179 9.8113 0.1902 -2568.9395
14.6000 -47.7430 26.2519 4.1284 9.7522 0.8000 102.5428
14.6200 -47.8470 26.0868 4.1397 9.7627 0.3160 2468.7534
14.6400 -47.9491 25.9204 4.1514 9.8056 -0.1034 3612.7134
14.6600 -48.0524 25.7536 4.1615 9.7562 0.5263 -474.8218
14.6800 -48.1530 25.5864 4.1721 9.7533 0.2598 1147.3324
14.7000 -48.2516 25.4181 4.1831 9.7226 0.4918 700.5331
14.7200 -48.3478 25.2491 4.1947 9.7426 0.0031 1394.0419
14.7400 -48.4442 25.0798 4.2049 9.7892 0.1728 4187.0122
14.7600 -48.5395 24.9087 4.2152 9.8044 0.2294 2341.8506
14.7800 -48.6329 24.7363 4.2258 9.8136 0.5540 3968.5300
14.8000 -48.7243 24.5626 4.2368 9.8507 0.3135 4583.9697
14.8200 -48.8138 24.3872 4.2483 9.8416 0.2269 438.1340
14.8400 -48.9014 24.2109 4.2600 9.8490 -0.0046 539.5490
14.8600 -48.9890 24.0344 4.2703 9.8447 0.2541 1192.1128
14.8800 -49.0743 23.8570 4.2809 9.8933 0.0473 3669.6724
14.9000 -49.1595 23.6784 4.2907 9.8739 0.4970 1739.6107
14.9200 -49.2422 23.4990 4.3009 9.8962 0.1592 2384.4226
14.9400 -49.3232 23.3184 4.3111 9.8546 0.4593 -139.9045
14.9600 -49.4016 23.1376 4.3218 9.8123 0.5359 222.7296
14.9800 -49.4772 22.9565 4.3329 9.7863 0.5890 1692.6609
15.0000 -49.5502 22.7749 4.3445 9.8103 -0.0699 2158.1106
15.0200 -49.6237 22.5929 4.3544 9.8157 0.2944 2314.5056
15.0400 -49.6949 22.4100 4.3646 9.8567 0.0006 3169.4856
15.0600 -49.7661 22.2261 4.3737 9.8580 -0.2518 1835.0791
15.0800 -49.8381 22.0424 4.3807 9.8288 -0.6417 1863.8561
15.1000 -49.9107 21.8595 4.3857 9.8160 0.2650 892.5461
15.1200 -49.9808 21.6760 4.3912 9.8128 0.1351 564.0928
15.1400 -50.0489 21.4918 4.3968 9.8200 0.2882 2478.5393
15.1600 -50.1148 21.3067 4.4030 9.8068 -0.2387 609.5259
15.1800 -50.1814 21.1221 4.4073 9.7419 -0.8000 -60.6308
15.2000 -50.2486 20.9390 4.4096 9.7359 0.0812 -28.4342
15.2200 -50.3140 20.7554 4.4122 9.6994 0.4004 -119.7258
15.2400 -50.3770 20.5718 4.4154 9.6511 0.0301 -3494.3557
15.2600 -50.4386 20.3888 4.4184 9.6425 0.6189 3101.3027
15.2800 -50.4980 20.2053 4.4221 9.6250 0.6133 2435.7178
15.3000 -50.5552 20.0215 4.4265 9.6714 0.1340 4080.5859
15.3200 -50.6110 19.8363 4.4313 9.7021 -0.2695 3970.1277
15.3400 -50.6681 19.6508 4.4345 9.6892 0.2429 566.8280
15.3600 -50.7231 19.4650 4.4384 9.7038 0.3342 3197.8396
15.3800 -50.7761 19.2783 4.4431 9.7101 0.1416 1077.7222
15.4000 -50.8276 19.0910 4.4482 9.7188 0.1794 1535.4132
15.4200 -50.8774 18.9032 4.4539 9.7223 -0.5953 3749.4604
15.4400 -50.9284 18.7155 4.4579 9.7492 0.0354 2068.3044
15.4600 -50.9790 18.5272 4.4617 9.7421 -0.7132 3607.1382
15.4800 -51.0306 18.3393 4.4639 9.7313 -0.2276 581.2299
15.5000 -51.0834 18.1519 4.4646 9.7642 -0.0413 2519.0151
15.5200 -51.1363 17.9638 4.4647 9.8126 -0.1027 3954.5859
15.5400 -51.1898 17.7750 4.4640 9.8051 0.1344 131.3342
15.5600 -51.2417 17.5858 4.4640 9.8346 0.6432 5741.3599
15.5800 -51.2920 17.3956 4.4649 9.8138 0.4835 1466.8000
15.6000 -51.3402 17.2054 4.4669 9.8273 -0.1737 1975.8379
15.6200 -51.3898 17.0152 4.4677 9.7958 0.4300 368.8910
15.6400 -51.4374 16.8251 4.4695 9.8422 0.0330 3513.8362
15.6600 -51.4847 16.6340 4.4713 9.8454 0.0171 241.3001
15.6800 -51.5318 16.4429 4.4731 9.8524 -0.3326 2619.7837
15.7000 -51.5804 16.2519 4.4734 9.8397 -0.5572 2448.0259
15.7200 -51.6305 16.0615 4.4724 9.8377 -0.1628 610.5832
15.7400 -51.6816 15.8715 4.4704 9.8456 0.1824 1641.0033
15.7600 -51.7312 15.6809 4.4694 9.8484 0.0726 458.7317
15.7800 -51.7798 15.4900 4.4690 9.8013 0.4978 -409.7598
15.8000 -51.8264 15.2996 4.4698 9.8028 -0.4579 2925.6272
15.8200 -51.8746 15.1096 4.4694 9.7553 -0.1969 -2469.2202
15.8400 -51.9240 14.9208 4.4679 9.7451 -0.2565 775.7555
15.8600 -51.9750 14.7327 4.4652 9.7462 -0.4184 2649.5613
15.8800 -52.0276 14.5449 4.4613 9.7750 0.1933 3246.0425
15.9000 -52.0788 14.3562 4.4585 9.7980 0.1208 2304.0222
15.9200 -52.1290 14.1668 4.4569 9.8114 -0.7538 5119.5732
15.9400 -52.1808 13.9775 4.4541 9.8116 0.1209 590.1621
15.9600 -52.2315 13.7879 4.4525 9.8522 0.1030 3475.2126
15.9800 -52.2814 13.5973 4.4517 9.8456 0.5231 2704.9497
16.0000 -52.3298 13.4064 4.4523 9.8253 0.4705 1424.9209
16.0200 -52.3765 13.2155 4.4542 9.8432 -0.1930 2457.9209
16.0400 -52.4249 13.0247 4.4551 9.8015 -0.5486 279.2810
16.0600 -52.4748 12.8351 4.4547 9.7847 0.2104 -21.6975
16.0800 -52.5231 12.6455 4.4555 9.8013 -0.2328 2657.0918
16.1000 -52.5731 12.4559 4.4552 9.8042 0.3052 2147.8940
16.1200 -52.6215 12.2659 4.4561 9.7967 -0.0465 -453.3591
16.1400 -52.6705 12.0762 4.4565 9.7982 0.3889 2546.0659
16.1600 -52.7179 11.8860 4.4582 9.8124 0.1223 1516.3348
16.1800 -52.7643 11.6953 4.4605 9.8409 0.1384 2670.8821
16.2000 -52.8099 11.5038 4.4637 9.8093 -0.1738 -1389.8611
16.2200 -52.8567 11.3133 4.4656 9.8209 0.1097 1250.0175
16.2400 -52.9025 11.1223 4.4681 9.8554 -0.0891 2940.6946
16.2600 -52.9495 10.9309 4.4697 9.8577 -0.1184 717.7079
16.2800 -52.9976 10.7397 4.4704 9.8145 0.4278 -531.1908
16.3000 -53.0437 10.5489 4.4722 9.7879 -0.3996 544.0251
16.3200 -53.0913 10.3590 4.4726 9.7894 -0.3068 2050.8748
16.3400 -53.1404 10.1694 4.4717 9.8450 0.1522 4945.7305
16.3600 -53.1884 9.9784 4.4717 9.8742 -0.1583 2984.3687
16.3800 -53.2377 9.7872 4.4707 9.8911 -0.1485 1933.6469
16.4000 -53.2883 9.5959 4.4687 9.8633 0.4293 615.8768
16.4200 -53.3370 9.4048 4.4680 9.8614 -0.8000 4281.8579
16.4400 -53.3872 9.2140 4.4661 9.8911 -0.0511 2276.2566
16.4600 -53.4380 9.0228 4.4640 9.8811 0.3275 1319.5110
16.4800 -53.4870 8.8314 4.4632 9.8744 -0.1719 395.3621
16.5000 -53.5375 8.6404 4.4613 9.8909 0.2159 2532.5039
16.5200 -53.5865 8.4488 4.4608 9.8522 0.3239 -834.3525
16.5400 -53.6337 8.2575 4.4615 9.8554 -0.1910 1349.7664
16.5600 -53.6825 8.0665 4.4611 9.8751 0.3771 3781.3591
16.5800 -53.7298 7.8747 4.4620 9.8387 -0.2079 -1497.3865
16.6000 -53.7785 7.6841 4.4618 9.8339 -0.2677 1314.9194
16.6200 -53.8288 7.4939 4.4604 9.8232 -0.4527 2017.3149
16.6400 -53.8808 7.3045 4.4578 9.8522 0.1533 2987.3833
16.6600 -53.9316 7.1141 4.4562 9.8725 0.2906 3319.6802
16.6800 -53.9809 6.9229 4.4560 9.8898 0.0718 1509.4478
16.7000 -54.0297 6.7312 4.4564 9.8948 -0.1407 1071.0220
16.7200 -54.0798 6.5397 4.4558 9.8502 0.6115 412.7557
16.7400 -54.1280 6.3487 4.4566 9.8567 0.3484 2666.9590
16.7600 -54.1747 6.1571 4.4586 9.8367 0.1765 -657.0355
16.7800 -54.2200 5.9657 4.4616 9.8460 -0.0794 993.8322
16.8000 -54.2665 5.7743 4.4638 9.8474 0.3139 2055.7446
16.8200 -54.3112 5.5824 4.4671 9.8974 0.3036 5451.0522
16.8400 -54.3546 5.3893 4.4715 9.8542 0.5993 368.9126
16.8600 -54.3960 5.1965 4.4771 9.8710 0.6475 4810.6230
16.8800 -54.4357 5.0030 4.4836 9.8392 -0.5175 682.5751
16.9000 -54.4768 4.8105 4.4887 9.8258 0.3180 910.6714
16.9200 -54.5159 4.6179 4.4948 9.7989 0.6565 1830.3652
16.9400 -54.5529 4.4253 4.5019 9.8053 0.3212 2291.0649
16.9600 -54.5880 4.2323 4.5099 9.7641 0.6874 872.1085
16.9800 -54.6209 4.0397 4.5188 9.7824 0.3238 3074.0698
17.0000 -54.6518 3.8464 4.5285 9.7658 0.8000 3065.9285
17.0200 -54.6805 3.6531 4.5390 9.7808 -0.3437 2993.7554
17.0400 -54.7105 3.4597 4.5478 9.7870 0.8000 4716.9233
17.0600 -54.7383 3.2659 4.5573 9.8158 0.1870 2750.6538
17.0800 -54.7646 3.0713 4.5671 9.8182 0.2567 1414.4313
17.1000 -54.7889 2.8764 4.5774 9.7798 0.5867 575.2952
17.1200 -54.8107 2.6820 4.5883 9.7796 0.3295 1782.6935
17.1400 -54.8302 2.4873 4.5999 9.7847 0.2796 1721.2354
17.1600 -54.8476 2.2923 4.6119 9.7618 0.8000 2665.6255
17.1800 -54.8625 2.0976 4.6244 9.7565 0.4176 1995.0699
17.2000 -54.8749 1.9028 4.6376 9.8081 0.1849 4226.8447
17.2200 -54.8858 1.7069 4.6506 9.8393 -0.0271 2271.7930
17.2400 -54.8971 1.5105 4.6621 9.8469 0.3908 2951.9688
17.2600 -54.9058 1.3137 4.6740 9.8521 -0.0333 480.7396
17.2800 -54.9149 1.1169 4.6843 9.8396 0.1616 -238.3530
17.3000 -54.9220 0.9202 4.6947 9.8454 0.4833 3430.3416
17.3200 -54.9265 0.7234 4.7055 9.8729 0.2926 3820.2646
17.3400 -54.9287 0.5259 4.7167 9.8303 0.8000 1495.6755
17.3600 -54.9282 0.3293 4.7283 9.8430 0.3623 3200.7715
17.3800 -54.9251 0.1325 4.7403 9.8808 0.1277 3138.6067
17.4000 -54.9206 -0.0651 4.7520 9.8880 0.3854 2972.8257
17.4200 -54.9134 -0.2627 4.7641 9.9294 0.3403 5114.9585
17.4400 -54.9037 -0.4611 4.7766 9.9274 -0.0659 190.7157
17.4600 -54.8943 -0.6594 4.7873 9.9544 -0.2810 3891.4841
17.4800 -54.8857 -0.8584 4.7960 9.9605 -0.0602 863.6284
17.5000 -54.8770 -1.0576 4.8032 9.9970 0.4418 5484.2842
17.5200 -54.8657 -1.2574 4.8108 10.0339 0.2680 4552.3501
17.5400 -54.8520 -1.4577 4.8187 10.0676 0.1488 3385.3167
17.5600 -54.8361 -1.6585 4.8267 10.0445 0.3178 448.9027
17.5800 -54.8176 -1.8585 4.8352 10.0462 -0.2457 1812.5646
17.6000 -54.8000 -2.0588 4.8417 10.0314 0.5005 2157.0251
17.6200 -54.7799 -2.2585 4.8487 9.9793 0.5167 -525.8779
17.6400 -54.7574 -2.4569 4.8562 9.9420 0.8000 1970.2887
17.6600 -54.7324 -2.6542 4.8642 9.9555 0.1354 1662.9476
17.6800 -54.7056 -2.8515 4.8723 9.9427 -0.4741 2083.6895
17.7000 -54.6797 -3.0488 4.8784 9.9182 0.3066 253.5484
17.7200 -54.6514 -3.2451 4.8850 9.9092 -0.0360 -478.8695
17.7400 -54.6230 -3.4414 4.8905 9.9518 0.0452 3397.6536
17.7600 -54.5933 -3.6382 4.8957 9.9734 0.1028 2119.4905
17.7800 -54.5617 -3.8353 4.9010 9.9442 -0.6901 2020.8955
17.8000 -54.5313 -4.0319 4.9044 9.9507 0.1255 1180.6899
17.8200 -54.4989 -4.2284 4.9082 9.9252 -0.6833 2231.9001
17.8400 -54.4677 -4.4246 4.9101 9.8961 0.4528 730.1299
17.8600 -54.4343 -4.6197 4.9128 9.9123 0.1131 1775.3215
17.8800 -54.3991 -4.8149 4.9158 9.9052 -0.4011 2039.3060
17.9000 -54.3652 -5.0101 4.9171 9.8851 -0.8000 3080.5142
17.9200 -54.3325 -5.2053 4.9168 9.8785 -0.0188 -522.7629
17.9400 -54.2992 -5.4001 4.9163 9.8692 0.7180 3440.0195
17.9600 -54.2638 -5.5944 4.9166 9.8813 -0.0412 953.6554
17.9800 -54.2284 -5.7889 4.9165 9.9100 -0.0397 2180.2000
18.0000 -54.1927 -5.9839 4.9160 9.9395 0.0309 2279.6770
18.0200 -54.1561 -6.1793 4.9158 9.9730 -0.0168 2504.4966
18.0400 -54.1190 -6.3753 4.9154 9.9859 0.2113 2235.3394
18.0600 -54.0802 -6.5712 4.9160 9.9726 -0.0153 -986.1196
18.0800 -54.0414 -6.7669 4.9163 9.9775 -0.1627 1198.4884
18.1000 -54.0038 -6.9629 4.9156 9.9652 0.3474 1285.7664
18.1200 -53.9645 -7.1583 4.9160 9.9595 0.5174 2739.3416
18.1400 -53.9234 -7.3532 4.9175 9.9470 0.3089 1019.4797
18.1600 -53.8806 -7.5475 4.9202 9.9213 0.3752 441.1270
18.1800 -53.8360 -7.7409 4.9240 9.9521 0.2405 3604.2500
18.2000 -53.7898 -7.9345 4.9288 9.8996 0.3459 -1849.0571
18.2200 -53.7419 -8.1267 4.9347 9.9153 0.4483 3769.7510
18.2400 -53.6921 -8.3188 4.9416 9.9746 0.0958 4393.2007
18.2600 -53.6416 -8.5118 4.9485 9.9606 -0.3436 1008.7553
18.2800 -53.5925 -8.7049 4.9538 9.9537 0.2261 670.1172
18.3000 -53.5417 -8.8974 4.9599 9.9282 0.3361 134.1297
18.3200 -53.4890 -9.0889 4.9669 9.8953 -0.8000 2052.4321
18.3400 -53.4378 -9.2801 4.9724 9.9218 -0.1384 2708.7341
18.3600 -53.3874 -9.4720 4.9764 9.9180 0.3229 1765.2216
18.3800 -53.3351 -9.6633 4.9813 9.9185 0.1452 629.4957
18.4000 -53.2812 -9.8543 4.9866 9.8572 -0.5241 -1362.0359
18.4200 -53.2290 -10.0444 4.9903 9.8681 0.0932 1122.8892
18.4400 -53.1755 -10.2344 4.9943 9.8850 -0.0752 1563.1196
18.4600 -53.1225 -10.4248 4.9971 9.8808 0.0436 -223.5792
18.4800 -53.0687 -10.6150 5.0000 9.8524 0.2976 -224.1563
18.5000 -53.0131 -10.8040 5.0037 9.8565 -0.0150 343.4050
18.5200 -52.9575 -10.9931 5.0069 9.8371 -0.1982 -280.4308
18.5400 -52.9032 -11.1823 5.0085 9.8651 -0.0194 2130.5908
18.5600 -52.8486 -11.3719 5.0097 9.8551 -0.0866 -457.3324
18.5800 -52.7946 -11.5615 5.0100 9.8904 -0.2240 3917.8733
18.6000 -52.7415 -11.7521 5.0090 9.8884 0.1638 768.2753
18.6200 -52.6868 -11.9422 5.0089 9.9264 -0.0054 2845.7241
18.6400 -52.6315 -12.1329 5.0087 9.9442 -0.3158 3286.1235
18.6600 -52.5776 -12.3244 5.0072 9.9451 -0.0361 55.0099
18.6800 -52.5236 -12.5159 5.0055 9.9804 -0.1206 3044.9468
18.7000 -52.4702 -12.7082 5.0030 9.9627 -0.8000 3181.1021
18.7200 -52.4185 -12.9008 4.9992 9.9988 -0.0139 2606.3589
18.7400 -52.3662 -13.0938 4.9958 9.9680 0.2376 -858.5567
18.7600 -52.3124 -13.2858 4.9937 9.9960 0.2382 3529.7910
18.7800 -52.2570 -13.4779 4.9928 9.9335 -0.4056 -2139.3184
18.8000 -52.2037 -13.6693 4.9907 9.9291 -0.8000 4109.6997
18.8200 -52.1521 -13.8611 4.9875 9.9763 -0.0485 3537.9287
18.8400 -52.1005 -14.0538 4.9843 9.9897 -0.3608 3203.3472
18.8600 -52.0506 -14.2473 4.9800 9.9547 -0.6597 1301.3271
18.8800 -52.0027 -14.4406 4.9746 9.9368 0.2492 160.6115
18.9000 -51.9534 -14.6332 4.9707 9.9106 0.4670 934.6622
18.9200 -51.9028 -14.8248 4.9681 9.8723 0.4472 -43.4974
18.9400 -51.8510 -15.0153 4.9671 9.9374 -0.1513 5624.4146
18.9600 -51.8003 -15.2075 4.9653 9.9008 0.6834 1364.1559
18.9800 -51.7482 -15.3986 4.9650 9.9179 0.0480 1369.9655
19.0000 -51.6959 -15.5899 4.9651 9.9134 0.1102 69.0549
19.0200 -51.6428 -15.7810 4.9662 9.8439 0.3110 -3315.3132
19.0400 -51.5886 -15.9703 4.9685 9.8086 -0.4022 -128.7107
19.0600 -51.5363 -16.1594 4.9697 9.7913 -0.2200 41.5504
19.0800 -51.4857 -16.3486 4.9697 9.8002 0.3562 2894.1831
19.1000 -51.4336 -16.5376 4.9710 9.7639 -0.1246 -2125.6936
19.1200 -51.3829 -16.7261 4.9714 9.7697 -0.1229 993.8582
19.1400 -51.3333 -16.9151 4.9710 9.7966 -0.1293 2585.0747
19.1600 -51.2848 -17.1050 4.9696 9.7980 -0.0280 112.5783
19.1800 -51.2364 -17.2949 4.9682 9.7967 0.2909 1743.0566
19.2000 -51.1864 -17.4843 4.9681 9.8310 -0.0175 2590.1685
19.2200 -51.1366 -17.6745 4.9678 9.8679 -0.1967 3862.1443
19.2400 -51.0880 -17.8658 4.9665 9.8632 0.2207 981.3035
19.2600 -51.0378 -18.0566 4.9664 9.8744 -0.1831 1857.6930
19.2800 -50.9892 -18.2480 4.9653 9.8516 -0.7635 2708.4080
19.3000 -50.9423 -18.4394 4.9630 9.8387 -0.4734 1963.1654
19.3200 -50.8972 -18.6310 4.9595 9.8703 0.0124 2347.2644
19.3400 -50.8515 -18.8230 4.9566 9.8803 0.3089 2665.5188
19.3600 -50.8041 -19.0149 4.9549 9.8846 -0.1094 725.1089
19.3800 -50.7579 -19.2071 4.9527 9.8677 0.4157 1352.9377
19.4000 -50.7102 -19.3986 4.9518 9.8229 0.4185 -704.0554
19.4200 -50.6611 -19.5888 4.9524 9.8762 0.0861 4238.6748
19.4400 -50.6112 -19.7800 4.9535 9.8809 -0.0049 344.9481
19.4600 -50.5616 -19.9713 4.9545 9.8798 0.4392 2633.5068
19.4800 -50.5105 -20.1622 4.9568 9.9058 -0.1021 2397.8530
19.5000 -50.4604 -20.3539 4.9582 9.8700 0.8000 1938.4312
19.5200 -50.4089 -20.5445 4.9609 9.8126 -0.8000 348.9648
19.5400 -50.3593 -20.7344 4.9623 9.7912 -0.1046 -1154.4305
19.5600 -50.3109 -20.9241 4.9628 9.8107 -0.2162 2732.0132
19.5800 -50.2639 -21.1146 4.9621 9.7774 -0.1037 -2130.1008
19.6000 -50.2180 -21.3047 4.9607 9.8014 0.0086 1797.4813
19.6200 -50.1715 -21.4952 4.9595 9.7646 -0.1069 -2389.3857
19.6400 -50.1261 -21.6851 4.9577 9.7789 0.3443 3200.6958
19.6600 -50.0791 -21.8750 4.9570 9.7949 0.2074 2405.9126
19.6800 -50.0305 -22.0647 4.9576 9.8558 0.0907 4857.7856
19.7000 -49.9808 -22.2555 4.9588 9.8436 0.2930 926.2634
19.7200 -49.9295 -22.4456 4.9612 9.7627 0.7494 -1680.6653
19.7400 -49.8769 -22.6337 4.9649 9.7374 0.4895 1100.1519
19.7600 -49.8227 -22.8208 4.9697 9.7184 0.8000 3033.5750
19.7800 -49.7668 -23.0071 4.9757 9.7008 0.4008 1073.0632
19.8000 -49.7093 -23.1925 4.9828 9.6922 0.3150 1060.4807
19.8200 -49.6500 -23.3773 4.9909 9.7046 0.2240 1726.4583
19.8400 -49.5892 -23.5617 4.9996 9.7518 0.0478 3189.9985
19.8600 -49.5283 -23.7471 5.0076 9.7147 0.2676 -1470.5652
19.8800 -49.4659 -23.9312 5.0164 9.6909 0.2344 -823.4833
19.9000 -49.4019 -24.1143 5.0257 9.6720 -0.1155 -965.4578
19.9200 -49.3391 -24.2973 5.0335 9.6821 0.4165 3227.2722
19.9400 -49.2742 -24.4798 5.0421 9.6644 0.7795 3014.4038
19.9600 -49.2073 -24.6612 5.0514 9.6980 0.3530 4461.1201
19.9800 -49.1382 -24.8425 5.0614 9.7128 0.3797 3247.3311
20.0000 -49.0668 -25.0232 5.0721 9.6963 0.6470 2429.7312
20.0200 -48.9934 -25.2028 5.0834 9.6847 0.8000 3425.3064
20.0400 -48.9180 -25.3813 5.0954 9.7463 0.4187 6652.4448
20.0600 -48.8401 -25.5600 5.1079 9.7371 0.3064 811.5189
20.0800 -48.7602 -25.7377 5.1209 9.7269 0.5186 2176.1431
20.1000 -48.6781 -25.9142 5.1344 9.7088 -0.7230 2616.8604
20.1200 -48.5970 -26.0906 5.1459 9.7093 0.0199 -90.8221
20.1400 -48.5158 -26.2670 5.1563 9.7047 0.3316 1736.7823
20.1600 -48.4324 -26.4423 5.1671 9.7045 0.5267 3171.1807
20.1800 -48.3467 -26.6164 5.1784 9.6899 0.8000 3411.8643
20.2000 -48.2589 -26.7892 5.1901 9.7274 -0.1471 3634.8174
20.2200 -48.1713 -26.9629 5.1999 9.6889 0.1302 -2381.4360
20.2400 -48.0826 -27.1352 5.2096 9.6882 0.2041 1070.8569
20.2600 -47.9919 -27.3065 5.2195 9.6976 -0.1018 1293.7590
20.2800 -47.9016 -27.4781 5.2277 9.6963 0.4194 2645.8457
20.3000 -47.8090 -27.6486 5.2363 9.6665 0.6808 1943.4581
20.3200 -47.7144 -27.8172 5.2454 9.6938 0.1018 2383.6003
20.3400 -47.6183 -27.9856 5.2542 9.6697 0.8000 2862.5674
20.3600 -47.5202 -28.1523 5.2635 9.6946 0.3821 4246.2759
20.3800 -47.4198 -28.3182 5.2732 9.7223 0.0430 2102.1399
20.4000 -47.3185 -28.4841 5.2821 9.7215 0.1007 272.7658
20.4200 -47.2159 -28.6493 5.2908 9.7646 0.1312 3784.0522
20.4400 -47.1113 -28.8143 5.2994 9.7009 0.3821 -2290.8521
20.4600 -47.0054 -28.9768 5.3085 9.6763 0.2797 -89.6545
20.4800 -46.8976 -29.1376 5.3181 9.6153 0.5031 -1402.9376
20.5000 -46.7885 -29.2959 5.3281 9.6587 -0.0013 3274.9321
20.5200 -46.6787 -29.4549 5.3370 9.6605 0.2341 1524.4229
20.5400 -46.5671 -29.6126 5.3462 9.6245 0.6430 1258.5724
20.5600 -46.4538 -29.7682 5.3559 9.6412 -0.0749 1630.9154
20.5800 -46.3406 -29.9243 5.3640 9.6945 -0.0882 4473.8105
20.6000 -46.2270 -30.0816 5.3705 9.7302 0.2304 4120.6235
20.6200 -46.1111 -30.2380 5.3775 9.7561 -0.0201 2079.5393
20.6400 -45.9947 -30.3946 5.3834 9.7448 0.8000 3763.9902
20.6600 -45.8766 -30.5497 5.3898 9.7361 0.0696 -408.2371
20.6800 -45.7575 -30.7038 5.3960 9.7748 0.3030 4786.6152
20.7000 -45.6361 -30.8570 5.4027 9.7655 0.2186 604.3331
20.7200 -45.5130 -31.0087 5.4099 9.7588 0.3070 1464.4911
20.7400 -45.3883 -31.1588 5.4177 9.7938 -0.0489 2824.8584
20.7600 -45.2633 -31.3097 5.4242 9.8451 0.0708 4051.6157
20.7800 -45.1367 -31.4605 5.4304 9.8661 0.0086 1631.8801
20.8000 -45.0094 -31.6114 5.4359 9.8165 0.5768 -82.4305
20.8200 -44.8811 -31.7599 5.4421 9.8060 -0.2151 580.4791
20.8400 -44.7535 -31.9090 5.4465 9.7715 0.6878 1609.9282
20.8600 -44.6247 -32.0560 5.4516 9.7616 0.6064 2938.6565
20.8800 -44.4944 -32.2013 5.4574 9.7040 0.8000 403.4114
20.9000 -44.3631 -32.3442 5.4639 9.7178 0.2298 2331.5667
20.9200 -44.2300 -32.4859 5.4710 9.7679 0.0133 3724.4409
20.9400 -44.0962 -32.6282 5.4772 9.7571 -0.0149 -761.6859
20.9600 -43.9625 -32.7704 5.4826 9.7986 -0.0460 3286.3684
20.9800 -43.8283 -32.9133 5.4868 9.7791 0.0493 -1324.9336
21.0000 -43.6937 -33.0552 5.4909 9.8189 0.0258 3046.5627
21.0200 -43.5580 -33.1971 5.4947 9.8662 0.0129 3597.9636
21.0400 -43.4211 -33.3393 5.4980 9.8758 0.4252 3367.4556
21.0600 -43.2827 -33.4802 5.5022 9.9018 0.0099 1971.0830
21.0800 -43.1435 -33.6211 5.5058 9.8908 0.1734 110.9231
21.1000 -43.0032 -33.7606 5.5101 9.9288 0.1828 3801.2903
21.1200 -42.8611 -33.8993 5.5149 9.9618 0.3209 4400.4595
21.1400 -42.7171 -34.0370 5.5206 9.9761 -0.2188 2408.0288
21.1600 -42.5738 -34.1758 5.5246 9.9925 0.1092 1639.4149
21.1800 -42.4292 -34.3138 5.5290 10.0439 0.0390 3895.1436
21.2000 -42.2835 -34.4520 5.5331 9.9983 -0.4090 -812.3842
21.2200 -42.1393 -34.5906 5.5355 9.9261 -0.5217 -2166.5154
21.2400 -41.9970 -34.7292 5.5364 9.9216 0.5268 2884.0898
21.2600 -41.8534 -34.8662 5.5382 9.9196 0.4680 2752.3838
21.2800 -41.7085 -35.0016 5.5409 9.8570 -0.8000 7.9514
21.3000 -41.5654 -35.1373 5.5420 9.8335 0.3670 599.1132
21.3200 -41.4213 -35.2711 5.5441 9.8261 -0.1043 -118.4808
21.3400 -41.2778 -35.4055 5.5451 9.8260 0.0780 267.7122
21.3600 -41.1336 -35.5389 5.5466 9.8521 -0.3478 4087.7585
21.3800 -40.9899 -35.6738 5.5467 9.8779 -0.1436 2573.1670
21.4000 -40.8465 -35.8097 5.5457 9.8842 0.1901 1588.7365
21.4200 -40.7018 -35.9444 5.5456 9.8496 -0.6031 1097.2035
21.4400 -40.5586 -36.0798 5.5442 9.8527 -0.1422 809.1506
21.4600 -40.4161 -36.2160 5.5419 9.8786 0.1557 2775.3169
21.4800 -40.2722 -36.3514 5.5406 9.8570 -0.2958 235.6365
21.5000 -40.1297 -36.4877 5.5380 9.8438 0.3997 1497.2209
21.5200 -39.9862 -36.6225 5.5366 9.8696 -0.2000 3015.2090
21.5400 -39.8434 -36.7587 5.5343 9.8671 0.0285 -141.8035
21.5600 -39.7001 -36.8945 5.5324 9.8915 0.0952 2218.9834
21.5800 -39.5558 -37.0298 5.5314 9.8630 0.2948 -253.9725
21.6000 -39.4107 -37.1635 5.5317 9.8387 -0.2485 -272.9290
21.6200 -39.2672 -37.2981 5.5308 9.8282 -0.4467 2002.6742
21.6400 -39.1251 -37.4339 5.5288 9.8526 0.0357 1904.3019
21.6600 -38.9822 -37.5696 5.5273 9.8988 -0.1661 4274.8042
21.6800 -38.8396 -37.7070 5.5249 9.8892 0.0363 -647.5225
21.7000 -38.6967 -37.8437 5.5232 9.8936 -0.1384 933.4882
21.7200 -38.5547 -37.9815 5.5206 9.8683 -0.0640 -1800.8040
21.7400 -38.4134 -38.1193 5.5179 9.8425 0.4066 624.4937
21.7600 -38.2714 -38.2556 5.5165 9.8069 0.4265 32.5612
21.7800 -38.1288 -38.3903 5.5165 9.8499 -0.0883 3559.2273
21.8000 -37.9863 -38.5264 5.5159 9.8622 0.0727 1142.4917
21.8200 -37.8432 -38.6621 5.5159 9.8626 -0.1389 715.2378
21.8400 -37.7011 -38.7989 5.5152 9.8065 0.5178 -975.5005
21.8600 -37.5586 -38.9337 5.5157 9.8143 0.0209 586.5690
21.8800 -37.4160 -39.0686 5.5164 9.8257 0.2154 2087.5295
21.9000 -37.2723 -39.2026 5.5182 9.8178 0.0622 -518.9783
21.9200 -37.1283 -39.3362 5.5204 9.8235 0.0487 445.0648
21.9400 -36.9842 -39.4698 5.5227 9.8197 0.5262 2889.3467
21.9600 -36.8389 -39.6020 5.5263 9.7942 0.7105 2235.2522
21.9800 -36.6927 -39.7325 5.5310 9.7909 -0.6260 3359.6555
22.0000 -36.5477 -39.8642 5.5344 9.8140 0.1487 2311.1265
22.0200 -36.4015 -39.9952 5.5385 9.8240 0.2029 1741.8595
22.0400 -36.2542 -40.1252 5.5434 9.8149 0.1359 -304.6030
22.0600 -36.1062 -40.2543 5.5488 9.8658 0.0673 3762.7412
22.0800 -35.9572 -40.3837 5.5541 9.8393 -0.8000 2543.3540
22.1000 -35.8096 -40.5139 5.5580 9.8733 -0.0061 2538.2417
22.1200 -35.6616 -40.6446 5.5612 9.8619 0.1504 -174.2709
22.1400 -35.5128 -40.7740 5.5651 9.8246 0.1474 -2180.5383
22.1600 -35.3636 -40.9019 5.5695 9.7974 0.8000 2527.5803
22.1800 -35.2135 -41.0279 5.5749 9.7572 -0.4617 -156.4447
22.2000 -35.0649 -41.1544 5.5788 9.7834 -0.0366 2051.3860
22.2200 -34.9162 -41.2816 5.5819 9.7737 -0.1571 127.1604
22.2400 -34.7684 -41.4095 5.5836 9.7970 -0.0532 1886.3971
22.2600 -34.6204 -41.5380 5.5846 9.8393 -0.3926 5453.3286
22.2800 -34.4726 -41.6679 5.5842 9.8659 -0.0449 2029.6582
22.3000 -34.3244 -41.7983 5.5834 9.8203 0.4908 -347.6662
22.3200 -34.1756 -41.9265 5.5837 9.8303 0.1261 1344.2567
22.3400 -34.0257 -42.0538 5.5847 9.8445 0.1919 2142.5112
22.3600 -33.8746 -42.1800 5.5867 9.8563 -0.0529 1031.3021
22.3800 -33.7237 -42.3068 5.5880 9.8336 0.2407 -231.8629
22.4000 -33.5719 -42.4319 5.5903 9.8412 0.0514 632.1849
22.4200 -33.4197 -42.5567 5.5928 9.8343 -0.0786 -222.3785
22.4400 -33.2682 -42.6821 5.5944 9.8282 0.0594 -326.2932
22.4600 -33.1162 -42.8068 5.5962 9.8541 -0.0177 1961.5476
22.4800 -32.9640 -42.9320 5.5977 9.8783 0.1059 2221.2876
22.5000 -32.8107 -43.0566 5.5997 9.8456 -0.4828 572.7346
22.5200 -32.6589 -43.1820 5.6003 9.8657 -0.1007 1887.1147
22.5400 -32.5073 -43.3084 5.6001 9.9092 0.2013 4413.1270
22.5600 -32.3540 -43.4340 5.6009 9.9285 -0.1674 2331.4656
22.5800 -32.2013 -43.5608 5.6005 9.9442 -0.0168 1173.7537
22.6000 -32.0482 -43.6878 5.6000 10.0111 0.1422 5707.1309
22.6200 -31.8932 -43.8146 5.6003 10.0217 0.0799 1054.2648
22.6400 -31.7375 -43.9408 5.6013 10.0053 -0.3181 808.3424
22.6600 -31.5831 -44.0681 5.6009 10.0009 -0.2899 1491.5436
22.6800 -31.4298 -44.1966 5.5992 9.9999 0.4812 2858.7471
22.7000 -31.2754 -44.3237 5.5987 10.0167 0.1581 2087.3899
22.7200 -31.1199 -44.4500 5.5993 10.0185 -0.1358 786.4877
22.7400 -30.9651 -44.5773 5.5988 10.0008 0.0613 -1150.1989
22.7600 -30.8101 -44.7037 5.5990 9.9885 0.1925 164.3505
22.7800 -30.6543 -44.8288 5.6001 9.9868 0.3261 1926.6586
22.8000 -30.4975 -44.9525 5.6026 9.9872 0.4012 2514.2112
22.8200 -30.3396 -45.0749 5.6062 10.0159 0.0782 2220.0813
22.8400 -30.1809 -45.1972 5.6100 10.0173 0.2539 1527.7395
22.8600 -30.0212 -45.3182 5.6149 10.0029 0.3365 939.7423
22.8800 -29.8605 -45.4376 5.6209 10.0330 0.1104 2347.7295
22.9000 -29.6989 -45.5567 5.6271 9.9960 0.5067 273.8364
22.9200 -29.5368 -45.6738 5.6343 9.9683 0.3927 251.9235
22.9400 -29.3739 -45.7889 5.6425 9.9721 0.1077 198.2361
22.9600 -29.2106 -45.9036 5.6506 9.9295 0.8000 1305.0663
22.9800 -29.0467 -46.0159 5.6597 9.9702 0.0662 2776.1621
23.0000 -28.8821 -46.1286 5.6681 10.0168 -0.0964 3857.9707
23.0200 -28.7173 -46.2426 5.6752 10.0052 0.5293 2323.9165
23.0400 -28.5515 -46.3546 5.6830 9.9945 0.5607 2527.7063
23.0600 -28.3846 -46.4646 5.6916 10.0055 0.0413 657.1995
23.0800 -28.2174 -46.5746 5.6994 9.9921 0.0767 -986.6276
23.1000 -28.0500 -46.6837 5.7070 10.0112 -0.0679 1694.7344
23.1200 -27.8826 -46.7936 5.7132 10.0255 -0.2053 2335.3687
23.1400 -27.7155 -46.9045 5.7177 10.0077 -0.0323 -1218.9927
23.1600 -27.5487 -47.0152 5.7213 9.9715 0.4421 136.0262
23.1800 -27.3813 -47.1235 5.7257 9.9743 0.0730 441.5139
23.2000 -27.2131 -47.2309 5.7301 9.9631 -0.1302 -167.7000
23.2200 -27.0456 -47.3389 5.7331 9.9263 0.8000 1925.0823
23.2400 -26.8775 -47.4446 5.7369 9.9601 -0.0244 2611.5413
23.2600 -26.7089 -47.5506 5.7400 9.9423 0.4262 1385.2383
23.2800 -26.5394 -47.6546 5.7439 9.9006 0.8000 1553.7068
23.3000 -26.3695 -47.7563 5.7487 9.9060 -0.6002 3926.5706
23.3200 -26.2001 -47.8591 5.7519 9.8891 0.4251 1438.0333
23.3400 -26.0299 -47.9599 5.7560 9.8574 0.5843 1227.1796
23.3600 -25.8592 -48.0585 5.7609 9.8359 0.4838 1394.5858
23.3800 -25.6878 -48.1551 5.7667 9.8279 0.5957 2938.8191
23.4000 -25.5155 -48.2497 5.7734 9.8385 0.1343 1153.7350
23.4200 -25.3424 -48.3433 5.7803 9.8617 -0.1578 2595.7773
23.4400 -25.1695 -48.4381 5.7857 9.8680 0.3685 2771.1206
23.4600 -24.9954 -48.5311 5.7919 9.8544 -0.2758 717.1039
23.4800 -24.8221 -48.6250 5.7964 9.8183 0.4994 436.6226
23.5000 -24.6484 -48.7167 5.8017 9.7750 0.5805 333.0844
23.5200 -24.4745 -48.8060 5.8079 9.8160 0.3179 4914.2974
23.5400 -24.2989 -48.8938 5.8148 9.7925 0.8000 2768.2402
23.5600 -24.1228 -48.9795 5.8225 9.8221 0.2652 3624.5015
23.5800 -23.9452 -49.0636 5.8309 9.7966 -0.0372 -1879.7568
23.6000 -23.7684 -49.1480 5.8380 9.7596 0.8000 1834.8452
23.6200 -23.5913 -49.2300 5.8459 9.7433 0.1675 -615.6304
23.6400 -23.4137 -49.3104 5.8540 9.7576 0.0072 984.5015
23.6600 -23.2360 -49.3909 5.8612 9.7680 0.4301 3395.2437
23.6800 -23.0571 -49.4695 5.8691 9.7950 -0.0434 2141.2834
23.7000 -22.8779 -49.5487 5.8757 9.7705 0.5029 1311.7162
23.7200 -22.6983 -49.6256 5.8830 9.7957 0.1483 2436.0476
23.7400 -22.5175 -49.7011 5.8906 9.8020 0.0341 422.8444
23.7600 -22.3365 -49.7764 5.8974 9.8065 0.0103 335.7358
23.7800 -22.1553 -49.8515 5.9034 9.8008 0.2844 1360.8004
23.8000 -21.9734 -49.9244 5.9102 9.7212 0.7874 -1352.2244
23.8200 -21.7921 -49.9946 5.9176 9.7450 0.1256 2153.0222
23.8400 -21.6098 -50.0637 5.9251 9.7521 -0.1171 1129.8219
23.8600 -21.4277 -50.1335 5.9310 9.7813 0.0297 2230.7078
23.8800 -21.2448 -50.2030 5.9364 9.7799 -0.2444 1465.8062
23.9000 -21.0623 -50.2735 5.9400 9.7707 0.4703 2291.5781
23.9200 -20.8792 -50.3418 5.9444 9.7412 -0.8000 2441.2053
23.9400 -20.6970 -50.4110 5.9471 9.7297 0.8000 3686.5042
23.9600 -20.5143 -50.4781 5.9505 9.7669 0.0817 3076.6948
23.9800 -20.3305 -50.5442 5.9540 9.7945 0.1193 2591.4888
24.0000 -20.1456 -50.6090 5.9580 9.7938 0.0500 49.3513
24.0200 -19.9605 -50.6730 5.9618 9.7846 0.2003 441.6301
24.0400 -19.7749 -50.7351 5.9663 9.8690 -0.0670 6568.9175
24.0600 -19.5879 -50.7982 5.9698 9.8578 0.6859 3200.8655
24.0800 -19.4004 -50.8593 5.9741 9.8838 0.3538 4104.8896
24.1000 -19.2118 -50.9185 5.9792 9.9084 0.2590 3336.0215
24.1200 -19.0222 -50.9760 5.9851 9.9048 -0.1878 833.2060
24.1400 -18.8330 -51.0346 5.9895 9.9203 0.0430 1213.9421
24.1600 -18.6433 -51.0927 5.9936 9.9078 -0.2966 967.9138
24.1800 -18.4542 -51.1520 5.9962 9.9356 0.3069 3985.6714
24.2000 -18.2639 -51.2095 5.9995 9.8869 0.6195 161.8890
24.2200 -18.0740 -51.2647 6.0038 9.9107 0.1277 2274.1204
24.2400 -17.8833 -51.3186 6.0085 9.9639 0.0721 4109.6201
24.2600 -17.6913 -51.3721 6.0132 9.9685 -0.1511 1170.9597
24.2800 -17.4995 -51.4265 6.0164 9.9539 -0.2002 101.0382
24.3000 -17.3084 -51.4821 6.0182 9.9371 0.1595 -400.3359
24.3200 -17.1170 -51.5359 6.0207 9.9196 0.4411 1478.6010
24.3400 -16.9255 -51.5876 6.0241 9.9118 0.3438 1602.6292
24.3600 -16.7336 -51.6373 6.0285 9.8762 -0.8000 1949.6803
24.3800 -16.5427 -51.6882 6.0313 9.8268 -0.8000 985.4178
24.4000 -16.3531 -51.7401 6.0326 9.7786 0.7562 875.7064
24.4200 -16.1640 -51.7899 6.0348 9.7633 -0.0266 -1090.6310
24.4400 -15.9752 -51.8396 6.0365 9.8025 0.0130 2957.9048
24.4600 -15.7855 -51.8892 6.0381 9.7737 0.5158 1061.9167
24.4800 -15.5959 -51.9367 6.0406 9.7741 -0.0620 229.5010
24.5000 -15.4064 -51.9847 6.0424 9.7959 -0.1037 2060.9414
24.5200 -15.2167 -52.0337 6.0431 9.8134 0.0294 1365.6624
24.5400 -15.0264 -52.0821 6.0440 9.7687 -0.1312 -2754.2393
24.5600 -14.8373 -52.1313 6.0438 9.8054 -0.1612 3525.0908
24.5800 -14.6478 -52.1817 6.0425 9.7981 0.0874 -191.8978
24.6000 -14.4581 -52.2309 6.0419 9.7760 0.3491 568.4135
24.6200 -14.2684 -52.2781 6.0425 9.7356 0.7272 1301.0046
24.6400 -14.0790 -52.3234 6.0443 9.7588 0.1720 2597.3567
24.6600 -13.8888 -52.3674 6.0469 9.7325 0.8000 2607.3760
24.6800 -13.6987 -52.4095 6.0507 9.7499 0.2376 2589.8066
24.7000 -13.5079 -52.4501 6.0554 9.7380 0.2663 597.9546
24.7200 -13.3170 -52.4888 6.0611 9.7264 0.3105 920.3037
24.7400 -13.1259 -52.5257 6.0678 9.6858 -0.5521 225.9191
24.7600 -12.9360 -52.5639 6.0731 9.7186 -0.0798 2759.4192
24.7800 -12.7456 -52.6031 6.0772 9.7261 -0.2840 2335.9441
24.8000 -12.5554 -52.6437 6.0798 9.7203 -0.3725 1927.5796
24.8200 -12.3655 -52.6857 6.0809 9.7168 0.3808 2150.0898
24.8400 -12.1753 -52.7258 6.0830 9.7411 0.2284 3166.8652
24.8600 -11.9843 -52.7641 6.0859 9.7597 0.1281 1906.6582
24.8800 -11.7927 -52.8011 6.0894 9.7432 -0.2665 447.0177
24.9000 -11.6016 -52.8396 6.0915 9.7255 0.2704 372.6647
24.9200 -11.4106 -52.8761 6.0945 9.6885 -0.1135 -2252.8030
24.9400 -11.2204 -52.9134 6.0964 9.7170 0.1099 2570.4290
24.9600 -11.0295 -52.9495 6.0988 9.7255 -0.1084 1119.8557
24.9800 -10.8385 -52.9866 6.1002 9.7689 0.0718 3474.3916
25.0000 -10.6466 -53.0229 6.1019 9.7971 0.1792 3072.7004
25.0200 -10.4537 -53.0577 6.1045 9.8049 -0.0900 944.8035
25.0400 -10.2609 -53.0933 6.1061 9.7643 0.8000 1610.9335
25.0600 -10.0685 -53.1269 6.1087 9.7159 0.7285 715.6803
25.0800 -9.8768 -53.1585 6.1124 9.6854 -0.2443 -776.1815
25.1000 -9.6859 -53.1914 6.1147 9.7046 -0.2279 2819.4976
25.1200 -9.4948 -53.2257 6.1156 9.7138 0.5648 4028.9014
25.1400 -9.3033 -53.2582 6.1175 9.6891 0.8000 2734.7573
25.1600 -9.1119 -53.2888 6.1205 9.6973 -0.0088 617.4871
25.1800 -8.9205 -53.3196 6.1230 9.7095 -0.2592 2519.0315
25.2000 -8.7290 -53.3519 6.1241 9.7238 0.0150 1089.0829
25.2200 -8.5371 -53.3839 6.1252 9.7234 0.2054 1172.4523
25.2400 -8.3450 -53.4142 6.1272 9.6939 0.0904 -1939.7168
25.2600 -8.1534 -53.4433 6.1297 9.7069 -0.1284 1608.8691
25.2800 -7.9616 -53.4737 6.1310 9.7168 -0.1704 1667.3010
25.3000 -7.7698 -53.5053 6.1312 9.7226 0.1247 1017.1145
25.3200 -7.5778 -53.5355 6.1321 9.7294 -0.2495 2046.7004
25.3400 -7.3858 -53.5673 6.1316 9.7262 0.2549 1358.9701
25.3600 -7.1936 -53.5973 6.1323 9.7292 0.1440 928.2780
25.3800 -7.0011 -53.6258 6.1339 9.7525 0.0955 2055.0120
25.4000 -6.8080 -53.6535 6.1359 9.7493 -0.1382 460.1493
25.4200 -6.6152 -53.6824 6.1369 9.7306 0.8000 3153.9685
25.4400 -6.4224 -53.7095 6.1390 9.7156 -0.0395 -1036.4333
25.4600 -6.2301 -53.7370 6.1405 9.7143 -0.3719 2242.3433
25.4800 -6.0380 -53.7662 6.1406 9.6907 -0.1294 -1200.6947
25.5000 -5.8465 -53.7963 6.1398 9.6708 0.8000 3065.6279
25.5200 -5.6552 -53.8246 6.1401 9.6529 0.5969 2275.1492
25.5400 -5.4640 -53.8511 6.1416 9.6973 0.0424 3380.2017
25.5600 -5.2718 -53.8772 6.1433 9.6950 -0.2744 1554.1407
25.5800 -5.0799 -53.9050 6.1436 9.6947 -0.1595 800.1652
25.6000 -4.8882 -53.9341 6.1429 9.6978 -0.2274 1563.8679
25.6200 -4.6966 -53.9646 6.1410 9.7253 0.0044 2041.0507
25.6400 -4.5044 -53.9948 6.1394 9.7398 0.0999 1518.2085
25.6600 -4.3118 -54.0238 6.1386 9.7512 0.8000 5158.0742
25.6800 -4.1187 -54.0513 6.1389 9.7855 -0.1533 3353.1885
25.7000 -3.9252 -54.0803 6.1383 9.7951 0.2647 2366.5273
25.7200 -3.7312 -54.1076 6.1389 9.8330 0.1247 3359.7095
25.7400 -3.5363 -54.1339 6.1403 9.8368 -0.0486 415.8807
25.7600 -3.3414 -54.1609 6.1412 9.8145 0.4246 1011.2455
25.7800 -3.1467 -54.1862 6.1433 9.8315 0.3860 3621.3943
25.8000 -2.9515 -54.2098 6.1465 9.8531 0.2203 2767.9346
25.8200 -2.7556 -54.2319 6.1508 9.8442 0.1846 121.5548
25.8400 -2.5598 -54.2527 6.1558 9.8215 -0.3886 668.3379
25.8600 -2.3646 -54.2750 6.1595 9.8401 -0.1350 2081.8828
25.8800 -2.1692 -54.2986 6.1620 9.8194 0.2318 -195.0150
25.9000 -1.9740 -54.3203 6.1654 9.7929 0.7317 2289.9761
25.9200 -1.7791 -54.3401 6.1699 9.7945 -0.5294 3264.8945
25.9400 -1.5844 -54.3613 6.1730 9.7756 0.4034 1128.7849
25.9600 -1.3898 -54.3806 6.1771 9.8020 0.2503 3387.5864
25.9800 -1.1945 -54.3981 6.1821 9.8558 0.2812 5558.9092
26.0000 -0.9980 -54.4139 6.1880 9.8443 0.1785 -166.8463
26.0200 -0.8016 -54.4282 6.1945 9.8218 0.4784 1201.9510
26.0400 -0.6054 -54.4404 6.2019 9.8478 0.3543 3944.4121
26.0600 -0.4087 -54.4507 6.2101 9.8244 0.2956 -191.7337
26.0800 -0.2123 -54.4590 6.2192 9.8166 -0.1151 -120.4187
26.1000 -0.0161 -54.4683 6.2267 9.7939 0.4370 961.0762
26.1200 0.1797 -54.4754 6.2351 9.7791 0.2683 297.4137
26.1400 0.3752 -54.4804 6.2441 9.6994 0.8000 -1468.0592
26.1600 0.5693 -54.4831 6.2538 9.7416 0.1789 3630.8118
26.1800 0.7641 -54.4843 6.2638 9.7513 -0.0037 576.5706
26.2000 0.9592 -54.4859 6.2725 9.7095 0.8000 1449.6499
26.2200 1.1534 -54.4850 6.2820 9.6710 0.4566 -108.7100
26.2400 1.3468 -54.4818 6.2921 9.6740 0.0910 143.5129
26.2600 1.5403 -54.4778 6.3017 9.7069 -0.1583 3330.3809
26.2800 1.7344 -54.4747 6.3096 9.6965 0.4836 2226.0557
26.3000 1.9282 -54.4692 6.3181 9.7428 0.0752 3535.1821
26.3200 2.1230 -54.4628 6.3262 9.7999 0.1065 4561.5923
26.3400 2.3188 -54.4549 6.3341 9.7727 -0.7303 2272.5156
26.3600 2.5142 -54.4481 6.3402 9.7676 -0.0698 -66.1246
26.3800 2.7095 -54.4416 6.3450 9.7631 0.3857 2177.2683
26.4000 2.9046 -54.4327 6.3504 9.7748 0.1629 1734.3351
26.4200 3.0998 -54.4219 6.3562 9.7694 0.3112 1608.2401
26.4400 3.2947 -54.4087 6.3627 9.7540 0.1900 -158.5324
26.4600 3.4892 -54.3936 6.3696 9.7704 0.0034 1230.1509
26.4800 3.6840 -54.3783 6.3756 9.8194 -0.0155 3741.8186
26.5000 3.8798 -54.3628 6.3808 9.8161 0.2183 1057.8451
26.5200 4.0753 -54.3452 6.3865 9.8250 0.5666 4039.1289
26.5400 4.2708 -54.3254 6.3928 9.8510 -0.1627 2886.4504
26.5600 4.4670 -54.3064 6.3976 9.8701 0.2056 2627.1870
26.5800 4.6633 -54.2854 6.4029 9.8179 0.4975 -769.2390
26.6000 4.8582 -54.2622 6.4090 9.7877 0.4134 367.7115
26.6200 5.0523 -54.2368 6.4159 9.7926 -0.2204 1723.8531
26.6400 5.2467 -54.2126 6.4211 9.8381 -0.0760 3733.6003
26.6600 5.4420 -54.1886 6.4250 9.8174 0.3143 497.7853
26.6800 5.6366 -54.1625 6.4297 9.8017 -0.2650 538.9290
26.7000 5.8311 -54.1376 6.4327 9.8309 0.1370 2874.9175
26.7200 6.0259 -54.1109 6.4362 9.8513 0.0217 1582.9766
26.7400 6.2211 -54.0835 6.4394 9.8391 0.2218 425.2449
26.7600 6.4156 -54.0542 6.4434 9.8662 0.0050 2054.5723
26.7800 6.6107 -54.0244 6.4468 9.9024 -0.1819 3744.3882
26.8000 6.8067 -53.9957 6.4488 9.9106 -0.0809 893.7174
26.8200 7.0029 -53.9673 6.4498 9.8749 0.2730 -929.3647
26.8400 7.1981 -53.9369 6.4518 9.8640 0.1984 338.6385
26.8600 7.3927 -53.9048 6.4545 9.8746 -0.2769 2540.9409
26.8800 7.5878 -53.8740 6.4558 9.8622 0.3210 1134.2223
26.9000 7.7823 -53.8412 6.4580 9.8859 -0.3283 3804.3672
26.9200 7.9775 -53.8097 6.4588 9.9051 0.1235 2019.7249
26.9400 8.1729 -53.7767 6.4603 9.8872 0.2333 87.5218
26.9600 8.3675 -53.7418 6.4627 9.8377 0.6048 6.7745
26.9800 8.5609 -53.7053 6.4661 9.8446 -0.0811 831.6520
27.0000 8.7545 -53.6695 6.4686 9.7961 0.5359 -298.9944
27.0200 8.9468 -53.6319 6.4721 9.7252 0.8000 -649.9819
27.0400 9.1373 -53.5927 6.4766 9.7182 -0.3310 1535.8584
27.0600 9.3280 -53.5550 6.4797 9.6810 0.2855 -1008.4664
27.0800 9.5175 -53.5154 6.4837 9.6195 0.8000 51.5084
27.1000 9.7055 -53.4742 6.4888 9.5989 0.5194 1616.5819
27.1200 9.8926 -53.4310 6.4948 9.6165 0.0661 1258.8175
27.1400 10.0799 -53.3874 6.5006 9.5789 0.3664 -568.8877
27.1600 10.2661 -53.3419 6.5073 9.5452 -0.7171 1629.6635
27.1800 10.4518 -53.2979 6.5125 9.5504 0.4847 3309.6360
27.2000 10.6372 -53.2519 6.5185 9.5584 0.5459 3785.8037
27.2200 10.8223 -53.2038 6.5254 9.5892 0.0529 2193.5427
27.2400 11.0079 -53.1553 6.5318 9.6645 -0.0105 5613.8252
27.2600 11.1949 -53.1067 6.5374 9.6629 0.0216 -163.9745
27.2800 11.3819 -53.0579 6.5423 9.7169 -0.1238 4662.1460
27.3000 11.5702 -53.0097 6.5459 9.7088 -0.2267 804.1080
27.3200 11.7586 -52.9627 6.5480 9.7102 -0.7612 4380.8560
27.3400 11.9474 -52.9168 6.5485 9.6969 0.4683 1938.2140
27.3600 12.1354 -52.8691 6.5499 9.6375 -0.8000 251.7069
27.3800 12.3226 -52.8230 6.5497 9.6360 -0.3029 1779.7297
27.4000 12.5102 -52.7783 6.5481 9.6160 -0.4611 1350.8796
27.4200 12.6978 -52.7351 6.5450 9.6158 -0.1406 365.6584
27.4400 12.8855 -52.6926 6.5411 9.6500 0.2983 4274.9736
27.4600 13.0734 -52.6482 6.5383 9.6498 0.3070 1889.1450
27.4800 13.2608 -52.6021 6.5366 9.6959 0.0004 3441.2700
27.5000 13.4490 -52.5555 6.5352 9.7094 -0.1201 1459.2898
27.5200 13.6378 -52.5098 6.5330 9.7319 0.0932 2076.1060
27.5400 13.8267 -52.4629 6.5317 9.7312 0.3610 2212.8521
27.5600 14.0152 -52.4143 6.5317 9.7500 0.0993 1781.1228
27.5800 14.2038 -52.3648 6.5325 9.7105 0.5064 207.4316
27.6000 14.3912 -52.3138 6.5345 9.7084 -0.2113 1107.4414
27.6200 14.5790 -52.2644 6.5353 9.6909 0.3240 756.7101
27.6400 14.7660 -52.2135 6.5374 9.7225 0.1428 2946.4048
27.6600 14.9533 -52.1612 6.5403 9.7089 0.1602 -338.2566
27.6800 15.1401 -52.1078 6.5440 9.7053 0.6143 3315.0356
27.7000 15.3263 -52.0527 6.5488 9.6841 -0.2686 47.3695
27.7200 15.5125 -51.9993 6.5522 9.6975 -0.1073 1493.9167
27.7400 15.6992 -51.9469 6.5546 9.7124 0.0156 1103.4424
27.7600 15.8862 -51.8943 6.5568 9.7374 0.0065 1871.4254
27.7800 16.0736 -51.8415 6.5587 9.7301 -0.1519 247.8528
27.8000 16.2613 -51.7899 6.5594 9.7419 0.4086 3400.0117
27.8200 16.4487 -51.7365 6.5612 9.7311 -0.1571 23.9779
27.8400 16.6362 -51.6844 6.5619 9.7670 -0.1748 3620.5469
27.8600 16.8247 -51.6333 6.5614 9.8104 0.0290 3309.5608
27.8800 17.0139 -51.5813 6.5611 9.7721 -0.0920 -2576.9492
27.9000 17.2026 -51.5302 6.5602 9.7944 0.0905 2031.4553
27.9200 17.3914 -51.4779 6.5599 9.8299 0.1182 3187.8352
27.9400 17.5805 -51.4242 6.5605 9.8124 0.3533 947.1805
27.9600 17.7688 -51.3689 6.5622 9.8263 -0.2157 2333.1597
27.9800 17.9578 -51.3149 6.5627 9.8420 -0.0582 1323.8378
28.0000 18.1473 -51.2615 6.5627 9.7752 0.6211 -1216.7595
28.0200 18.3349 -51.2068 6.5639 9.7524 -0.4058 863.8274
28.0400 18.5226 -51.1538 6.5638 9.7548 -0.5464 3454.2839
28.0600 18.7108 -51.1023 6.5624 9.7305 -0.0108 -1846.3862
28.0800 18.8985 -51.0508 6.5610 9.7460 -0.2598 2722.6917
28.1000 19.0869 -51.0007 6.5585 9.7892 -0.1166 3591.4497
28.1200 19.2764 -50.9513 6.5554 9.7853 0.8000 4114.3677
28.1400 19.4654 -50.9003 6.5535 9.8446 -0.1592 5169.4048
28.1600 19.6558 -50.8503 6.5508 9.8667 -0.0531 1684.6044
28.1800 19.8468 -50.8006 6.5479 9.8693 0.3151 2164.5945
28.2000 20.0374 -50.7493 6.5464 9.8723 -0.1853 1226.1897
28.2200 20.2285 -50.6995 6.5440 9.9086 0.1144 3244.3506
28.2400 20.4200 -50.6484 6.5426 9.9177 0.1847 1729.8003
28.2600 20.6113 -50.5959 6.5424 9.9002 -0.1347 -662.2619
28.2800 20.8026 -50.5449 6.5414 9.9308 -0.1233 2821.4500
28.3000 20.9948 -50.4950 6.5397 9.9494 -0.1281 1929.5703
28.3200 21.1877 -50.4462 6.5372 9.9688 -0.0639 1553.3604
28.3400 21.3812 -50.3978 6.5346 9.9750 0.2434 1969.1461
28.3600 21.5743 -50.3480 6.5332 9.9924 0.4385 3955.5630
28.3800 21.7675 -50.2965 6.5332 9.9439 0.5120 -439.2574
28.4000 21.9593 -50.2438 6.5346 9.9142 0.5245 1022.5181
28.4200 22.1501 -50.1896 6.5373 9.9469 0.0551 2437.3145
28.4400 22.3415 -50.1352 6.5402 9.9194 0.5750 1424.3320
28.4600 22.5319 -50.0792 6.5443 9.9163 0.5912 3211.4189
28.4800 22.7218 -50.0216 6.5497 9.9368 0.2494 2761.4009
28.5000 22.9116 -49.9624 6.5560 9.8942 0.8000 1307.2308
28.5200 23.1001 -49.9016 6.5634 9.8821 0.8000 3405.7644
28.5400 23.2878 -49.8391 6.5719 9.8433 0.5915 475.5844
28.5600 23.4741 -49.7749 6.5813 9.8302 0.3910 1161.4204
28.5800 23.6594 -49.7088 6.5917 9.8577 0.3061 3432.0347
28.6000 23.8446 -49.6407 6.6028 9.8738 0.3629 3028.4229
28.6200 24.0294 -49.5705 6.6146 9.8571 0.6125 2081.4629
28.6400 24.2131 -49.4984 6.6273 9.8532 0.4564 2148.8521
28.6600 24.3958 -49.4241 6.6406 9.8056 0.8000 699.7769
28.6800 24.5767 -49.3479 6.6545 9.8455 -0.0135 2635.6926
28.7000 24.7585 -49.2721 6.6670 9.8365 0.2620 462.1992
28.7200 24.9392 -49.1943 6.6797 9.7850 0.8000 613.5370
28.7400 25.1180 -49.1146 6.6931 9.7714 0.4677 1683.0613
28.7600 25.2955 -49.0327 6.7069 9.7644 0.1374 -563.4041
28.7800 25.4723 -48.9498 6.7203 9.7651 0.4189 2511.0771
28.8000 25.6481 -48.8645 6.7341 9.7139 0.8000 698.9987
28.8200 25.8217 -48.7773 6.7483 9.7417 0.0408 1829.5579
28.8400 25.9957 -48.6897 6.7612 9.7128 0.0553 -2245.4106
28.8600 26.1690 -48.6018 6.7731 9.7184 0.2443 1817.1816
28.8800 26.3412 -48.5117 6.7851 9.7621 0.1709 4010.9961
28.9000 26.5133 -48.4194 6.7971 9.7351 0.2469 -573.7913
28.9200 26.6837 -48.3252 6.8092 9.7707 0.0512 2717.5808
28.9400 26.8544 -48.2300 6.8204 9.7218 0.7402 874.8460
28.9600 27.0229 -48.1330 6.8320 9.6927 0.3805 355.5678
28.9800 27.1895 -48.0339 6.8439 9.6890 0.3768 2196.4924
29.0000 27.3547 -47.9325 6.8562 9.7179 0.0176 2224.2234
29.0200 27.5202 -47.8305 6.8671 9.7224 0.3598 2742.1589
29.0400 27.6843 -47.7262 6.8785 9.7440 -0.0889 2189.5959
29.0600 27.8490 -47.6218 6.8880 9.7231 0.6648 2600.6951
29.0800 28.0119 -47.5154 6.8979 9.6870 0.4277 197.1998
29.1000 28.1726 -47.4072 6.9082 9.6974 0.0384 942.2767
29.1200 28.3331 -47.2981 6.9176 9.6623 0.8000 2179.7024
29.1400 28.4914 -47.1873 6.9274 9.7269 0.0431 5027.9331
29.1600 28.6503 -47.0748 6.9364 9.6982 0.4005 574.8687
29.1800 28.8070 -46.9605 6.9458 9.7110 0.2694 2733.5928
29.2000 28.9625 -46.8441 6.9555 9.7264 0.0632 1362.7217
29.2200 29.1175 -46.7265 6.9647 9.7521 0.5245 5099.2959
29.2400 29.2714 -46.6066 6.9742 9.7462 0.4911 2706.2070
29.2600 29.4236 -46.4847 6.9841 9.7953 0.0020 3797.6953
29.2800 29.5763 -46.3619 6.9929 9.8139 0.1290 2038.2673
29.3000 29.7281 -46.2374 7.0016 9.7848 0.5077 1128.3083
29.3200 29.8777 -46.1112 7.0107 9.7592 0.0571 -1748.5310
29.3400 30.0263 -45.9846 7.0193 9.6613 0.8000 -2610.3076
29.3600 30.1717 -45.8573 7.0283 9.6082 0.8000 808.7130
29.3800 30.3146 -45.7288 7.0377 9.6122 0.0584 424.2681
29.4000 30.4569 -45.5995 7.0465 9.6344 -0.3269 3784.4893
29.4200 30.6001 -45.4704 7.0534 9.6150 -0.4103 1289.6882
29.4400 30.7437 -45.3423 7.0582 9.6492 -0.1136 3148.5112
29.4600 30.8880 -45.2138 7.0616 9.6467 -0.8000 4351.0293
29.4800 31.0329 -45.0859 7.0631 9.6813 0.0080 2673.1248
29.5000 31.1773 -44.9566 7.0644 9.7161 -0.0280 2640.8792
29.5200 31.3217 -44.8262 7.0653 9.7223 0.0412 626.0332
29.5400 31.4651 -44.6947 7.0663 9.7242 0.2641 1845.6121
29.5600 31.6069 -44.5615 7.0680 9.7202 -0.4368 2453.7424
29.5800 31.7496 -44.4293 7.0680 9.7273 -0.7635 4750.0254
29.6000 31.8932 -44.2977 7.0665 9.7245 -0.0062 -272.4454
29.6200 32.0361 -44.1656 7.0650 9.7489 0.3726 4053.0164
29.6400 32.1780 -44.0318 7.0644 9.7768 0.1746 3082.6995
29.6600 32.3190 -43.8962 7.0647 9.7336 -0.8000 1421.4803
29.6800 32.4604 -43.7624 7.0636 9.6959 0.4399 -61.0675
29.7000 32.5999 -43.6277 7.0635 9.6854 -0.2964 1089.7365
29.7200 32.7404 -43.4943 7.0621 9.6906 0.5017 3400.8667
29.7400 32.8797 -43.3595 7.0618 9.6795 -0.1457 -156.8936
29.7600 33.0196 -43.2257 7.0604 9.7290 0.0194 3740.4087
29.7800 33.1599 -43.0908 7.0594 9.7291 -0.1228 482.3549
29.8000 33.3008 -42.9566 7.0576 9.7200 0.4448 2080.7368
29.8200 33.4404 -42.8213 7.0570 9.7407 -0.1329 2140.9890
29.8400 33.5811 -42.6865 7.0556 9.7733 0.0645 2645.2595
29.8600 33.7217 -42.5507 7.0548 9.7112 -0.5736 -1121.9410
29.8800 33.8626 -42.4170 7.0527 9.7086 -0.1875 762.5305
29.9000 34.0045 -42.2844 7.0497 9.7361 0.0129 2052.3176
29.9200 34.1464 -42.1511 7.0472 9.7013 0.5678 875.3022
29.9400 34.2866 -42.0170 7.0460 9.7341 -0.1405 3103.7583
29.9600 34.4283 -41.8834 7.0441 9.7781 -0.1151 3716.9463
29.9800 34.5713 -41.7501 7.0415 9.7762 -0.1185 263.5704
30.0000 34.7151 -41.6175 7.0383 9.8009 0.1775 2853.3472
30.0200 34.8582 -41.4836 7.0364 9.8158 -0.2424 2555.5906
30.0400 35.0028 -41.3508 7.0335 9.8372 -0.2027 2664.6511
30.0600 35.1487 -41.2188 7.0296 9.8482 0.0017 784.6590
30.0800 35.2946 -41.0865 7.0263 9.8453 -0.2413 1173.6802
30.1000 35.4417 -40.9555 7.0220 9.8157 0.5618 1202.5016
30.1200 35.5873 -40.8238 7.0192 9.8319 -0.1403 1809.3130
30.1400 35.7340 -40.6929 7.0157 9.8756 -0.1015 3565.9714
30.1600 35.8821 -40.5622 7.0119 9.9146 0.1552 3745.1450
30.1800 36.0300 -40.4301 7.0093 9.9348 0.4657 4291.2969
30.2000 36.1772 -40.2966 7.0082 9.9327 -0.0594 12.6445
30.2200 36.3250 -40.1639 7.0068 9.9588 0.2275 3306.5679
30.2400 36.4724 -40.0298 7.0067 9.9901 -0.0350 2425.2922
30.2600 36.6206 -39.8959 7.0063 9.9753 0.8000 3423.2380
30.2800 36.7677 -39.7610 7.0074 9.9517 -0.8000 2792.7036
30.3000 36.9157 -39.6279 7.0073 9.9633 0.2381 2297.2393
30.3200 37.0628 -39.4934 7.0085 9.9826 0.6907 5252.2920
30.3400 37.2092 -39.3576 7.0109 9.9938 0.1396 1339.4680
30.3600 37.3551 -39.2209 7.0142 9.9763 0.0626 -1319.1656
30.3800 37.5006 -39.0843 7.0176 9.9719 0.0150 -407.1451
30.4000 37.6462 -38.9480 7.0207 10.0339 -0.0130 4635.2251
30.4200 37.7931 -38.8113 7.0234 10.0080 0.5280 1315.1172
30.4400 37.9384 -38.6735 7.0272 9.9778 0.3719 51.9951
30.4600 38.0819 -38.5348 7.0321 9.9916 0.1108 1216.0669
30.4800 38.2251 -38.3953 7.0374 10.0071 -0.1243 1748.0557
30.5000 38.3693 -38.2565 7.0414 9.9432 -0.8000 -133.5675
30.5200 38.5137 -38.1197 7.0440 9.9177 0.3279 182.1448
30.5400 38.6563 -37.9819 7.0476 9.9039 0.1514 -392.7663
30.5600 38.7977 -37.8432 7.0518 9.8953 -0.5059 2433.0662
30.5800 38.9400 -37.7057 7.0546 9.9116 -0.2559 2806.6431
30.6000 39.0836 -37.5689 7.0559 9.8636 -0.4732 -613.3966
30.6200 39.2275 -37.4339 7.0557 9.8672 0.3132 2253.9819
30.6400 39.3700 -37.2975 7.0566 9.8519 0.4825 1859.8567
30.6600 39.5111 -37.1598 7.0585 9.8266 0.0612 -1766.2322
30.6800 39.6512 -37.0220 7.0607 9.8449 0.2634 2968.8191
30.7000 39.7903 -36.8827 7.0639 9.8038 0.2909 -1293.1125
30.7200 39.9275 -36.7425 7.0681 9.8387 0.0862 2744.9785
30.7400 40.0646 -36.6014 7.0725 9.8553 -0.1675 2172.4795
30.7600 40.2029 -36.4610 7.0756 9.8674 -0.0162 928.8739
30.7800 40.3416 -36.3205 7.0781 9.8088 0.5735 -855.2618
30.8000 40.4780 -36.1795 7.0817 9.8246 0.1059 1495.3730
30.8200 40.6138 -36.0375 7.0856 9.8334 0.0105 623.8949
30.8400 40.7498 -35.8954 7.0891 9.8585 0.0757 2033.3359
30.8600 40.8855 -35.7524 7.0928 9.8429 0.5552 2213.4124
30.8800 41.0195 -35.6082 7.0974 9.8634 -0.1268 2162.4636
30.9000 41.1547 -35.4645 7.1008 9.9151 0.0254 3882.0259
30.9200 41.2903 -35.3198 7.1040 9.8723 0.5655 292.2019
30.9400 41.4238 -35.1744 7.1081 9.8568 -0.2163 152.8542
30.9600 41.5581 -35.0301 7.1108 9.8694 -0.1212 1517.7891
30.9800 41.6933 -34.8862 7.1123 9.9374 -0.0113 5121.0317
31.0000 41.8293 -34.7413 7.1134 9.9468 0.0720 942.2549
31.0200 41.9646 -34.5955 7.1150 9.9593 -0.1645 1810.3553
31.0400 42.1010 -34.4502 7.1153 9.9593 0.5695 3410.5566
31.0600 42.2360 -34.3037 7.1166 9.9914 -0.1561 3204.2844
31.0800 42.3722 -34.1575 7.1168 9.9622 0.8000 2424.2151
31.1000 42.5066 -34.0105 7.1180 9.9760 0.0881 1332.7533
31.1200 42.6405 -33.8625 7.1198 10.0014 -0.0516 2039.5901
31.1400 42.7751 -33.7145 7.1209 10.0321 0.0910 2626.5027
31.1600 42.9093 -33.5654 7.1225 10.0477 -0.0586 1336.9950
31.1800 43.0442 -33.4164 7.1234 10.0905 0.0571 3350.1875
31.2000 43.1790 -33.2663 7.1247 10.0967 0.1891 1507.1932
31.2200 43.3128 -33.1150 7.1269 10.0612 0.3891 -194.7108
31.2400 43.4446 -32.9629 7.1302 10.0749 0.0476 1034.1409
31.2600 43.5764 -32.8105 7.1335 10.0535 0.0951 -1377.6168
31.2800 43.7072 -32.6578 7.1372 10.0519 -0.1713 848.6739
31.3000 43.8390 -32.5060 7.1396 10.0793 0.3444 4146.3101
31.3200 43.9698 -32.3525 7.1430 10.1038 -0.1356 2518.9697
31.3400 44.1017 -32.1995 7.1452 10.1143 0.3393 2907.2627
31.3600 44.2324 -32.0451 7.1485 10.1344 -0.1408 2232.3931
31.3800 44.3642 -31.8911 7.1505 10.1122 0.4831 1361.4282
31.4000 44.4943 -31.7362 7.1536 10.1256 -0.0565 1174.4763
31.4200 44.6250 -31.5816 7.1558 10.0981 0.7421 2294.8132
31.4400 44.7539 -31.4260 7.1591 10.0474 0.8000 859.1089
31.4600 44.8806 -31.2701 7.1634 10.0071 0.4335 -316.9650
31.4800 45.0052 -31.1134 7.1688 9.9783 -0.8000 2378.6790
31.5000 45.1306 -30.9582 7.1727 9.9534 0.8000 2708.7271
31.5200 45.2541 -30.8021 7.1776 9.9658 0.0753 1006.6337
31.5400 45.3773 -30.6453 7.1824 10.0207 0.1155 4430.0796
31.5600 45.5002 -30.4870 7.1876 10.0451 0.0611 1839.4312
31.5800 45.6229 -30.3279 7.1927 10.0452 0.2496 1432.0038
31.6000 45.7442 -30.1677 7.1986 10.0486 0.0187 166.7694
31.6200 45.8654 -30.0074 7.2038 10.0383 0.1842 100.6567
31.6400 45.9852 -29.8463 7.2097 10.0265 0.0234 -964.2648
31.6600 46.1048 -29.6853 7.2150 10.0643 0.1461 3407.3381
31.6800 46.2236 -29.5228 7.2208 10.0447 0.1344 -1019.0137
31.7000 46.3411 -29.3598 7.2268 9.9846 0.8000 145.1201
31.7200 46.4561 -29.1966 7.2337 9.9917 0.1320 878.3452
31.7400 46.5701 -29.0324 7.2408 9.9179 0.5690 -2132.1265
31.7600 46.6814 -28.8682 7.2488 9.9412 -0.5617 4881.7026
31.7800 46.7940 -28.7043 7.2551 9.9075 0.2216 -1337.7402
31.8000 46.9045 -28.5399 7.2620 9.8568 0.8000 845.5554
31.8200 47.0126 -28.3750 7.2697 9.9092 0.2114 4892.4863
31.8400 47.1197 -28.2083 7.2779 9.8603 -0.5124 -540.9899
31.8600 47.2273 -28.0430 7.2843 9.8255 -0.8000 2027.1741
31.8800 47.3355 -27.8789 7.2890 9.8354 0.1993 1890.9417
31.9000 47.4421 -27.7136 7.2943 9.8004 0.8000 2035.3481
31.9200 47.5464 -27.5476 7.3003 9.7986 0.2332 1203.3063
31.9400 47.6489 -27.3806 7.3069 9.7583 0.1831 -2166.1482
31.9600 47.7495 -27.2133 7.3139 9.7414 0.3686 1038.0232
31.9800 47.8479 -27.0452 7.3217 9.6731 0.8000 -493.4669
32.0000 47.9436 -26.8770 7.3303 9.7380 0.0931 4886.7339
32.0200 48.0392 -26.7073 7.3386 9.7298 0.3286 1361.5985
32.0400 48.1328 -26.5367 7.3475 9.7441 0.1754 1680.9735
32.0600 48.2249 -26.3650 7.3567 9.7402 0.0392 -435.6987
32.0800 48.3169 -26.1932 7.3650 9.7812 0.0638 3056.6509
32.1000 48.4086 -26.0204 7.3728 9.7804 0.2156 1068.5536
32.1200 48.4984 -25.8466 7.3811 9.7487 0.8000 2220.7490
32.1400 48.5859 -25.6724 7.3900 9.7514 0.2871 1862.2340
32.1600 48.6713 -25.4970 7.3995 9.7663 -0.4726 3881.9307
32.1800 48.7578 -25.3219 7.4071 9.8302 0.2929 6433.7417
32.2000 48.8429 -25.1447 7.4153 9.8772 0.0308 3501.8960
32.2200 48.9280 -24.9664 7.4227 9.8582 0.1559 -715.2964
32.2400 49.0113 -24.7877 7.4303 9.8764 0.3982 3818.6702
32.2600 49.0926 -24.6077 7.4385 9.8571 0.8000 3108.8845
32.2800 49.1716 -24.4270 7.4473 9.8180 0.8000 1697.1248
32.3000 49.2480 -24.2462 7.4568 9.8060 0.3086 941.4417
32.3200 49.3222 -24.0646 7.4668 9.8436 0.3043 4510.6753
32.3400 49.3946 -23.8815 7.4773 9.8183 -0.4465 841.2723
32.3600 49.4677 -23.6993 7.4859 9.8301 -0.0262 990.4568
32.3800 49.5410 -23.5168 7.4932 9.8046 0.5072 1321.6494
32.4000 49.6118 -23.3339 7.5011 9.7718 0.3726 -33.4981
32.4200 49.6800 -23.1508 7.5097 9.8127 0.1435 3619.0435
32.4400 49.7469 -22.9663 7.5182 9.8194 0.2858 2242.0740
32.4600 49.8117 -22.7809 7.5273 9.8003 -0.0315 -1317.3589
32.4800 49.8765 -22.5959 7.5351 9.8186 -0.1320 2130.2810
32.5000 49.9421 -22.4108 7.5411 9.8437 0.0061 1977.4476
32.5200 50.0072 -22.2249 7.5465 9.8346 0.1053 -194.4231
32.5400 50.0707 -22.0387 7.5519 9.8010 0.3735 -49.6010
32.5600 50.1317 -21.8524 7.5580 9.8134 -0.4960 3965.5527
32.5800 50.1938 -21.6661 7.5623 9.7863 0.5453 1414.3564
32.6000 50.2534 -21.4797 7.5672 9.7978 0.0299 951.5212
32.6200 50.3123 -21.2927 7.5718 9.8339 0.0079 2772.0706
32.6400 50.3708 -21.1049 7.5758 9.8246 0.5488 2701.1021
32.6600 50.4271 -20.9167 7.5805 9.8240 -0.1080 482.1782
32.6800 50.4841 -20.7286 7.5839 9.8392 0.0266 1224.3915
32.7000 50.5402 -20.5399 7.5870 9.8613 0.4839 4552.5537
32.7200 50.5945 -20.3503 7.5909 9.8467 0.5605 2354.7109
32.7400 50.6465 -20.1604 7.5956 9.8613 -0.0652 1340.1848
32.7600 50.6991 -19.9703 7.5991 9.8312 0.8000 2384.7864
32.7800 50.7495 -19.7802 7.6035 9.8854 -0.1411 4795.6021
32.8000 50.8010 -19.5893 7.6066 9.9072 -0.4178 4177.7954
32.8200 50.8538 -19.3983 7.6080 9.9512 0.2102 4537.2383
32.8400 50.9049 -19.2059 7.6103 9.9665 0.2280 2526.2314
32.8600 50.9542 -19.0128 7.6133 9.9744 0.5241 3748.9531
32.8800 51.0016 -18.8190 7.6172 9.9908 0.0769 1400.3130
32.9000 51.0481 -18.6247 7.6213 10.0240 -0.0404 2598.1848
32.9200 51.0952 -18.4298 7.6245 10.0290 0.0138 383.3137
32.9400 51.1420 -18.2347 7.6274 10.0209 -0.0767 -330.2869
32.9600 51.1893 -18.0400 7.6293 10.0117 0.1816 331.9530
32.9800 51.2348 -17.8450 7.6320 10.0075 -0.2752 1436.1123
33.0000 51.2817 -17.6504 7.6332 10.0005 0.2424 986.1032
33.0200 51.3266 -17.4555 7.6353 9.9715 -0.4353 590.3883
33.0400 51.3729 -17.2615 7.6359 10.0282 0.0802 4541.4717
33.0600 51.4182 -17.0661 7.6370 10.0059 0.2235 -315.7516
33.0800 51.4616 -16.8707 7.6391 10.0454 -0.0935 3329.0608
33.1000 51.5060 -16.6748 7.6402 10.0160 -0.4289 521.6190
33.1200 51.5518 -16.4797 7.6398 10.0632 -0.1377 4120.4082
33.1400 51.5987 -16.2840 7.6385 10.0410 0.4568 1191.4741
33.1600 51.6437 -16.0882 7.6383 10.0112 0.4519 612.3220
33.1800 51.6867 -15.8927 7.6393 9.9828 -0.3821 310.7498
33.2000 51.7312 -15.6981 7.6389 9.9662 -0.2999 650.1709
33.2200 51.7773 -15.5041 7.6372 9.9412 0.2387 -395.9373
33.2400 51.8215 -15.3102 7.6366 9.8906 0.3198 -1763.3207
33.2600 51.8637 -15.1170 7.6373 9.9149 0.2273 3155.8455
33.2800 51.9045 -14.9229 7.6390 9.8990 0.2300 144.4972
33.3000 51.9436 -14.7288 7.6419 9.9032 0.0673 385.1034
33.3200 51.9823 -14.5345 7.6450 9.9373 0.0384 2530.4380
33.3400 52.0210 -14.3396 7.6480 9.9608 0.0025 1728.8247
33.3600 52.0599 -14.1442 7.6506 9.9836 -0.0009 1689.7379
33.3800 52.0992 -13.9484 7.6529 9.9856 -0.3258 2201.5854
33.4000 52.1400 -13.7529 7.6539 9.9535 0.5704 1119.1721
33.4200 52.1788 -13.5577 7.6559 9.9280 -0.8000 2672.2085
33.4400 52.2191 -13.3632 7.6566 9.9253 -0.3092 1758.1156
33.4600 52.2608 -13.1691 7.6559 9.8863 0.7805 1635.8164
33.4800 52.3007 -12.9755 7.6563 9.8901 0.1149 776.0474
33.5000 52.3393 -12.7815 7.6575 9.8856 -0.3279 1746.3427
33.5200 52.3794 -12.5879 7.6574 9.9037 -0.1304 1924.2833
33.5400 52.4207 -12.3941 7.6563 9.9688 0.0422 4988.5410
33.5600 52.4616 -12.1990 7.6556 9.9864 0.1879 2384.6831
33.5800 52.5009 -12.0032 7.6561 10.0163 0.0996 2612.2402
33.6000 52.5393 -11.8066 7.6572 10.0032 0.3736 1391.7195
33.6200 52.5760 -11.6099 7.6595 10.0021 0.3040 1797.5723
33.6400 52.6109 -11.4128 7.6629 10.0041 -0.0898 509.4653
33.6600 52.6469 -11.2160 7.6655 9.9873 0.1086 -912.9365
33.6800 52.6819 -11.0193 7.6685 9.9750 -0.3160 1074.0315
33.7000 52.7184 -10.8232 7.6702 9.9773 0.2736 1864.4526
33.7200 52.7531 -10.6267 7.6730 9.9514 0.2830 -196.9111
33.7400 52.7859 -10.4304 7.6768 9.9477 0.5967 3240.5400
33.7600 52.8169 -10.2338 7.6817 9.9590 -0.2093 2066.9609
33.7800 52.8494 -10.0373 7.6852 9.9603 -0.2321 1524.4674
33.8000 52.8833 -9.8410 7.6873 9.9150 -0.5154 -172.3860
33.8200 52.9185 -9.6458 7.6879 9.9036 -0.0988 -496.1903
33.8400 52.9544 -9.4510 7.6877 9.8808 -0.4022 844.7658
33.8600 52.9918 -9.2569 7.6860 9.8808 -0.3876 2400.5801
33.8800 53.0308 -9.0631 7.6830 9.8429 0.6065 805.5085
33.9000 53.0678 -8.8697 7.6812 9.8710 0.1635 3003.2969
33.9200 53.1033 -8.6755 7.6803 9.8655 0.5403 2864.6638
33.9400 53.1372 -8.4811 7.6807 9.8163 0.4783 -687.3234
33.9600 53.1691 -8.2874 7.6823 9.7936 0.8000 2863.3384
33.9800 53.1993 -8.0938 7.6851 9.7672 0.5579 1424.2799
34.0000 53.2276 -7.9005 7.6891 9.7384 0.5153 983.1229
34.0200 53.2539 -7.7074 7.6943 9.7150 0.5651 1612.4692
34.0400 53.2784 -7.5146 7.7006 9.6760 0.3373 -982.6505
34.0600 53.3009 -7.3222 7.7079 9.6337 0.8000 1296.8676
34.0800 53.3213 -7.1305 7.7163 9.6979 0.2030 5387.4199
34.1000 53.3405 -6.9373 7.7252 9.7456 0.2283 4369.7559
34.1200 53.3582 -6.7431 7.7346 9.7495 0.8000 4446.3413
34.1400 53.3739 -6.5486 7.7448 9.7548 0.4908 3095.0410
34.1600 53.3875 -6.3538 7.7559 9.7887 0.3327 4136.8242
34.1800 53.3990 -6.1582 7.7676 9.8074 0.3798 3364.2087
34.2000 53.4084 -5.9621 7.7799 9.7997 0.8000 3580.8140
34.2200 53.4155 -5.7661 7.7930 9.7722 0.3487 -336.6898
34.2400 53.4202 -5.5706 7.8066 9.7956 -0.1923 2607.8472
34.2600 53.4259 -5.3747 7.8183 9.7668 0.5212 935.3105
34.2800 53.4291 -5.1794 7.8306 9.7602 0.1101 -588.2676
34.3000 53.4314 -4.9842 7.8424 9.8141 0.1748 4552.8457
34.3200 53.4319 -4.7879 7.8541 9.7700 0.6751 695.0994
34.3400 53.4299 -4.5925 7.8663 9.7802 0.0709 627.8272
34.3600 53.4272 -4.3969 7.8777 9.7493 0.8000 2287.7161
34.3800 53.4219 -4.2020 7.8895 9.7224 0.5689 1455.5027
34.4000 53.4141 -4.0077 7.9018 9.7314 0.8000 4973.7251
34.4200 53.4038 -3.8134 7.9145 9.7496 0.3704 3572.6052
34.4400 53.3909 -3.6188 7.9275 9.7440 0.4435 2288.1975
34.4600 53.3754 -3.4245 7.9410 9.7809 -0.0633 3022.5654
34.4800 53.3602 -3.2295 7.9527 9.7472 -0.8000 2176.6138
34.5000 53.3459 -3.0350 7.9623 9.7060 0.3692 -554.9557
34.5200 53.3290 -2.8416 7.9723 9.7526 0.0851 3815.6826
34.5400 53.3106 -2.6473 7.9819 9.7567 -0.0890 868.2646
34.5600 53.2924 -2.4529 7.9897 9.7472 0.2062 656.9592
34.5800 53.2718 -2.2590 7.9979 9.7071 0.8000 1815.6001
34.6000 53.2487 -2.0662 8.0064 9.6754 -0.2776 -445.4843
34.6200 53.2265 -1.8738 8.0129 9.7129 0.0704 3184.1570
34.6400 53.2026 -1.6809 8.0192 9.7332 -0.3672 3929.0032
34.6600 53.1794 -1.4874 8.0235 9.7678 0.2283 4096.5322
34.6800 53.1537 -1.2936 8.0283 9.7591 0.0355 -448.0002
34.7000 53.1268 -1.1002 8.0327 9.7801 -0.0181 1697.9685
34.7200 53.0992 -0.9064 8.0364 9.8255 -0.0280 3524.9443
34.7400 53.0710 -0.7118 8.0394 9.8262 0.1554 982.3164
34.7600 53.0406 -0.5175 8.0428 9.8512 0.2336 3354.7434
34.7800 53.0079 -0.3232 8.0468 9.8649 0.3495 3261.1394
34.8000 52.9730 -0.1290 8.0515 9.8263 -0.6302 995.7652
34.8200 52.9393 0.0647 8.0544 9.8405 0.1571 1946.9489
34.8400 52.9037 0.2583 8.0578 9.8269 0.3797 1432.9916
34.8600 52.8659 0.4512 8.0621 9.7982 -0.4613 787.2563
34.8800 52.8295 0.6438 8.0646 9.7943 -0.1541 510.8293
34.9000 52.7939 0.8365 8.0658 9.7805 -0.0270 -1004.3112
34.9200 52.7580 1.0289 8.0665 9.8319 -0.0501 3936.5188
34.9400 52.7219 1.2222 8.0666 9.8298 -0.1657 632.2695
34.9600 52.6867 1.4157 8.0654 9.8262 0.5209 2878.7290
34.9800 52.6495 1.6088 8.0653 9.8407 -0.3390 3187.2214
35.0000 52.6137 1.8024 8.0637 9.8601 -0.0673 1513.1902
35.0200 52.5779 1.9964 8.0616 9.8616 0.0568 284.7301
35.0400 52.5411 2.1902 8.0602 9.8622 -0.1044 346.3761
35.0600 52.5049 2.3841 8.0580 9.8590 0.4555 2546.1724
35.0800 52.4670 2.5776 8.0570 9.8257 -0.4141 126.6182
35.1000 52.4309 2.7708 8.0547 9.8169 -0.4061 1869.0962
35.1200 52.3965 2.9642 8.0512 9.8107 0.4266 2139.9661
35.1400 52.3605 3.1571 8.0489 9.7684 0.8000 1468.8381
35.1600 52.3230 3.3488 8.0480 9.8037 0.1464 3378.8879
35.1800 52.2841 3.5410 8.0480 9.7941 -0.7064 3380.3577
35.2000 52.2470 3.7334 8.0469 9.7852 0.0386 -593.7532
35.2200 52.2094 3.9254 8.0463 9.7671 -0.3441 847.6738
35.2400 52.1737 4.1175 8.0445 9.7854 -0.0956 1654.7845
35.2600 52.1388 4.3101 8.0421 9.8310 0.0814 3729.4189
35.2800 52.1028 4.5033 8.0406 9.8408 0.0434 836.9585
35.3000 52.0661 4.6967 8.0397 9.8847 0.0341 3352.5352
35.3200 52.0290 4.8909 8.0392 9.8584 -0.2989 -70.1429
35.3400 51.9937 5.0849 8.0375 9.8959 0.0091 2822.2937
35.3600 51.9581 5.2796 8.0361 9.9160 -0.0909 1796.2878
35.3800 51.9234 5.4748 8.0342 9.9527 0.0202 2776.9685
35.4000 51.8882 5.6708 8.0328 9.9410 -0.6477 2967.5376
35.4200 51.8548 5.8668 8.0302 9.9059 0.4780 354.7676
35.4400 51.8200 6.0618 8.0289 9.9229 0.0736 1508.6725
35.4600 51.7843 6.2570 8.0285 9.9055 -0.5743 2198.7681
35.4800 51.7505 6.4522 8.0268 9.9696 -0.0325 4834.1572
35.5000 51.7169 6.6488 8.0251 9.9354 -0.4712 404.8568
35.5200 51.6852 6.8450 8.0223 9.9058 0.3717 127.5517
35.5400 51.6521 7.0403 8.0209 9.9434 -0.0361 2867.2583
35.5600 51.6193 7.2364 8.0193 9.9605 0.0490 1405.5929
35.5800 51.5858 7.4328 8.0183 9.9151 -0.4074 -815.1216
35.6000 51.5544 7.6286 8.0162 9.8848 0.3214 -216.4628
35.6200 51.5215 7.8236 8.0155 9.8629 -0.4279 1065.2032
35.6400 51.4906 8.0184 8.0137 9.8774 0.0180 1106.0336
35.6600 51.4593 8.2134 8.0122 9.8899 -0.2066 2109.1011
35.6800 51.4296 8.4090 8.0098 9.8705 -0.8000 3090.5879
35.7000 51.4017 8.6044 8.0063 9.8383 -0.5906 1176.9791
35.7200 51.3759 8.7995 8.0017 9.8228 0.5468 2118.4165
35.7400 51.3486 8.9941 7.9984 9.7905 -0.4391 337.3235
35.7600 51.3233 9.1883 7.9942 9.8232 -0.0360 2400.0662
35.7800 51.2980 9.3831 7.9901 9.8637 0.0016 3004.4658
35.8000 51.2725 9.5788 7.9866 9.8534 0.2427 744.0410
35.8200 51.2455 9.7740 7.9846 9.8923 -0.1854 3909.0552
35.8400 51.2201 9.9702 7.9818 9.9007 0.2916 2463.4636
35.8600 51.1933 10.1664 7.9804 9.9274 -0.0538 2136.6763
35.8800 51.1672 10.3632 7.9787 9.8848 0.8000 1473.6526
35.9000 51.1397 10.5590 7.9786 9.8974 -0.1802 1965.9351
35.9200 51.1139 10.7553 7.9775 9.8813 0.5480 2156.6982
35.9400 51.0866 10.9510 7.9778 9.9066 -0.0216 1931.8107
35.9600 51.0599 11.1473 7.9779 9.9271 0.2520 3054.1523
35.9800 51.0317 11.3439 7.9793 9.9170 -0.3780 1615.4926
36.0000 51.0053 11.5405 7.9796 9.9484 -0.0906 2698.1035
36.0200 50.9799 11.7378 7.9792 9.9550 0.4184 3078.9619
36.0400 50.9529 11.9351 7.9801 9.9349 0.4421 1268.5535
36.0600 50.9242 12.1318 7.9822 9.9326 -0.1829 880.0353
36.0800 50.8972 12.3286 7.9833 9.8616 0.5308 -2061.2305
36.1000 50.8687 12.5238 7.9856 9.8211 0.7449 1348.1779
36.1200 50.8385 12.7179 7.9891 9.7921 -0.5045 917.8663
36.1400 50.8101 12.9117 7.9914 9.7990 0.2372 1888.5667
36.1600 50.7800 13.1054 7.9947 9.8064 0.0271 506.4240
36.1800 50.7499 13.2992 7.9978 9.8124 -0.0804 749.5204
36.2000 50.7207 13.4933 7.9999 9.8078 -0.0874 2.4333
36.2200 50.6925 13.6874 8.0012 9.8020 -0.3001 1468.6244
36.2400 50.6659 13.8816 8.0011 9.8191 -0.0877 1556.3959
36.2600 50.6399 14.0763 8.0003 9.8673 -0.0250 3617.3452
36.2800 50.6137 14.2719 7.9993 9.9239 0.0051 4236.1626
36.3000 50.5870 14.4686 7.9985 9.9324 -0.2639 2242.8696
36.3200 50.5619 14.6657 7.9965 9.9195 0.1997 224.4148
36.3400 50.5351 14.8622 7.9956 9.9390 0.0007 1452.6128
36.3600 50.5081 15.0592 7.9948 9.9451 -0.6377 4151.0190
36.3800 50.4828 15.2565 7.9928 9.9572 -0.1861 1847.8315
36.4000 50.4588 15.4542 7.9899 9.9791 0.1616 2519.4475
36.4200 50.4333 15.6522 7.9881 9.9138 -0.8000 -216.8284
36.4400 50.4097 15.8491 7.9851 9.9064 0.2315 864.0599
36.4600 50.3847 16.0456 7.9834 9.8786 -0.6156 1660.0677
36.4800 50.3615 16.2418 7.9806 9.8249 -0.3712 -1706.0432
36.5000 50.3403 16.4372 7.9766 9.8022 -0.3672 583.0458
36.5200 50.3210 16.6323 7.9715 9.7753 0.8000 2496.5781
36.5400 50.3002 16.8268 7.9678 9.7820 -0.1301 960.3995
36.5600 50.2807 17.0214 7.9636 9.7920 0.0338 812.0159
36.5800 50.2606 17.2162 7.9602 9.8244 0.0732 2692.4868
36.6000 50.2396 17.4116 7.9578 9.7848 0.3071 -1003.4507
36.6200 50.2172 17.6060 7.9568 9.8012 -0.5581 4490.2183
36.6400 50.1966 17.8010 7.9548 9.8268 0.1476 2674.1370
36.6600 50.1749 17.9963 7.9540 9.8444 0.0659 1499.6342
36.6800 50.1526 18.1920 7.9539 9.8288 0.3607 1126.5894
36.7000 50.1288 18.3871 7.9553 9.8182 -0.0919 -414.1039
36.7200 50.1064 18.5822 7.9558 9.8220 -0.2951 2151.3293
36.7400 50.0857 18.7776 7.9553 9.8096 0.3411 1241.1045
36.7600 50.0635 18.9725 7.9561 9.8095 0.3479 2182.7495
36.7800 50.0396 19.1673 7.9582 9.8299 0.1492 2133.4819
36.8000 50.0146 19.3624 7.9612 9.8257 0.3592 1903.9253
36.8200 49.9879 19.5571 7.9654 9.8441 -0.5405 4449.0522
36.8400 49.9628 19.7524 7.9684 9.8782 0.3318 4510.9634
36.8600 49.9359 19.9482 7.9725 9.8779 0.3714 2245.8894
36.8800 49.9071 20.1437 7.9777 9.8886 -0.1248 1391.2588
36.9000 49.8797 20.3396 7.9818 9.8721 0.2819 440.0180
36.9200 49.8505 20.5349 7.9868 9.8618 0.1909 63.9251
36.9400 49.8198 20.7298 7.9926 9.9030 -0.0138 3028.7639
36.9600 49.7895 20.9256 7.9975 9.8702 0.8000 2116.1238
36.9800 49.7574 21.1204 8.0035 9.8826 -0.0848 1251.9656
37.0000 49.7261 21.3156 8.0082 9.9255 0.0823 3349.9858
37.0200 49.6939 21.5114 8.0130 9.9084 0.2750 362.3610
37.0400 49.6599 21.7067 8.0187 9.9321 0.2799 3363.6541
37.0600 49.6238 21.9020 8.0253 9.8996 -0.2070 -1221.2063
37.0800 49.5891 22.0970 8.0303 9.9537 0.1582 4723.8955
37.1000 49.5527 22.2927 8.0357 9.9301 0.6577 2142.7922
37.1200 49.5143 22.4876 8.0421 9.9270 0.5588 3077.2192
37.1400 49.4738 22.6820 8.0492 9.8818 0.8000 1190.3286
37.1600 49.4314 22.8751 8.0573 9.8740 0.8000 3776.5637
37.1800 49.3869 23.0675 8.0661 9.9367 0.1603 5075.6724
37.2000 49.3409 23.2609 8.0751 9.9153 0.6107 1956.5565
37.2200 49.2927 23.4533 8.0849 9.8616 0.8000 480.8091
37.2400 49.2426 23.6441 8.0954 9.8668 0.6792 4095.3806
37.2600 49.1902 23.8345 8.1066 9.8926 0.2254 2729.3101
37.2800 49.1360 24.0248 8.1181 9.8860 0.4625 2172.2200
37.3000 49.0794 24.2144 8.1302 9.8838 -0.3029 1537.6617
37.3200 49.0239 24.4041 8.1405 9.8151 0.8000 -523.5537
37.3400 48.9664 24.5918 8.1513 9.8371 0.4477 4236.7368
37.3600 48.9065 24.7792 8.1627 9.7885 0.6982 455.4156
37.3800 48.8445 24.9649 8.1746 9.7773 0.7502 3352.5493
37.4000 48.7802 25.1496 8.1870 9.8027 0.1003 1825.0642
37.4200 48.7149 25.3345 8.1988 9.7912 0.8000 3592.0308
37.4400 48.6472 25.5182 8.2110 9.8327 0.3284 4935.5303
37.4600 48.5771 25.7020 8.2236 9.7795 0.6889 92.5999
37.4800 48.5049 25.8837 8.2367 9.7653 0.2357 15.6210
37.5000 48.4307 26.0644 8.2499 9.7577 0.7887 3800.1567
37.5200 48.3542 26.2440 8.2635 9.7410 0.5707 2169.1099
37.5400 48.2754 26.4221 8.2776 9.7207 0.7427 2730.7026
37.5600 48.1944 26.5989 8.2920 9.6691 0.8000 746.6807
37.5800 48.1113 26.7735 8.3067 9.6549 0.3229 800.0361
37.6000 48.0260 26.9468 8.3217 9.6763 0.0192 1486.3534
37.6200 47.9404 27.1203 8.3352 9.6779 0.0123 182.5211
37.6400 47.8544 27.2938 8.3473 9.6096 0.8000 -245.8910
37.6600 47.7666 27.4648 8.3597 9.6791 -0.2164 6586.9287
37.6800 47.6786 27.6373 8.3701 9.6825 0.1166 911.1218
37.7000 47.5889 27.8090 8.3803 9.7092 0.2367 3606.4358
37.7200 47.4966 27.9800 8.3907 9.6912 0.3605 1184.3860
37.7400 47.4021 28.1493 8.4014 9.7099 0.5365 4732.6797
37.7600 47.3052 28.3177 8.4124 9.7108 0.3258 2295.9280
37.7800 47.2059 28.4846 8.4238 9.6647 0.4577 -385.7069
37.8000 47.1048 28.6494 8.4354 9.7029 0.0512 3021.8201
37.8200 47.0024 28.8144 8.4462 9.7542 -0.0053 4063.7476
37.8400 46.8990 28.9799 8.4557 9.7274 -0.1379 -1052.3517
37.8600 46.7963 29.1454 8.4633 9.7064 0.3716 1044.5879
37.8800 46.6915 29.3090 8.4713 9.6944 0.2960 1199.8391
37.9000 46.5846 29.4709 8.4796 9.7458 0.0613 4181.1987
37.9200 46.4759 29.6328 8.4875 9.8025 0.1816 5373.0586
37.9400 46.3648 29.7944 8.4955 9.8289 -0.1285 2791.2422
37.9600 46.2536 29.9568 8.5019 9.8394 0.1273 1562.4850
37.9800 46.1406 30.1180 8.5083 9.8897 0.0576 4081.1353
38.0000 46.0257 30.2792 8.5144 9.9107 0.1071 2160.2944
38.0200 45.9091 30.4396 8.5205 9.9221 0.4233 3581.7859
38.0400 45.7904 30.5987 8.5272 9.9190 0.1395 515.1117
38.0600 45.6702 30.7566 8.5339 9.9316 -0.4727 3900.7200
38.0800 45.5505 30.9152 8.5388 9.9091 0.5949 2052.6982
38.1000 45.4291 31.0720 8.5443 9.8904 0.8000 3252.5835
38.1200 45.3061 31.2269 8.5504 9.8910 0.2607 1720.3419
38.1400 45.1813 31.3804 8.5570 9.8429 0.6947 644.8614
38.1600 45.0552 31.5316 8.5642 9.8072 0.5304 665.9538
38.1800 44.9278 31.6807 8.5721 9.8309 0.0367 1783.2462
38.2000 44.7996 31.8298 8.5793 9.7795 0.8000 868.0839
38.2200 44.6702 31.9765 8.5871 9.7827 -0.4875 3222.2290
38.2400 44.5416 32.1240 8.5932 9.7423 0.7871 1636.3665
38.2600 44.4117 32.2692 8.5998 9.7049 0.4519 93.3374
38.2800 44.2805 32.4123 8.6071 9.7004 0.0970 -79.5424
38.3000 44.1485 32.5545 8.6143 9.7015 0.1958 1106.4102
38.3200 44.0150 32.6952 8.6219 9.7285 0.0421 2022.8059
38.3400 43.8806 32.8360 8.6288 9.7188 0.4511 2112.7915
38.3600 43.7447 32.9749 8.6364 9.6830 -0.3365 -521.4190
38.3800 43.6100 33.1141 8.6422 9.6854 0.5099 3318.3691
38.4000 43.4737 33.2517 8.6486 9.7090 -0.1115 2347.8564
38.4200 43.3375 33.3902 8.6535 9.6499 -0.5040 -1226.6597
38.4400 43.2029 33.5286 8.6566 9.6779 0.2486 3668.3364
38.4600 43.0664 33.6659 8.6604 9.6212 0.5774 -633.6893
38.4800 42.9290 33.8007 8.6649 9.6361 0.8000 5426.6182
38.5000 42.7900 33.9342 8.6701 9.6300 0.2211 814.0338
38.5200 42.6497 34.0661 8.6759 9.6430 -0.2142 2290.1814
38.5400 42.5100 34.1990 8.6800 9.6659 -0.0367 1834.7900
38.5600 42.3699 34.3323 8.6833 9.6589 -0.1027 -69.3486
38.5800 42.2304 34.4660 8.6854 9.6973 0.0105 2916.8010
38.6000 42.0898 34.5997 8.6872 9.7195 0.0436 1799.5186
38.6200 41.9482 34.7329 8.6891 9.7714 0.1160 4408.8164
38.6400 41.8048 34.8657 8.6915 9.7765 -0.0156 417.7852
38.6600 41.6612 34.9984 8.6934 9.7349 -0.5076 79.3743
38.6800 41.5192 35.1317 8.6937 9.7323 0.2448 1339.1140
38.7000 41.3759 35.2634 8.6950 9.7143 0.3601 963.6432
38.7200 41.2315 35.3934 8.6973 9.7100 -0.1038 117.4807
38.7400 41.0878 35.5240 8.6985 9.7559 -0.0158 3467.5488
38.7600 40.9433 35.6552 8.6994 9.7741 -0.1626 2195.7488
38.7800 40.7993 35.7874 8.6991 9.7563 -0.5718 2151.4695
38.8000 40.6566 35.9206 8.6974 9.7577 0.2494 1651.5414
38.8200 40.5126 36.0524 8.6968 9.8119 -0.1378 4650.1699
38.8400 40.3685 36.1856 8.6953 9.8256 0.0451 1140.8842
38.8600 40.2236 36.3184 8.6942 9.8078 -0.3139 648.5092
38.8800 40.0801 36.4522 8.6919 9.7671 -0.7346 1273.6136
38.9000 39.9384 36.5867 8.6883 9.7666 -0.3029 1757.2380
38.9200 39.7978 36.7224 8.6835 9.7460 0.0803 -1265.1072
38.9400 39.6567 36.8570 8.6797 9.7139 0.1998 -1233.8309
38.9600 39.5150 36.9899 8.6772 9.7201 -0.2159 1659.3971
38.9800 39.3744 37.1242 8.6737 9.7598 -0.1458 3531.7417
39.0000 39.2340 37.2599 8.6696 9.8011 -0.1005 3294.0493
39.0200 39.0936 37.3967 8.6652 9.8490 -0.0274 3514.1621
39.0400 38.9526 37.5342 8.6611 9.8747 -0.1742 2705.7480
39.0600 38.8122 37.6732 8.6563 9.8892 -0.0881 1192.5798
39.0800 38.6721 37.8128 8.6514 9.9025 0.1898 2096.6045
39.1000 38.5309 37.9517 8.6479 9.9047 0.5116 3256.9978
39.1200 38.3886 38.0896 8.6459 9.8941 -0.6563 3089.0330
39.1400 38.2480 38.2287 8.6429 9.8538 0.8000 1632.3331
39.1600 38.1068 38.3663 8.6414 9.8620 -0.0822 893.4592
39.1800 37.9663 38.5047 8.6394 9.8981 0.1073 3163.5215
39.2000 37.8248 38.6431 8.6385 9.8748 -0.4344 1005.3109
39.2200 37.6849 38.7826 8.6366 9.9160 0.2723 4718.2549
39.2400 37.5435 38.9216 8.6360 9.9201 -0.4042 2823.6619
39.2600 37.4033 39.0620 8.6344 9.8933 0.0262 -1968.4703
39.2800 37.2634 39.2019 8.6332 9.8801 0.0706 -767.6148
39.3000 37.1232 39.3412 8.6328 9.8719 -0.1990 547.6320
39.3200 36.9844 39.4816 8.6313 9.8952 0.1229 2303.8579
39.3400 36.8444 39.6215 8.6309 9.8910 -0.1948 812.9196
39.3600 36.7058 39.7626 8.6296 9.9077 0.1316 1880.0271
39.3800 36.5660 39.9031 8.6292 9.9232 0.0355 1214.9519
39.4000 36.4259 40.0437 8.6293 9.8879 -0.8000 1990.0293
39.4200 36.2876 40.1850 8.6282 9.8555 -0.8000 2192.5874
39.4400 36.1510 40.3272 8.6259 9.8486 -0.1287 -17.6116
39.4600 36.0154 40.4700 8.6230 9.8741 0.1368 2609.0833
39.4800 35.8785 40.6124 8.6212 9.8888 -0.0378 1138.2194
39.5000 35.7417 40.7552 8.6193 9.8565 0.6039 1272.8982
39.5200 35.6042 40.8965 8.6188 9.8762 0.2973 3313.8882
39.5400 35.4654 41.0370 8.6196 9.8506 0.5595 1517.7896
39.5600 35.3257 41.1760 8.6218 9.8516 -0.2250 1445.8395
39.5800 35.1872 41.3162 8.6228 9.8620 -0.3531 2973.2864
39.6000 35.0499 41.4578 8.6226 9.8338 -0.5143 1093.8450
39.6200 34.9143 41.6002 8.6212 9.8584 0.1124 2342.3545
39.6400 34.7774 41.7422 8.6208 9.7849 -0.6753 -1445.8496
39.6600 34.6429 41.8843 8.6191 9.7902 -0.0477 451.7758
39.6800 34.5086 42.0268 8.6172 9.7778 0.3418 1233.5341
39.7000 34.3732 42.1679 8.6166 9.7634 0.2888 757.7379
39.7200 34.2369 42.3077 8.6173 9.7086 0.8000 571.2789
39.7400 34.1001 42.4456 8.6194 9.7694 -0.0990 4971.1050
39.7600 33.9634 42.5852 8.6206 9.7824 0.0900 1237.3444
39.7800 33.8259 42.7244 8.6224 9.8046 0.1727 2505.9924
39.8000 33.6871 42.8630 8.6251 9.7879 -0.1679 -315.4116
39.8200 33.5497 43.0024 8.6267 9.8318 0.0742 3463.2014
39.8400 33.4111 43.1419 8.6287 9.8007 0.8000 2273.2788
39.8600 33.2717 43.2797 8.6318 9.8411 0.1917 3948.7559
39.8800 33.1307 43.4171 8.6358 9.8260 0.5020 1920.6824
39.9000 32.9886 43.5529 8.6410 9.8376 -0.1047 1315.9551
39.9200 32.8472 43.6898 8.6450 9.8516 0.1543 1660.3959
39.9400 32.7047 43.8259 8.6496 9.8967 -0.1042 3837.9026
39.9600 32.5623 43.9634 8.6531 9.8751 0.4384 1124.6063
39.9800 32.4189 44.0992 8.6576 9.8433 0.6410 1455.3677
40.0000 32.2745 44.2331 8.6632 9.8392 -0.1503 488.0258
40.0200 32.1311 44.3679 8.6673 9.8502 0.7962 5103.8013
40.0400 31.9862 44.5014 8.6724 9.9110 0.0691 4596.3066
40.0600 31.8400 44.6353 8.6774 9.9226 0.1681 1588.3429
40.0800 31.6926 44.7682 8.6829 9.8640 0.6538 -477.5877
40.1000 31.5447 44.8988 8.6894 9.8611 0.1141 -30.6400
40.1200 31.3961 45.0285 8.6961 9.8368 0.2014 -932.4402
40.1400 31.2468 45.1567 8.7033 9.8405 0.2873 1883.3163
40.1600 31.0961 45.2834 8.7113 9.8317 -0.1168 -133.8506
40.1800 30.9463 45.4107 8.7178 9.7898 0.2361 -1877.5781
40.2000 30.7958 45.5360 8.7250 9.8278 0.1845 3602.4839
40.2200 30.6437 45.6605 8.7325 9.7884 0.5501 388.6552
40.2400 30.4907 45.7827 8.7409 9.7903 0.0096 8.0597
40.2600 30.3379 45.9051 8.7483 9.7924 0.5432 3372.4792
40.2800 30.1836 46.0257 8.7565 9.8098 0.0839 1310.2467
40.3000 30.0285 46.1459 8.7643 9.7646 0.3004 -1609.6285
40.3200 29.8728 46.2638 8.7728 9.7841 0.3759 3685.2432
40.3400 29.7154 46.3802 8.7820 9.7490 0.5334 581.8940
40.3600 29.5572 46.4942 8.7919 9.7677 -0.0492 1492.8391
40.3800 29.3990 46.6089 8.8003 9.6992 0.4533 -2351.7534
40.4000 29.2406 46.7208 8.8094 9.6716 0.3491 64.4345
40.4200 29.0813 46.8305 8.8191 9.7068 0.4143 4993.1147
40.4400 28.9201 46.9387 8.8294 9.7676 0.0145 4408.1187
40.4600 28.7579 47.0477 8.8385 9.7672 0.0905 72.2945
40.4800 28.5952 47.1557 8.8473 9.7723 -0.3207 2407.2744
40.5000 28.4328 47.2646 8.8542 9.7189 0.6239 -117.3188
40.5200 28.2701 47.3708 8.8618 9.7227 0.6459 4069.9143
40.5400 28.1060 47.4752 8.8699 9.7155 0.3516 1700.1670
40.5600 27.9407 47.5774 8.8786 9.6989 0.3472 937.0273
40.5800 27.7745 47.6774 8.8879 9.7530 0.3053 5744.9595
40.6000 27.6062 47.7760 8.8976 9.7683 0.0772 1139.7567
40.6200 27.4372 47.8740 8.9069 9.7688 0.2324 1274.8569
40.6400 27.2671 47.9701 8.9165 9.7509 0.2801 288.4376
40.6600 27.0962 48.0641 8.9266 9.8074 0.4545 6669.8721
40.6800 26.9232 48.1566 8.9371 9.7985 0.1260 -427.9421
40.7000 26.7498 48.2478 8.9474 9.8505 0.2514 5202.2988
40.7200 26.5744 48.3375 8.9580 9.8424 0.3000 1158.0986
40.7400 26.3981 48.4251 8.9691 9.8177 -0.2303 -417.6431
40.7600 26.2226 48.5132 8.9783 9.8458 0.4200 4665.7891
40.7800 26.0455 48.5994 8.9879 9.8777 -0.0165 2481.0356
40.8000 25.8679 48.6858 8.9962 9.8722 0.8000 4137.2471
40.8200 25.6893 48.7700 9.0050 9.7805 0.5771 -3345.8445
40.8400 25.5113 48.8512 9.0143 9.7999 0.1382 1989.8436
40.8600 25.3322 48.9309 9.0235 9.8371 0.3377 4850.5000
40.8800 25.1515 49.0087 9.0332 9.8591 -0.1377 2462.1992
40.9000 24.9707 49.0874 9.0411 9.8790 -0.1573 2475.8242
40.9200 24.7897 49.1668 9.0472 9.8895 -0.1819 1938.1414
40.9400 24.6087 49.2470 9.0516 9.8659 0.4965 1450.6538
40.9600 24.4272 49.3248 9.0564 9.8632 0.6028 3488.5083
40.9800 24.2449 49.4002 9.0619 9.8715 0.2926 2540.1089
41.0000 24.0616 49.4736 9.0679 9.8580 0.1112 -532.1703
41.0200 23.8779 49.5452 9.0740 9.7780 0.6612 -1959.4963
41.0400 23.6949 49.6141 9.0808 9.8439 0.1662 5734.4004
41.0600 23.5100 49.6818 9.0878 9.8466 -0.0104 256.4766
41.0800 23.3249 49.7493 9.0938 9.8213 -0.6956 2289.0437
41.1000 23.1407 49.8177 9.0981 9.8507 -0.2791 3972.9443
41.1200 22.9563 49.8872 9.1005 9.8798 0.4685 4979.1050
41.1400 22.7706 49.9549 9.1037 9.8892 0.0375 836.8140
41.1600 22.5843 50.0216 9.1067 9.8520 0.6431 1165.9750
41.1800 22.3981 50.0860 9.1105 9.8040 0.3686 -1218.8000
41.2000 22.2120 50.1479 9.1150 9.8408 0.3829 5039.6123
41.2200 22.0246 50.2080 9.1203 9.8814 0.2077 4147.6533
41.2400 21.8359 50.2666 9.1262 9.8495 -0.8000 2218.7461
41.2600 21.6481 50.3262 9.1305 9.8057 0.4103 -655.2760
41.2800 21.4605 50.3834 9.1355 9.7813 0.5817 1737.9690
41.3000 21.2728 50.4384 9.1414 9.7722 0.2176 479.7848
41.3200 21.0847 50.4915 9.1479 9.7570 0.7226 3027.4646
41.3400 20.8963 50.5423 9.1552 9.7336 -0.2301 -350.3715
41.3600 20.7086 50.5943 9.1608 9.7243 0.3722 1657.4070
41.3800 20.5206 50.6440 9.1672 9.7695 0.0972 3585.6086
41.4000 20.3314 50.6929 9.1736 9.7202 -0.5790 -142.3774
41.4200 20.1435 50.7427 9.1783 9.7269 -0.1589 1400.4617
41.4400 19.9557 50.7935 9.1814 9.7253 0.1623 767.2174
41.4600 19.7675 50.8425 9.1851 9.7199 -0.1454 372.4987
41.4800 19.5795 50.8923 9.1874 9.7371 0.1992 2467.2786
41.5000 19.3908 50.9403 9.1904 9.7431 -0.3337 2570.4902
41.5200 19.2022 50.9896 9.1919 9.7686 -0.0895 2218.9697
41.5400 19.0132 51.0394 9.1923 9.7188 -0.4156 -1096.9486
41.5600 18.8255 51.0903 9.1912 9.7147 0.2020 911.9210
41.5800 18.6375 51.1394 9.1911 9.6913 0.4790 1238.6580
41.6000 18.4494 51.1864 9.1919 9.6983 0.5684 3896.9453
41.6200 18.2608 51.2316 9.1938 9.6711 0.3761 363.2982
41.6400 18.0722 51.2747 9.1967 9.6948 0.1086 2131.6841
41.6600 17.8830 51.3169 9.2000 9.6740 -0.0580 -1381.5369
41.6800 17.6943 51.3597 9.2026 9.6647 -0.4804 2271.2781
41.7000 17.5061 51.4039 9.2036 9.6947 0.2064 3438.8350
41.7200 17.3170 51.4466 9.2056 9.7158 0.1323 2164.2427
41.7400 17.1271 51.4880 9.2083 9.7276 -0.1602 1755.1239
41.7600 16.9373 51.5307 9.2097 9.7325 -0.3135 2348.9458
41.7800 16.7477 51.5748 9.2096 9.7362 0.3101 2235.4670
41.8000 16.5576 51.6172 9.2107 9.7515 -0.3591 3375.5784
41.8200 16.3676 51.6611 9.2104 9.7591 0.0462 688.1416
41.8400 16.1772 51.7042 9.2105 9.7471 -0.1034 -518.1866
41.8600 15.9873 51.7482 9.2098 9.7264 0.2743 190.3402
41.8800 15.7974 51.7902 9.2102 9.7218 -0.3798 2047.7231
41.9000 15.6079 51.8339 9.2093 9.6922 0.3844 224.1175
41.9200 15.4186 51.8756 9.2096 9.6880 0.3857 2114.7776
41.9400 15.2290 51.9156 9.2111 9.7144 0.1731 2851.0728
41.9600 15.0386 51.9544 9.2135 9.7017 0.1738 -120.7173
41.9800 14.8482 51.9917 9.2168 9.7211 -0.4928 4332.5322
42.0000 14.6577 52.0306 9.2189 9.7297 -0.7045 4594.8682
42.0200 14.4673 52.0710 9.2196 9.7474 0.1047 1744.2118
42.0400 14.2764 52.1104 9.2210 9.7389 -0.1391 54.3594
42.0600 14.0859 52.1509 9.2213 9.7841 -0.0624 3545.1772
42.0800 13.8946 52.1921 9.2211 9.7961 0.1301 1527.9674
42.1000 13.7028 52.2321 9.2217 9.7837 -0.0773 -679.4284
42.1200 13.5113 52.2728 9.2216 9.8195 -0.0548 2800.1216
42.1400 13.3193 52.3140 9.2210 9.7909 -0.3917 345.4851
42.1600 13.1282 52.3569 9.2191 9.7786 0.1619 -31.6285
42.1800 12.9371 52.3981 9.2183 9.7585 -0.2588 84.7308
42.2000 12.7466 52.4409 9.2163 9.7812 -0.1029 1997.8402
42.2200 12.5559 52.4846 9.2137 9.8074 0.2032 3150.1196
42.2400 12.3644 52.5269 9.2123 9.8105 0.3032 2148.2866
42.2600 12.1724 52.5676 9.2122 9.8184 -0.3530 2797.3086
42.2800 11.9807 52.6101 9.2109 9.8558 0.1714 3737.7983
42.3000 11.7879 52.6513 9.2107 9.8321 -0.0528 -1652.8889
42.3200 11.5958 52.6931 9.2101 9.8178 -0.0886 -771.4476
42.3400 11.4041 52.7358 9.2089 9.7788 0.1300 -2305.2031
42.3600 11.2130 52.7771 9.2087 9.7188 0.5027 -1363.0081
42.3800 11.0226 52.8166 9.2098 9.7000 -0.3724 953.5121
42.4000 10.8330 52.8577 9.2097 9.7466 -0.0782 3739.8972
42.4200 10.6427 52.8998 9.2090 9.7752 0.0278 2191.8708
42.4400 10.4517 52.9417 9.2086 9.8076 -0.2305 3778.0222
42.4600 10.2605 52.9853 9.2071 9.8166 -0.4474 3396.7375
42.4800 10.0694 53.0306 9.2045 9.8023 -0.3191 919.5298
42.5000 9.8791 53.0777 9.2007 9.8233 -0.0188 1483.8408
42.5200 9.6882 53.1245 9.1972 9.8413 -0.1224 1719.8481
42.5400 9.4973 53.1725 9.1931 9.8023 0.4833 60.5294
42.5600 9.3068 53.2187 9.1905 9.7353 -0.8000 -345.6681
42.5800 9.1180 53.2665 9.1868 9.7443 0.1472 1452.3708
42.6000 8.9288 53.3130 9.1843 9.7619 -0.0251 1328.0721
42.6200 8.7393 53.3600 9.1819 9.7770 0.3781 3454.7056
42.6400 8.5491 53.4055 9.1810 9.7919 -0.2232 2445.0940
42.6600 8.3591 53.4529 9.1790 9.8086 0.0259 1299.9167
42.6800 8.1687 53.5001 9.1775 9.8011 0.1604 290.6299
42.7000 7.9781 53.5460 9.1773 9.8414 -0.0021 3026.6152
42.7200 7.7868 53.5924 9.1770 9.8220 -0.3213 603.2213
42.7400 7.5964 53.6406 9.1757 9.7970 0.2589 -244.2690
42.7600 7.4060 53.6871 9.1757 9.8010 0.1899 1340.5739
42.7800 7.2153 53.7324 9.1768 9.7763 0.3449 339.6750
42.8000 7.0246 53.7759 9.1793 9.8137 0.0288 2742.9136
42.8200 6.8332 53.8198 9.1818 9.8343 0.0975 1770.6050
42.8400 6.6413 53.8631 9.1848 9.8557 -0.0774 1886.0211
42.8600 6.4493 53.9076 9.1869 9.8562 0.3289 2093.2290
42.8800 6.2568 53.9504 9.1902 9.8344 -0.1777 -626.4800
42.9000 6.0652 53.9945 9.1923 9.7992 0.5679 859.3987
42.9200 5.8737 54.0367 9.1956 9.8544 0.0454 4121.2432
42.9400 5.6812 54.0789 9.1988 9.8646 0.3730 3047.5488
42.9600 5.4881 54.1194 9.2032 9.8576 0.2818 1123.3127
42.9800 5.2947 54.1580 9.2085 9.8796 0.2396 2857.0330
43.0000 5.1005 54.1951 9.2148 9.8274 0.8000 645.1841
43.0200 4.9070 54.2301 9.2220 9.8760 -0.0899 3946.3767
43.0400 4.7128 54.2663 9.2280 9.8117 0.7532 -436.3153
43.0600 4.5195 54.3002 9.2350 9.8262 0.2276 2141.3708
43.0800 4.3255 54.3324 9.2426 9.7752 0.6659 76.8013
43.1000 4.1323 54.3623 9.2512 9.7637 0.2417 203.2225
43.1200 3.9389 54.3904 9.2603 9.7228 -0.5348 75.0438
43.1400 3.7467 54.4196 9.2677 9.7309 0.2206 1666.7773
43.1600 3.5540 54.4469 9.2757 9.7257 -0.2333 1011.4767
43.1800 3.3615 54.4755 9.2820 9.7422 -0.3496 3394.1946
43.2000 3.1690 54.5052 9.2866 9.7236 -0.1027 -910.4845
43.2200 2.9768 54.5355 9.2899 9.7435 0.0946 1873.5515
43.2400 2.7841 54.5643 9.2935 9.8077 0.0367 4902.8906
43.2600 2.5900 54.5926 9.2968 9.8084 -0.3357 2203.7644
43.2800 2.3960 54.6221 9.2985 9.8411 0.3294 4469.4248
43.3000 2.2011 54.6496 9.3010 9.8675 0.2201 3290.0862
43.3200 2.0054 54.6753 9.3043 9.8358 0.2512 -830.6145
43.3400 1.8101 54.6988 9.3085 9.8690 0.0639 2603.1895
43.3600 1.6140 54.7217 9.3126 9.8549 0.2198 187.5966
43.3800 1.4180 54.7426 9.3175 9.8842 -0.0524 2361.9824
43.4000 1.2215 54.7641 9.3214 9.8722 0.3953 1604.9810
43.4200 1.0250 54.7835 9.3262 9.8420 0.8000 2329.0938
43.4400 0.8289 54.8007 9.3318 9.8723 0.1419 2752.4678
43.4600 0.6321 54.8166 9.3379 9.8343 0.6444 1016.6942
43.4800 0.4359 54.8303 9.3448 9.8453 0.6042 4246.5332
43.5000 0.2393 54.8420 9.3526 9.8164 0.8000 2335.9551
43.5200 0.0431 54.8515 9.3612 9.7565 0.7399 -235.0633
43.5400 -0.1519 54.8587 9.3706 9.7697 0.2881 2445.9409
43.5600 -0.3473 54.8638 9.3806 9.7188 0.6625 -3.4309
43.5800 -0.5418 54.8666 9.3914 9.7351 0.3989 3425.0085
43.6000 -0.7366 54.8671 9.4029 9.7575 0.1998 2180.9482
43.6200 -0.9318 54.8660 9.4145 9.7505 0.1944 -46.6749
43.6400 -1.1268 54.8632 9.4262 9.7464 0.1620 -69.1288
43.6600 -1.3218 54.8590 9.4379 9.7385 0.7638 3584.4946
43.6800 -1.5165 54.8524 9.4501 9.7310 0.5293 2493.1379
43.7000 -1.7109 54.8433 9.4628 9.7727 0.0667 2828.0234
43.7200 -1.9061 54.8338 9.4745 9.7485 0.2927 -194.8588
43.7400 -2.1008 54.8219 9.4867 9.7219 0.2002 -1255.3157
43.7600 -2.2947 54.8081 9.4989 9.7195 -0.0183 -190.9797
43.7800 -2.4886 54.7945 9.5096 9.6970 0.5502 1730.8112
43.8000 -2.6819 54.7784 9.5207 9.7326 0.1848 3466.2927
43.8200 -2.8757 54.7602 9.5319 9.7435 0.5691 4176.2798
43.8400 -3.0695 54.7395 9.5435 9.7458 -0.0935 667.9083
43.8600 -3.2634 54.7193 9.5533 9.7670 0.2763 3328.4229
43.8800 -3.4574 54.6966 9.5635 9.7586 -0.4611 2328.7583
43.9000 -3.6514 54.6747 9.5716 9.7546 0.2223 1129.0164
43.9200 -3.8450 54.6505 9.5801 9.7506 -0.6200 3497.3413
43.9400 -4.0388 54.6271 9.5866 9.7453 0.1880 809.5337
43.9600 -4.2320 54.6013 9.5933 9.7791 -0.1926 3775.2170
43.9800 -4.4262 54.5762 9.5983 9.7703 0.2457 1009.9453
44.0000 -4.6197 54.5486 9.6037 9.7803 -0.0262 911.4744
44.0200 -4.8134 54.5206 9.6082 9.8269 0.2699 5194.3486
44.0400 -5.0077 54.4901 9.6132 9.7986 -0.0625 -1845.5911
44.0600 -5.2014 54.4598 9.6170 9.8017 0.1955 1457.1794
44.0800 -5.3948 54.4272 9.6214 9.7930 0.0664 -387.8683
44.1000 -5.5877 54.3934 9.6257 9.8245 0.0070 2437.4851
44.1200 -5.7812 54.3587 9.6295 9.8709 0.1140 4017.7505
44.1400 -5.9752 54.3222 9.6335 9.8784 0.2219 1923.5098
44.1600 -6.1690 54.2836 9.6382 9.8151 0.5546 -1272.2219
44.1800 -6.3611 54.2430 9.6436 9.8900 0.0222 5625.6465
44.2000 -6.5545 54.2016 9.6486 9.8928 0.2443 1693.8438
44.2200 -6.7475 54.1582 9.6542 9.9270 -0.1105 3108.1807
44.2400 -6.9414 54.1154 9.6584 9.9652 0.0963 3222.4314
44.2600 -7.1357 54.0710 9.6628 9.9626 0.3670 2144.7168
44.2800 -7.3295 54.0245 9.6680 9.9692 -0.0866 876.4415
44.3000 -7.5235 53.9785 9.6720 9.9943 -0.1996 3066.6084
44.3200 -7.7183 53.9336 9.6744 9.9636 -0.4502 579.6809
44.3400 -7.9128 53.8900 9.6751 9.8923 0.8000 -648.7415
44.3600 -8.1055 53.8447 9.6767 9.8653 -0.2892 -165.0836
44.3800 -8.2979 53.8008 9.6768 9.8696 -0.2484 1795.8243
44.4000 -8.4907 53.7580 9.6754 9.8854 0.2788 2902.1675
44.4200 -8.6834 53.7133 9.6750 9.9008 0.3842 3506.6919
44.4400 -8.8758 53.6667 9.6755 9.8981 -0.5640 3190.7893
44.4600 -9.0686 53.6215 9.6747 9.8364 0.8000 49.5842
44.4800 -9.2597 53.5747 9.6749 9.8329 0.2463 1268.5928
44.5000 -9.4503 53.5262 9.6762 9.8519 -0.2437 2906.8169
44.5200 -9.6416 53.4791 9.6762 9.8305 -0.5478 1774.2710
44.5400 -9.8329 53.4336 9.6749 9.7936 -0.6019 905.7444
44.5600 -10.0239 53.3899 9.6722 9.7896 0.4385 2382.4504
44.5800 -10.2144 53.3445 9.6706 9.7900 -0.1028 346.3271
44.6000 -10.4051 53.2999 9.6685 9.7618 0.6935 1993.8867
44.6200 -10.5948 53.2538 9.6676 9.7427 0.1416 -725.4326
44.6400 -10.7838 53.2065 9.6676 9.7340 0.2467 863.0073
44.6600 -10.9723 53.1576 9.6689 9.6763 0.6129 -578.1958
44.6800 -11.1592 53.1073 9.6715 9.7178 -0.1420 3838.3113
44.7000 -11.3472 53.0582 9.6730 9.7183 0.3381 2160.8533
44.7200 -11.5349 53.0074 9.6757 9.7254 0.0628 584.1448
44.7400 -11.7225 52.9562 9.6786 9.7330 -0.4112 3079.7026
44.7600 -11.9107 52.9065 9.6803 9.7480 0.1791 2054.5801
44.7800 -12.0989 52.8552 9.6828 9.7841 -0.2097 3928.7251
44.8000 -12.2880 52.8052 9.6841 9.7614 -0.1623 -831.0779
44.8200 -12.4771 52.7565 9.6842 9.8177 -0.1412 4865.8262
44.8400 -12.6676 52.7087 9.6834 9.8269 0.2527 2253.4543
44.8600 -12.8577 52.6591 9.6837 9.8219 -0.1139 98.0222
44.8800 -13.0481 52.6105 9.6831 9.7972 0.2488 -299.6798
44.9000 -13.2375 52.5603 9.6837 9.8010 -0.1460 1020.7702
44.9200 -13.4273 52.5114 9.6833 9.7512 -0.6561 245.9651
44.9400 -13.6166 52.4644 9.6816 9.7771 -0.0118 1916.1592
44.9600 -13.8063 52.4170 9.6800 9.7147 0.8000 0.7400
44.9800 -13.9944 52.3683 9.6796 9.7418 0.1752 2976.7874
45.0000 -14.1827 52.3180 9.6803 9.7729 -0.0733 2574.8420
45.0200 -14.3717 52.2685 9.6804 9.7953 0.1922 2755.7544
45.0400 -14.5609 52.2174 9.6815 9.7883 0.1160 -89.2187
45.0600 -14.7496 52.1653 9.6834 9.8256 -0.0761 3074.9673
45.0800 -14.9393 52.1140 9.6846 9.7695 0.4578 -1340.4357
45.1000 -15.1275 52.0613 9.6869 9.8046 0.0482 2659.9958
45.1200 -15.3162 52.0081 9.6894 9.7812 0.6849 2295.2253
45.1400 -15.5040 51.9532 9.6930 9.8060 -0.0873 2199.4207
45.1600 -15.6926 51.8993 9.6957 9.7609 0.6897 753.3204
45.1800 -15.8798 51.8439 9.6995 9.7631 -0.8000 4520.2427
45.2000 -16.0675 51.7899 9.7019 9.7205 0.2899 -1393.5901
45.2200 -16.2538 51.7343 9.7055 9.7643 0.1749 4077.8730
45.2400 -16.4405 51.6771 9.7098 9.7930 0.0575 2141.9834
45.2600 -16.6277 51.6193 9.7140 9.8642 -0.0256 5360.2202
45.2800 -16.8164 51.5616 9.7175 9.8749 -0.0600 995.9044
45.3000 -17.0054 51.5046 9.7201 9.8615 -0.1882 91.6825
45.3200 -17.1946 51.4488 9.7214 9.8123 -0.8000 996.7808
45.3400 -17.3833 51.3948 9.7212 9.8225 0.3907 3174.2715
45.3600 -17.5717 51.3389 9.7220 9.8469 0.3427 3929.7017
45.3800 -17.7600 51.2812 9.7239 9.8578 -0.0803 1112.6489
45.4000 -17.9487 51.2241 9.7249 9.8548 0.3370 1910.9901
45.4200 -18.1368 51.1652 9.7271 9.8638 0.2978 2526.9463
45.4400 -18.3245 51.1045 9.7302 9.8382 0.1755 -1087.7526
45.4600 -18.5112 51.0425 9.7342 9.8626 -0.1149 2366.1428
45.4800 -18.6988 50.9815 9.7370 9.8967 -0.0021 2554.4214
45.5000 -18.8871 50.9203 9.7394 9.8796 -0.3143 728.5405
45.5200 -19.0755 50.8608 9.7404 9.8783 -0.0753 131.7297
45.5400 -19.2641 50.8018 9.7406 9.9018 -0.0325 1799.5934
45.5600 -19.4531 50.7427 9.7405 9.9397 0.0080 2847.9106
45.5800 -19.6427 50.6830 9.7404 9.9326 -0.3675 1798.1052
45.6000 -19.8327 50.6249 9.7390 9.9380 0.2146 1698.8275
45.6200 -20.0223 50.5651 9.7386 9.9613 0.1250 2330.4756
45.6400 -20.2119 50.5038 9.7391 9.9674 -0.3593 2701.9211
45.6600 -20.4021 50.4441 9.7383 9.9758 -0.1772 1544.3550
45.6800 -20.5928 50.3856 9.7365 9.9261 -0.6989 455.2579
45.7000 -20.7832 50.3291 9.7333 9.9696 0.0414 3347.9048
45.7200 -20.9741 50.2714 9.7308 9.9313 -0.5090 284.4240
45.7400 -21.1648 50.2157 9.7271 9.8671 -0.4183 -2252.1694
45.7600 -21.3548 50.1621 9.7223 9.8847 0.0891 1654.3879
45.7800 -21.5448 50.1073 9.7185 9.8390 -0.6754 614.2368
45.8000 -21.7344 50.0545 9.7135 9.8065 0.2803 -719.9434
45.8200 -21.9229 50.0005 9.7100 9.8179 0.3020 2729.2041
45.8400 -22.1113 49.9450 9.7080 9.7808 0.3786 -362.6655
45.8600 -22.2985 49.8882 9.7073 9.7543 0.2868 -166.4216
45.8800 -22.4848 49.8301 9.7081 9.7794 0.2666 3460.9468
45.9000 -22.6711 49.7705 9.7102 9.7640 0.2727 459.8403
45.9200 -22.8567 49.7095 9.7136 9.7788 0.1863 1891.3401
45.9400 -23.0423 49.6474 9.7180 9.7781 0.3504 2029.1969
45.9600 -23.2273 49.5836 9.7236 9.7832 0.1516 709.8466
45.9800 -23.4121 49.5189 9.7298 9.8686 0.1096 6404.9282
46.0000 -23.5984 49.4533 9.7361 9.9248 0.2069 4987.6445
46.0200 -23.7852 49.3859 9.7432 9.8898 0.8000 1835.4323
46.0400 -23.9708 49.3170 9.7513 9.8624 0.7501 2122.0449
46.0600 -24.1551 49.2463 9.7604 9.9073 0.2957 4728.4487
46.0800 -24.3396 49.1736 9.7702 9.8954 0.1971 -443.8470
46.1000 -24.5233 49.0997 9.7804 9.9052 0.2858 2030.0284
46.1200 -24.7065 49.0239 9.7912 9.8980 0.8000 3667.5938
46.1400 -24.8887 48.9461 9.8028 9.8729 0.5400 1151.8638
46.1600 -25.0695 48.8664 9.8151 9.9093 0.1423 2589.9243
46.1800 -25.2505 48.7855 9.8271 9.8778 -0.1999 -1348.9541
46.2000 -25.4313 48.7059 9.8373 9.8795 -0.1909 1238.2261
46.2200 -25.6126 48.6272 9.8456 9.9012 0.2092 2714.6470
46.2400 -25.7933 48.5463 9.8543 9.9225 0.2120 2682.4131
46.2600 -25.9737 48.4634 9.8634 9.9536 -0.3621 4498.7065
46.2800 -26.1549 48.3811 9.8706 9.9620 0.2586 2241.7317
46.3000 -26.3354 48.2966 9.8784 9.9764 0.4003 3574.9524
46.3200 -26.5151 48.2099 9.8868 9.9415 0.1733 -1814.6902
46.3400 -26.6933 48.1217 9.8953 9.9559 0.5710 4422.8213
46.3600 -26.8707 48.0313 9.9045 9.9647 0.0659 689.1578
46.3800 -27.0479 47.9401 9.9130 9.9741 0.0938 922.6458
46.4000 -27.2246 47.8476 9.9213 9.9920 0.0490 1396.6897
46.4200 -27.4014 47.7543 9.9290 9.9735 0.7895 3180.4180
46.4400 -27.5766 47.6590 9.9373 9.9748 0.1098 439.4105
46.4600 -27.7512 47.5624 9.9454 9.9782 0.3825 2686.9062
46.4800 -27.9246 47.4637 9.9542 10.0038 0.0977 2149.4597
46.5000 -28.0978 47.3636 9.9627 9.9788 0.5186 1377.7319
46.5200 -28.2694 47.2616 9.9717 9.9479 0.8000 2312.2275
46.5400 -28.4391 47.1578 9.9814 9.9659 0.4030 3793.6562
46.5600 -28.6079 47.0518 9.9916 9.9647 0.3262 1886.5947
46.5800 -28.7754 46.9438 10.0023 10.0024 0.1437 3210.7502
46.6000 -28.9426 46.8340 10.0129 9.9599 0.6991 985.4971
46.6200 -29.1078 46.7226 10.0240 9.9899 -0.3242 4173.5098
46.6400 -29.2739 46.6116 10.0333 9.9397 0.6981 510.1108
46.6600 -29.4378 46.4990 10.0430 9.9799 0.1738 3814.5371
46.6800 -29.6012 46.3844 10.0529 9.9218 0.8000 376.9917
46.7000 -29.7621 46.2684 10.0633 9.9214 -0.0795 378.7490
46.7200 -29.9234 46.1527 10.0720 9.8785 0.6636 904.3683
46.7400 -30.0824 46.0354 10.0812 9.8913 0.0986 1273.7722
46.7600 -30.2408 45.9168 10.0902 9.8827 0.5536 2805.5083
46.7800 -30.3975 45.7964 10.0996 9.8685 0.3973 1518.9564
46.8000 -30.5524 45.6740 10.1095 9.9083 0.0903 3178.1741
46.8200 -30.7071 45.5502 10.1190 9.8662 0.3562 -825.2701
46.8400 -30.8596 45.4250 10.1290 9.8192 0.6147 297.4480
46.8600 -31.0097 45.2984 10.1395 9.8690 -0.2964 5491.4268
46.8800 -31.1611 45.1716 10.1482 9.8493 -0.0280 -1284.4019
46.9000 -31.3121 45.0451 10.1555 9.8366 0.8000 3687.5947
46.9200 -31.4613 44.9168 10.1634 9.8202 0.1437 -496.3318
46.9400 -31.6090 44.7873 10.1713 9.8104 -0.0871 -254.6851
46.9600 -31.7568 44.6581 10.1777 9.8355 0.1128 2448.8992
46.9800 -31.9037 44.5272 10.1841 9.8344 -0.3084 1999.0074
47.0000 -32.0513 44.3970 10.1886 9.8458 0.1396 1668.0035
47.0200 -32.1977 44.2651 10.1933 9.8559 0.1808 1856.4458
47.0400 -32.3427 44.1315 10.1985 9.8942 -0.0612 3139.0664
47.0600 -32.4883 43.9974 10.2025 9.9011 0.3440 2757.9346
47.0800 -32.6324 43.8615 10.2072 9.8292 -0.7666 -784.1404
47.1000 -32.7763 43.7274 10.2100 9.8529 0.0600 2030.8623
47.1200 -32.9195 43.5919 10.2129 9.8917 0.1131 3463.3228
47.1400 -33.0620 43.4547 10.2162 9.8791 0.2521 669.9244
47.1600 -33.2029 43.3160 10.2201 9.8896 -0.1492 1600.9520
47.1800 -33.3444 43.1779 10.2226 9.8933 0.1321 943.8816
47.2000 -33.4848 43.0384 10.2257 9.9088 0.1132 1667.4387
47.2200 -33.6243 42.8976 10.2290 9.9075 -0.1393 620.4000
47.2400 -33.7645 42.7575 10.2311 9.8823 0.2414 -366.1171
47.2600 -33.9028 42.6163 10.2339 9.8782 -0.1656 607.0312
47.2800 -34.0418 42.4758 10.2354 9.8338 0.3962 -787.1067
47.3000 -34.1787 42.3346 10.2378 9.8101 0.0695 -1575.0845
47.3200 -34.3144 42.1930 10.2405 9.8221 -0.0076 923.9059
47.3400 -34.4503 42.0511 10.2426 9.8328 -0.2618 2434.6016
47.3600 -34.5873 41.9100 10.2433 9.8256 -0.1256 -12.8489
47.3800 -34.7249 41.7695 10.2430 9.8220 0.1334 417.5831
47.4000 -34.8611 41.6280 10.2434 9.8749 0.0300 4023.7065
47.4200 -34.9976 41.4853 10.2439 9.8538 -0.3318 547.1804
47.4400 -35.1350 41.3439 10.2431 9.8510 -0.0065 -229.7549
47.4600 -35.2720 41.2022 10.2422 9.8687 0.1145 1859.6758
47.4800 -35.4082 41.0594 10.2422 9.8906 -0.0120 1640.1676
47.5000 -35.5447 40.9162 10.2420 9.9091 -0.3881 3756.5220
47.5200 -35.6826 40.7738 10.2406 9.8978 0.6845 3149.0122
47.5400 -35.8190 40.6304 10.2403 9.8622 -0.1723 -1764.7141
47.5600 -35.9560 40.4885 10.2389 9.8662 0.1160 835.9758
47.5800 -36.0921 40.3456 10.2385 9.9087 -0.0789 3419.1345
47.6000 -36.2293 40.2026 10.2374 9.9018 0.0953 -137.2504
47.6200 -36.3656 40.0590 10.2372 9.9076 0.2001 1588.4302
47.6400 -36.5009 39.9142 10.2381 9.9160 0.1383 1251.9857
47.6600 -36.6355 39.7685 10.2398 9.9130 -0.6312 3478.0415
47.6800 -36.7712 39.6239 10.2403 9.9299 0.2525 2799.0210
47.7000 -36.9059 39.4780 10.2420 9.9273 -0.2789 1563.0056
47.7200 -37.0419 39.3333 10.2424 9.8791 -0.8000 1061.1295
47.7400 -37.1783 39.1904 10.2415 9.8930 0.1052 1495.3807
47.7600 -37.3142 39.0465 10.2414 9.8651 0.1460 -1370.3772
47.7800 -37.4486 38.9021 10.2423 9.8404 0.1869 -829.7439
47.8000 -37.5816 38.7570 10.2441 9.8642 -0.0698 2021.4761
47.8200 -37.7156 38.6123 10.2453 9.8279 0.5268 553.0342
47.8400 -37.8478 38.4668 10.2477 9.8514 0.1534 2425.3384
47.8600 -37.9794 38.3201 10.2508 9.8636 -0.0326 974.1047
47.8800 -38.1117 38.1737 10.2533 9.8712 0.0790 733.2072
47.9000 -38.2435 38.0267 10.2562 9.8214 0.8000 923.3167
47.9200 -38.3732 37.8792 10.2602 9.7897 0.7959 2172.1943
47.9400 -38.5011 37.7309 10.2653 9.7719 -0.0008 -1420.3762
47.9600 -38.6291 37.5831 10.2697 9.7837 -0.1800 1909.5844
47.9800 -38.7583 37.4362 10.2728 9.8425 0.0525 4467.9644
48.0000 -38.8878 37.2879 10.2759 9.8199 0.4754 1273.9231
48.0200 -39.0155 37.1387 10.2801 9.8712 -0.0141 3841.8994
48.0400 -39.1442 36.9889 10.2836 9.8619 -0.0793 -395.8182
48.0600 -39.2733 36.8399 10.2861 9.8468 0.0848 -876.7137
48.0800 -39.4014 36.6903 10.2890 9.8088 0.3701 -489.5577
48.1000 -39.5276 36.5401 10.2929 9.8178 -0.1763 1677.7129
48.1200 -39.6548 36.3905 10.2954 9.7943 -0.3519 497.8416
48.1400 -39.7829 36.2423 10.2964 9.7982 -0.4480 3058.4111
48.1600 -39.9121 36.0949 10.2959 9.7720 -0.8000 2624.3110
48.1800 -40.0421 35.9489 10.2941 9.7715 -0.0198 -96.0507
48.2000 -40.1718 35.8026 10.2922 9.7759 -0.1490 923.9590
48.2200 -40.3023 35.6569 10.2895 9.7361 -0.7982 1607.0803
48.2400 -40.4335 35.5129 10.2854 9.7216 -0.4401 1579.5317
48.2600 -40.5659 35.3703 10.2800 9.7477 -0.2011 2723.4031
48.2800 -40.6995 35.2281 10.2739 9.7800 -0.3359 4243.1162
48.3000 -40.8348 35.0866 10.2666 9.8046 -0.2132 2575.5410
48.3200 -40.9714 34.9457 10.2587 9.8016 -0.2839 1141.8119
48.3400 -41.1092 34.8061 10.2499 9.8017 0.1422 606.2549
48.3600 -41.2461 34.6656 10.2425 9.8431 -0.2091 3932.3335
48.3800 -41.3846 34.5256 10.2346 9.8950 -0.1146 3932.4163
48.4000 -41.5245 34.3855 10.2267 9.9254 -0.1951 2998.3669
48.4200 -41.6659 34.2462 10.2183 9.8903 0.8000 1863.3308
48.4400 -41.8059 34.1064 10.2116 9.9019 0.2649 2501.5723
48.4600 -41.9452 33.9656 10.2065 9.9288 0.2276 3410.1543
48.4800 -42.0840 33.8237 10.2031 9.9823 -0.0026 4052.1987
48.5000 -42.2240 33.6812 10.2001 9.9123 -0.7048 -989.6561
48.5200 -42.3645 33.5413 10.1963 9.9029 -0.6410 3114.9658
48.5400 -42.5063 33.4031 10.1916 9.9145 0.2835 2658.7151
48.5600 -42.6474 33.2638 10.1886 9.9492 -0.1578 3407.2085
48.5800 -42.7903 33.1252 10.1849 9.9083 -0.8000 1604.2078
48.6000 -42.9340 32.9888 10.1804 9.8633 0.6432 545.4988
48.6200 -43.0761 32.8520 10.1775 9.8747 0.3522 3068.1992
48.6400 -43.2175 32.7141 10.1762 9.9125 0.2901 4591.8374
48.6600 -43.3587 32.5747 10.1764 9.9101 -0.0845 171.4846
48.6800 -43.5007 32.4365 10.1760 9.9200 -0.1285 1374.6587
48.7000 -43.6440 32.2993 10.1750 9.9453 0.2777 3605.4180
48.7200 -43.7868 32.1607 10.1753 9.9718 0.0104 1976.7004
48.7400 -43.9301 32.0220 10.1758 9.9393 0.8000 2182.2161
48.7600 -44.0720 31.8826 10.1776 9.9347 0.0215 -400.9488
48.7800 -44.2140 31.7436 10.1795 9.9041 -0.1634 -1390.9763
48.8000 -44.3567 31.6062 10.1803 9.8846 0.4223 1200.2231
48.8200 -44.4980 31.4678 10.1825 9.9007 0.0458 1205.0353
48.8400 -44.6394 31.3292 10.1848 9.8896 0.4206 1784.6919
48.8600 -44.7794 31.1894 10.1884 9.8576 0.2882 -701.0187
48.8800 -44.9178 31.0489 10.1931 9.8264 0.6872 1670.4673
48.9000 -45.0545 30.9075 10.1990 9.8672 0.0784 2945.0044
48.9200 -45.1915 30.7654 10.2048 9.8155 0.8000 679.9460
48.9400 -45.3265 30.6227 10.2118 9.8234 0.1728 1069.2126
48.9600 -45.4606 30.4790 10.2192 9.7664 0.8000 238.1084
48.9800 -45.5925 30.3347 10.2276 9.7734 0.8000 4683.9150
49.0000 -45.7230 30.1890 10.2369 9.7710 0.2167 509.7831
49.0200 -45.8522 30.0422 10.2467 9.7541 0.0769 -1596.3389
49.0400 -45.9811 29.8957 10.2559 9.7421 -0.4015 1455.8820
49.0600 -46.1107 29.7501 10.2633 9.7509 0.4970 3591.7734
49.0800 -46.2387 29.6030 10.2716 9.7807 0.0669 2136.0239
49.1000 -46.3667 29.4551 10.2793 9.7712 0.4790 2199.0645
49.1200 -46.4929 29.3058 10.2878 9.7554 0.2692 276.1473
49.1400 -46.6173 29.1555 10.2969 9.7033 0.6330 -151.8426
49.1600 -46.7391 29.0044 10.3067 9.7338 0.2287 3260.8237
49.1800 -46.8599 28.8516 10.3169 9.8044 0.0906 5186.7285
49.2000 -46.9809 28.6973 10.3267 9.7806 0.8000 2705.9783
49.2200 -47.0998 28.5420 10.3370 9.8050 0.3945 4092.2856
49.2400 -47.2172 28.3848 10.3479 9.7930 0.1032 -946.9138
49.2600 -47.3336 28.2273 10.3584 9.8118 0.4159 3848.2988
49.2800 -47.4483 28.0681 10.3694 9.7688 0.8000 1342.5491
49.3000 -47.5605 27.9081 10.3810 9.7686 0.2878 1504.4121
49.3200 -47.6708 27.7468 10.3930 9.7366 0.8000 2103.1526
49.3400 -47.7786 27.5846 10.4056 9.7256 0.4274 1710.7205
49.3600 -47.8842 27.4212 10.4186 9.7552 0.1933 2779.7864
49.3800 -47.9885 27.2563 10.4316 9.8169 0.0909 4503.8433
49.4000 -48.0928 27.0900 10.4439 9.7750 0.5974 497.6003
49.4200 -48.1944 26.9230 10.4565 9.8094 0.2414 3745.6709
49.4400 -48.2945 26.7542 10.4694 9.8667 0.1808 4934.4287
49.4600 -48.3935 26.5835 10.4822 9.8205 0.7574 1008.6605
49.4800 -48.4898 26.4123 10.4954 9.7963 0.5262 1436.0410
49.5000 -48.5835 26.2402 10.5090 9.7421 0.6009 -382.5845
49.5200 -48.6742 26.0678 10.5230 9.7550 0.1620 1434.0605
49.5400 -48.7635 25.8944 10.5367 9.7499 0.3945 2118.5154
49.5600 -48.8504 25.7198 10.5507 9.7213 0.4012 425.1691
49.5800 -48.9345 25.5445 10.5651 9.7181 0.2484 1074.1213
49.6000 -49.0164 25.3682 10.5795 9.7014 -0.3019 734.6047
49.6200 -49.0988 25.1925 10.5917 9.7228 0.1335 2237.5127
49.6400 -49.1797 25.0156 10.6037 9.7383 0.2144 2498.9089
49.6600 -49.2584 24.8374 10.6157 9.6892 0.5120 -263.1766
49.6800 -49.3342 24.6590 10.6280 9.6747 0.4767 2069.0146
49.7000 -49.4074 24.4798 10.6406 9.6188 0.5478 -603.2273
49.7200 -49.4776 24.3007 10.6535 9.6331 0.1023 1425.1875
49.7400 -49.5464 24.1207 10.6659 9.6258 0.7473 3899.4729
49.7600 -49.6127 23.9399 10.6784 9.6416 0.2927 3123.2944
49.7800 -49.6765 23.7579 10.6913 9.6709 0.1114 2638.9353
49.8000 -49.7390 23.5748 10.7036 9.6730 0.8000 4750.5200
49.8200 -49.7990 23.3908 10.7161 9.6907 0.1003 1742.2949
49.8400 -49.8576 23.2060 10.7281 9.6893 -0.2536 1740.8553
49.8600 -49.9168 23.0213 10.7379 9.6240 0.7778 -1.0349
49.8800 -49.9730 22.8370 10.7480 9.5926 0.8000 2528.8713
49.9000 -50.0264 22.6526 10.7584 9.6397 0.2081 4880.4292
49.9200 -50.0777 22.4667 10.7690 9.6321 0.8000 4121.3286
49.9400 -50.1264 22.2802 10.7798 9.6152 0.1353 -536.8123
49.9600 -50.1730 22.0936 10.7904 9.6595 -0.0766 3862.6260
49.9800 -50.2200 21.9060 10.7993 9.6689 -0.0654 1183.1897
50.0000 -50.2669 21.7182 10.8067 9.6658 -0.3137 2012.7734
50.0200 -50.3145 21.5305 10.8120 9.6758 0.2701 2665.3833
50.0400 -50.3595 21.3420 10.8176 9.6792 -0.4405 3174.5454
50.0600 -50.4054 21.1536 10.8212 9.7200 -0.0485 3242.4443
50.0800 -50.4507 20.9642 10.8240 9.7494 0.0422 2464.9231
50.1000 -50.4944 20.7738 10.8266 9.7293 -0.5500 1982.0524
50.1200 -50.5389 20.5840 10.8273 9.6806 0.8000 1048.7483
50.1400 -50.5809 20.3948 10.8286 9.6566 -0.2512 -276.9432
50.1600 -50.6237 20.2061 10.8282 9.6683 0.1932 2049.0679
50.1800 -50.6643 20.0169 10.8285 9.6382 -0.2146 -1099.8610
50.2000 -50.7057 19.8284 10.8272 9.6603 0.5225 4664.0781
50.2200 -50.7452 19.6391 10.8267 9.6301 -0.4862 774.8346
50.2400 -50.7858 19.4507 10.8246 9.6832 -0.0833 4016.6626
50.2600 -50.8267 19.2612 10.8220 9.6638 0.3109 465.3357
50.2800 -50.8655 19.0718 10.8203 9.7229 -0.1468 4982.3433
50.3000 -50.9053 18.8813 10.8178 9.7504 -0.0966 2211.3433
50.3200 -50.9457 18.6905 10.8147 9.7057 0.6069 308.9518
50.3400 -50.9841 18.5002 10.8127 9.7276 0.1184 2203.5352
50.3600 -51.0212 18.3092 10.8117 9.7393 -0.0429 925.5640
50.3800 -51.0587 18.1180 10.8104 9.7172 -0.6458 2207.9937
50.4000 -51.0978 17.9276 10.8079 9.7195 -0.3805 2527.6680
50.4200 -51.1387 17.7375 10.8042 9.6743 0.3311 -1343.7065
50.4400 -51.1777 17.5480 10.8017 9.7232 0.0493 3796.6157
50.4600 -51.2162 17.3574 10.8000 9.7828 0.0389 4558.0479
50.4800 -51.2544 17.1655 10.7988 9.7582 -0.1766 -905.7570
50.5000 -51.2940 16.9744 10.7967 9.7462 0.4214 1740.3613
50.5200 -51.3319 16.7832 10.7959 9.7229 0.5428 1602.9746
50.5400 -51.3682 16.5921 10.7965 9.7403 0.7392 5327.6719
50.5600 -51.4031 16.4004 10.7983 9.7706 0.0712 2378.4282
50.5800 -51.4377 16.2081 10.8005 9.7630 -0.2001 616.6697
50.6000 -51.4739 16.0162 10.8016 9.7937 0.4269 4814.5288
50.6200 -51.5087 15.8234 10.8038 9.7900 0.3585 1954.9553
50.6400 -51.5417 15.6303 10.8073 9.7950 0.5055 3378.6453
50.6600 -51.5730 15.4369 10.8119 9.7343 0.3542 -2437.2402
50.6800 -51.6023 15.2443 10.8177 9.6989 0.3755 -407.0565
50.7000 -51.6297 15.0521 10.8245 9.7366 -0.0953 3152.8115
50.7200 -51.6583 14.8595 10.8302 9.7458 0.2375 1889.0509
50.7400 -51.6853 14.6664 10.8367 9.7123 -0.4990 488.3345
50.7600 -51.7137 14.4742 10.8416 9.6714 0.5254 165.6257
50.7800 -51.7398 14.2825 10.8476 9.6616 -0.0199 -755.6414
50.8000 -51.7664 14.0911 10.8526 9.6330 -0.8000 2433.8130
50.8200 -51.7943 13.9005 10.8561 9.6814 -0.0653 3853.0967
50.8400 -51.8228 13.7089 10.8586 9.7151 0.0662 2706.0420
50.8600 -51.8505 13.5166 10.8613 9.7157 -0.2512 1622.8314
50.8800 -51.8795 13.3245 10.8625 9.7314 -0.0331 1227.9210
50.9000 -51.9085 13.1320 10.8632 9.7631 -0.0493 2470.7053
50.9200 -51.9378 12.9389 10.8634 9.7421 -0.3441 623.2264
50.9400 -51.9685 12.7464 10.8620 9.7486 -0.2025 1537.4829
50.9600 -52.0004 12.5540 10.8595 9.8080 0.1366 5122.2588
50.9800 -52.0310 12.3602 10.8579 9.7839 -0.7340 2465.0557
51.0000 -52.0630 12.1671 10.8549 9.7695 -0.3121 813.7782
51.0200 -52.0967 11.9745 10.8507 9.8229 0.0518 4117.0205
51.0400 -52.1294 11.7807 10.8472 9.8069 0.0201 -1210.1956
51.0600 -52.1615 11.5872 10.8443 9.8517 -0.1853 4238.5088
51.0800 -52.1950 11.3930 10.8405 9.8503 0.0356 -48.2216
51.1000 -52.2278 11.1987 10.8375 9.8682 0.0533 1497.6051
51.1200 -52.2600 11.0040 10.8352 9.8767 0.0024 628.0305
51.1400 -52.2920 10.8091 10.8333 9.8415 0.7834 1925.4480
51.1600 -52.3224 10.6146 10.8327 9.8403 -0.1544 707.1339
51.1800 -52.3542 10.4204 10.8313 9.7601 0.8000 -1350.0347
51.2000 -52.3843 10.2275 10.8313 9.7396 -0.4561 1326.3313
51.2200 -52.4161 10.0353 10.8301 9.7560 -0.2003 2357.0056
51.2400 -52.4496 9.8431 10.8279 9.7235 -0.3078 -493.4674
51.2600 -52.4848 9.6518 10.8247 9.7328 -0.2668 2262.9365
51.2800 -52.5217 9.4607 10.8203 9.7272 -0.2820 1224.6660
51.3000 -52.5604 9.2700 10.8150 9.7441 -0.0891 1299.9164
51.3200 -52.5997 9.0790 10.8096 9.6826 -0.8000 -10.8481
51.3400 -52.6408 8.8897 10.8031 9.7195 0.2625 4236.3975
51.3600 -52.6807 8.6994 10.7981 9.7386 0.0292 1477.1997
51.3800 -52.7201 8.5087 10.7939 9.7506 -0.0549 935.1699
51.4000 -52.7601 8.3178 10.7898 9.8354 0.0386 6454.3311
51.4200 -52.8001 8.1252 10.7865 9.8354 -0.2276 1327.5786
51.4400 -52.8420 7.9330 10.7824 9.7700 0.8000 -225.7621
51.4600 -52.8821 7.7418 10.7798 9.7697 0.3263 2055.9028
51.4800 -52.9209 7.5503 10.7788 9.7526 -0.1117 -780.0671
51.5000 -52.9611 7.3594 10.7772 9.7380 0.3286 1016.2307
51.5200 -52.9997 7.1684 10.7770 9.7818 -0.0809 3593.2065
51.5400 -53.0398 6.9769 10.7764 9.8314 -0.0367 3797.7710
51.5600 -53.0808 6.7846 10.7756 9.8677 -0.0535 2861.0005
51.5800 -53.1228 6.5918 10.7745 9.8779 -0.0410 842.2577
51.6000 -53.1655 6.3989 10.7732 9.9458 0.0447 5189.1436
51.6200 -53.2081 6.2046 10.7724 9.9703 0.2172 3100.5042
51.6400 -53.2494 6.0095 10.7729 9.9714 0.1738 968.4645
51.6600 -53.2896 5.8141 10.7746 9.9113 0.6956 -343.7123
51.6800 -53.3278 5.6195 10.7775 9.9591 0.0048 3514.9810
51.7000 -53.3668 5.4242 10.7802 9.9825 -0.1020 2201.6038
51.7200 -53.4072 5.2286 10.7820 9.9957 -0.1223 1568.5732
51.7400 -53.4488 5.0331 10.7828 10.0121 0.0709 1417.7314
51.7600 -53.4898 4.8371 10.7841 10.0084 0.3142 1702.8899
51.7800 -53.5291 4.6408 10.7866 9.9816 -0.2251 -629.4376
51.8000 -53.5699 4.4454 10.7878 9.9945 0.1622 1773.2402
51.8200 -53.6093 4.2494 10.7900 10.0098 0.1316 1666.3842
51.8400 -53.6476 4.0529 10.7928 10.0327 -0.2089 2951.9097
51.8600 -53.6875 3.8562 10.7944 10.0348 0.0982 489.4702
51.8800 -53.7263 3.6593 10.7965 9.9768 -0.7794 237.6055
51.9000 -53.7666 3.4639 10.7973 9.9250 0.3490 -1662.6545
51.9200 -53.8048 3.2691 10.7992 9.8874 0.4385 -49.0547
51.9400 -53.8410 3.0747 10.8022 9.9012 -0.0804 1336.2107
51.9600 -53.8783 2.8802 10.8043 9.8728 0.3790 284.8555
51.9800 -53.9135 2.6859 10.8075 9.8751 0.3515 2353.2803
52.0000 -53.9470 2.4912 10.8119 9.8753 0.3332 2041.2638
52.0200 -53.9785 2.2962 10.8172 9.8174 0.6172 -657.1627
52.0400 -54.0080 2.1020 10.8237 9.8386 0.1677 2102.6045
52.0600 -54.0362 1.9072 10.8306 9.8558 0.2969 2894.8870
52.0800 -54.0626 1.7117 10.8384 9.8737 0.2524 2513.5225
52.1000 -54.0873 1.5157 10.8469 9.8987 -0.5215 4707.8916
52.1200 -54.1133 1.3194 10.8539 9.8821 0.3174 635.7472
52.1400 -54.1371 1.1232 10.8618 9.8979 0.1433 1508.2157
52.1600 -54.1597 0.9265 10.8698 9.9030 -0.0346 398.3182
52.1800 -54.1829 0.7298 10.8766 9.8604 0.5672 278.4358
52.2000 -54.2038 0.5337 10.8842 9.8036 0.8000 358.6591
52.2200 -54.2222 0.3384 10.8927 9.8351 0.2197 3337.4668
52.2400 -54.2389 0.1424 10.9016 9.8297 0.4854 2470.6643
52.2600 -54.2533 -0.0537 10.9112 9.8344 -0.0516 447.4609
52.2800 -54.2684 -0.2498 10.9194 9.8242 0.8000 3688.3894
52.3000 -54.2812 -0.4459 10.9282 9.8288 -0.3512 2483.6770
52.3200 -54.2950 -0.6420 10.9353 9.8308 0.4826 3113.8953
52.3400 -54.3066 -0.8383 10.9430 9.8305 0.4745 2883.1060
52.3600 -54.3158 -1.0347 10.9514 9.8283 0.1978 749.8369
52.3800 -54.3231 -1.2311 10.9602 9.7919 0.7327 1565.4120
52.4000 -54.3279 -1.4269 10.9696 9.8048 0.0994 1037.9321
52.4200 -54.3318 -1.6229 10.9786 9.7687 0.4283 -33.4331
52.4400 -54.3332 -1.8183 10.9884 9.7643 -0.4332 2305.9692
52.4600 -54.3356 -2.0136 10.9962 9.7337 0.5330 1047.2181
52.4800 -54.3356 -2.2083 11.0047 9.7511 -0.1184 1939.0541
52.5000 -54.3363 -2.4033 11.0115 9.7118 0.8000 1761.7017
52.5200 -54.3345 -2.5975 11.0189 9.6816 0.2110 -1095.0391
52.5400 -54.3307 -2.7911 11.0268 9.6996 0.0409 1365.0437
52.5600 -54.3262 -2.9851 11.0339 9.6914 0.4730 2354.7839
52.5800 -54.3193 -3.1788 11.0417 9.6789 -0.1428 -115.6967
52.6000 -54.3133 -3.3723 11.0478 9.5813 -0.8000 -2662.6672
52.6200 -54.3084 -3.5639 11.0521 9.5678 0.3442 1265.8102
52.6400 -54.3011 -3.7552 11.0570 9.6102 0.3948 5526.2783
52.6600 -54.2915 -3.9472 11.0625 9.6726 0.0365 4755.0996
52.6800 -54.2812 -4.1403 11.0677 9.6763 0.0161 323.6434
52.7000 -54.2702 -4.3336 11.0722 9.5898 -0.7171 -2200.0032
52.7200 -54.2605 -4.5252 11.0750 9.6047 -0.0520 1266.1945
52.7400 -54.2508 -4.7171 11.0769 9.6712 0.0150 5054.7715
52.7600 -54.2401 -4.9103 11.0787 9.6511 0.8000 3084.1794
52.7800 -54.2272 -5.1029 11.0813 9.6703 0.2261 2812.7456
52.8000 -54.2123 -5.2958 11.0846 9.6524 0.5641 2123.9504
52.8200 -54.1954 -5.4881 11.0888 9.6501 0.2826 1583.1736
52.8400 -54.1763 -5.6801 11.0939 9.6009 0.3822 -1282.8369
52.8600 -54.1552 -5.8710 11.0998 9.5780 0.3110 170.2446
52.8800 -54.1321 -6.0612 11.1066 9.5761 0.8000 4212.6826
52.9000 -54.1070 -6.2511 11.1141 9.5340 0.8000 1398.4275
52.9200 -54.0797 -6.4399 11.1226 9.5542 0.0934 1432.7457
52.9400 -54.0518 -6.6290 11.1307 9.6092 0.4148 6319.7925
52.9600 -54.0216 -6.8188 11.1395 9.6004 -0.7065 3306.6960
52.9800 -53.9927 -7.0086 11.1466 9.6470 0.2310 4673.3818
53.0000 -53.9617 -7.1991 11.1542 9.6424 0.6650 3486.0898
53.0200 -53.9285 -7.3891 11.1626 9.7126 -0.0644 5468.5366
53.0400 -53.8957 -7.5805 11.1696 9.7109 0.1968 839.2825
53.0600 -53.8610 -7.7716 11.1770 9.7138 -0.3235 2234.9409
53.0800 -53.8274 -7.9630 11.1827 9.7042 0.4056 1867.1871
53.1000 -53.7916 -8.1537 11.1891 9.6786 0.4073 676.1147
53.1200 -53.7536 -8.3435 11.1963 9.7361 0.2039 5284.9336
53.1400 -53.7136 -8.5341 11.2038 9.7733 -0.0994 3256.3506
53.1600 -53.6741 -8.7255 11.2099 9.7611 0.0726 -766.7977
53.1800 -53.6336 -8.9165 11.2159 9.8049 -0.0088 3330.1838
53.2000 -53.5929 -9.1084 11.2209 9.8442 0.0298 2995.6184
53.2200 -53.5513 -9.3008 11.2256 9.8344 -0.6458 3131.3982
53.2400 -53.5108 -9.4933 11.2285 9.7990 0.0756 -2359.6719
53.2600 -53.4692 -9.6849 11.2316 9.7993 -0.2542 1642.8323
53.2800 -53.4287 -9.8767 11.2331 9.8323 -0.0168 2500.2769
53.3000 -53.3876 -10.0691 11.2342 9.8005 -0.8000 2254.6814
53.3200 -53.3479 -10.2612 11.2336 9.8391 0.0997 3354.1746
53.3400 -53.3064 -10.4536 11.2337 9.8274 -0.0594 -787.5540
53.3600 -53.2651 -10.6458 11.2331 9.8375 0.2274 2150.7551
53.3800 -53.2218 -10.8378 11.2335 9.8678 0.0584 2456.8547
53.4000 -53.1774 -11.0301 11.2342 9.8545 0.5228 2222.8242
53.4200 -53.1312 -11.2217 11.2360 9.8587 -0.2538 1899.0228
53.4400 -53.0864 -11.4137 11.2365 9.9121 -0.0149 4009.5874
53.4600 -53.0413 -11.6068 11.2367 9.8976 0.2914 769.9047
53.4800 -52.9944 -11.7991 11.2379 9.8739 -0.8000 2806.5305
53.5000 -52.9491 -11.9913 11.2379 9.8724 0.5892 3400.2891
53.5200 -52.9020 -12.1831 11.2389 9.8954 -0.2215 3037.3787
53.5400 -52.8563 -12.3756 11.2387 9.8667 0.4516 692.3975
53.5600 -52.8089 -12.5672 11.2396 9.8751 -0.0062 637.7395
53.5800 -52.7615 -12.7589 11.2403 9.8576 0.5402 2009.9872
53.6000 -52.7124 -12.9499 11.2422 9.8617 -0.0740 561.9982
53.6200 -52.6642 -13.1411 11.2433 9.9245 -0.0975 5091.0571
53.6400 -52.6165 -13.3338 11.2436 9.9187 0.2816 1345.5461
53.6600 -52.5672 -13.5259 11.2450 9.9362 0.0023 1310.7146
53.6800 -52.5178 -13.7184 11.2462 9.9659 -0.1061 2673.4629
53.7000 -52.4692 -13.9117 11.2465 9.9029 0.4555 -1880.4993
53.7200 -52.4192 -14.1034 11.2480 9.9271 0.0614 1941.8785
53.7400 -52.3684 -14.2953 11.2499 9.8908 0.4932 361.4501
53.7600 -52.3160 -14.4861 11.2529 9.9466 -0.2087 5352.6167
53.7800 -52.2647 -14.6783 11.2546 9.9685 0.2788 3336.9280
53.8000 -52.2116 -14.8705 11.2575 9.9816 0.0904 1201.6233
53.8200 -52.1576 -15.0627 11.2607 9.9877 -0.4914 3405.3574
53.8400 -52.1051 -15.2554 11.2626 9.9577 0.1430 -1595.2126
53.8600 -52.0513 -15.4472 11.2652 9.9586 0.1053 412.7068
53.8800 -51.9966 -15.6387 11.2683 9.9632 0.3870 2732.8315
53.9000 -51.9400 -15.8297 11.2724 10.0199 -0.0342 4313.4678
53.9200 -51.8836 -16.0221 11.2758 10.0256 0.2183 1631.3640
53.9400 -51.8256 -16.2140 11.2801 10.0234 0.7734 4126.4761
53.9600 -51.7658 -16.4054 11.2854 9.9982 0.2186 -802.6041
53.9800 -51.7045 -16.5958 11.2914 9.9688 0.4725 670.7470
54.0000 -51.6415 -16.7850 11.2985 9.9375 -0.2349 -984.9479
54.0200 -51.5799 -16.9740 11.3040 9.9834 -0.2018 4584.4438
54.0400 -51.5193 -17.1642 11.3080 9.9644 0.0943 -1146.9331
54.0600 -51.4577 -17.3538 11.3123 9.9725 -0.2347 2059.4209
54.0800 -51.3973 -17.5439 11.3151 9.9303 -0.4745 -163.3464
54.1000 -51.3384 -17.7336 11.3162 9.9493 -0.0233 1454.1394
54.1200 -51.2793 -17.9236 11.3170 9.9407 0.3516 1604.3629
54.1400 -51.2183 -18.1128 11.3187 9.9490 0.0353 693.6030
54.1600 -51.1565 -18.3020 11.3205 9.9182 -0.3722 76.8050
54.1800 -51.0964 -18.4911 11.3208 9.8978 -0.4924 1543.1460
54.2000 -51.0378 -18.6802 11.3196 9.8564 -0.3426 -950.5779
54.2200 -50.9810 -18.8691 11.3170 9.7847 0.5685 -1959.1000
54.2400 -50.9228 -19.0559 11.3155 9.7884 -0.4070 2786.7578
54.2600 -50.8661 -19.2434 11.3127 9.7920 0.2349 1701.7306
54.2800 -50.8077 -19.4304 11.3110 9.8271 -0.0236 2608.6733
54.3000 -50.7490 -19.6180 11.3094 9.8276 -0.3810 2412.6433
54.3200 -50.6920 -19.8061 11.3065 9.8003 -0.2009 -1036.0061
54.3400 -50.6366 -19.9942 11.3026 9.8245 -0.0842 1888.0698
54.3600 -50.5815 -20.1828 11.2985 9.8447 -0.0023 1438.8616
54.3800 -50.5258 -20.3717 11.2948 9.8707 -0.0593 1966.1704
54.4000 -50.4704 -20.5612 11.2911 9.8742 0.2677 1917.4700
54.4200 -50.4135 -20.7503 11.2888 9.8866 -0.0872 1181.8419
54.4400 -50.3575 -20.9399 11.2861 9.8973 -0.0368 813.3753
54.4600 -50.3017 -21.1299 11.2834 9.9131 0.1236 1782.2080
54.4800 -50.2448 -21.3198 11.2819 9.8793 0.3923 -36.2134
54.5000 -50.1866 -21.5086 11.2818 9.8357 0.6297 580.9420
54.5200 -50.1271 -21.6962 11.2830 9.8724 -0.1243 3352.5149
54.5400 -50.0689 -21.8849 11.2835 9.8426 0.7815 2293.2190
54.5600 -50.0092 -22.0725 11.2853 9.8472 -0.3409 2472.7561
54.5800 -49.9513 -22.2607 11.2859 9.8405 -0.1512 286.7469
54.6000 -49.8948 -22.4493 11.2856 9.8070 0.2796 -746.7364
54.6200 -49.8369 -22.6367 11.2865 9.8263 0.3652 3684.5452
54.6400 -49.7773 -22.8240 11.2887 9.8304 0.1789 1166.2766
54.6600 -49.7165 -23.0110 11.2918 9.8394 0.2277 1886.6602
54.6800 -49.6541 -23.1977 11.2960 9.8480 0.2389 1892.6680
54.7000 -49.5902 -23.3841 11.3012 9.8391 0.3442 1374.6788
54.7200 -49.5246 -23.5697 11.3075 9.8417 0.2193 1113.6967
54.7400 -49.4575 -23.7549 11.3146 9.8647 0.0221 1485.5466
54.7600 -49.3908 -23.9407 11.3210 9.8588 0.1295 -217.3552
54.7800 -49.3231 -24.1259 11.3277 9.8428 0.3612 956.7402
54.8000 -49.2536 -24.3102 11.3353 9.8041 0.7790 1504.3073
54.8200 -49.1824 -24.4930 11.3439 9.7739 0.4258 234.4681
54.8400 -49.1094 -24.6745 11.3533 9.8100 -0.0748 2862.1606
54.8600 -49.0371 -24.8569 11.3614 9.8413 0.2114 3244.0552
54.8800 -48.9629 -25.0392 11.3699 9.7696 0.8000 -826.2740
54.9000 -48.8871 -25.2194 11.3792 9.8130 0.3732 5265.4624
54.9200 -48.8091 -25.3995 11.3892 9.8207 0.1955 1185.9583
54.9400 -48.7295 -25.5792 11.3995 9.8261 0.3809 2590.7090
54.9600 -48.6477 -25.7579 11.4104 9.7990 0.5751 1302.0549
54.9800 -48.5640 -25.9352 11.4220 9.8612 0.0117 4402.5527
55.0000 -48.4800 -26.1137 11.4324 9.8653 0.2530 1574.3750
55.0200 -48.3940 -26.2913 11.4431 9.8795 0.1158 1142.3418
55.0400 -48.3069 -26.4686 11.4536 9.8522 0.8000 2490.5532
55.0600 -48.2178 -26.6444 11.4646 9.8166 0.6431 1145.6161
55.0800 -48.1268 -26.8184 11.4762 9.8358 0.0769 1305.1602
55.1000 -48.0351 -26.9924 11.4870 9.8340 -0.2975 1729.2085
55.1200 -47.9441 -27.1668 11.4958 9.8342 0.2854 1820.2374
55.1400 -47.8510 -27.3401 11.5051 9.7797 0.8000 644.2529
55.1600 -47.7562 -27.5112 11.5150 9.7798 0.2871 1756.5935
55.1800 -47.6593 -27.6810 11.5253 9.7911 0.1273 1206.3340
55.2000 -47.5609 -27.8504 11.5353 9.7556 0.1940 -1731.1823
55.2200 -47.4611 -28.0180 11.5456 9.7995 0.1574 3895.4126
55.2400 -47.3593 -28.1855 11.5558 9.8074 0.2602 2109.7244
55.2600 -47.2554 -28.3519 11.5664 9.8146 0.4800 3462.4575
55.2800 -47.1493 -28.5170 11.5775 9.8114 0.2390 1035.1514
55.3000 -47.0413 -28.6809 11.5888 9.8209 -0.1813 1829.0974
55.3200 -46.9339 -28.8453 11.5982 9.7749 0.5241 -74.6118
55.3400 -46.8248 -29.0076 11.6080 9.7540 0.4501 1340.0199
55.3600 -46.7139 -29.1680 11.6183 9.7731 0.1298 1879.6064
55.3800 -46.6013 -29.3278 11.6285 9.7841 0.1317 1312.0823
55.4000 -46.4872 -29.4868 11.6384 9.8347 0.0040 3863.3105
55.4200 -46.3722 -29.6465 11.6472 9.8143 0.3958 1102.8540
55.4400 -46.2554 -29.8042 11.6565 9.7963 0.4221 1411.6353
55.4600 -46.1368 -29.9602 11.6663 9.7508 0.8000 1327.1694
55.4800 -46.0167 -30.1138 11.6765 9.7779 0.0844 2202.9946
55.5000 -45.8952 -30.2671 11.6862 9.7505 0.4733 994.4463
55.5200 -45.7721 -30.4184 11.6965 9.7576 -0.5487 3849.8145
55.5400 -45.6496 -30.5703 11.7047 9.7983 0.0739 3335.2578
55.5600 -45.5254 -30.7220 11.7126 9.7966 0.1110 379.0138
55.5800 -45.3999 -30.8725 11.7204 9.7999 0.2080 1519.9821
55.6000 -45.2726 -31.0216 11.7284 9.7562 0.2259 -1892.9783
55.6200 -45.1441 -31.1685 11.7369 9.7321 0.0906 -1512.9548
55.6400 -45.0149 -31.3140 11.7451 9.7666 0.1557 3356.5728
55.6600 -44.8838 -31.4588 11.7534 9.7438 -0.0242 -1569.4670
55.6800 -44.7529 -31.6033 11.7604 9.7372 0.2146 833.5264
55.7000 -44.6203 -31.7460 11.7679 9.7115 0.8000 2747.3933
55.7200 -44.4864 -31.8867 11.7759 9.6996 0.3895 1641.1951
55.7400 -44.3508 -32.0255 11.7844 9.7020 -0.1040 737.4231
55.7600 -44.2156 -32.1647 11.7913 9.6693 -0.4769 642.6979
55.7800 -44.0816 -32.3042 11.7963 9.7308 0.0737 4938.4355
55.8000 -43.9456 -32.4435 11.8012 9.7275 0.0222 -128.6207
55.8200 -43.8089 -32.5821 11.8057 9.7683 -0.0998 3525.5977
55.8400 -43.6719 -32.7215 11.8088 9.7399 -0.1066 -1666.4969
55.8600 -43.5355 -32.8608 11.8107 9.7328 -0.1517 195.4226
55.8800 -43.3997 -33.0004 11.8111 9.7766 0.0051 3309.3262
55.9000 -43.2624 -33.1399 11.8115 9.7934 -0.1286 1732.8911
55.9200 -43.1253 -33.2799 11.8108 9.8104 0.3949 3671.7659
55.9400 -42.9864 -33.4187 11.8108 9.7290 -0.8000 -1443.4595
55.9600 -42.8497 -33.5574 11.8093 9.7294 -0.2036 1034.3730
55.9800 -42.7137 -33.6968 11.8066 9.7341 0.3194 2289.2861
56.0000 -42.5763 -33.8348 11.8048 9.7437 0.0740 994.9297
56.0200 -42.4379 -33.9720 11.8037 9.7629 -0.1375 1987.2130
56.0400 -42.2999 -34.1102 11.8017 9.7934 0.0842 2622.0007
56.0600 -42.1606 -34.2479 11.8004 9.7949 0.1591 974.5221
56.0800 -42.0201 -34.3845 11.8001 9.8399 0.0973 3759.4309
56.1000 -41.8783 -34.5210 11.8005 9.8582 -0.0796 1629.3754
56.1200 -41.7368 -34.6583 11.8003 9.8756 -0.0449 1385.6533
56.1400 -41.5954 -34.7961 11.7997 9.9010 0.1065 2352.0107
56.1600 -41.4527 -34.9335 11.7999 9.9158 0.5578 4375.6548
56.1800 -41.3087 -35.0699 11.8012 9.9470 -0.0518 2482.1523
56.2000 -41.1648 -35.2072 11.8020 9.9698 -0.5836 5029.7251
56.2200 -41.0216 -35.3460 11.8016 10.0031 -0.0113 2500.6621
56.2400 -40.8780 -35.4852 11.8011 10.0121 -0.3536 2884.1411
56.2600 -40.7354 -35.6258 11.7994 9.9976 -0.0558 -1021.5880
56.2800 -40.5933 -35.7665 11.7974 9.9940 -0.1004 18.5082
56.3000 -40.4518 -35.9077 11.7948 9.9663 -0.3804 314.7246
56.3200 -40.3120 -36.0499 11.7910 9.9821 -0.1275 1547.4780
56.3400 -40.1726 -36.1929 11.7867 9.9986 -0.1759 1952.5962
56.3600 -40.0340 -36.3371 11.7816 10.0337 0.0356 2665.7834
56.3800 -39.8943 -36.4812 11.7773 9.9926 0.8000 1522.5668
56.4000 -39.7541 -36.6236 11.7745 10.0054 0.0910 1327.3823
56.4200 -39.6131 -36.7656 11.7726 10.0082 0.3766 2577.9167
56.4400 -39.4710 -36.9066 11.7722 10.0190 0.2425 2265.9578
56.4600 -39.3277 -37.0467 11.7731 10.0382 -0.0171 1458.2595
56.4800 -39.1846 -37.1876 11.7738 10.0589 0.1979 2616.1851
56.5000 -39.0403 -37.3279 11.7757 10.0820 0.0628 1792.9384
56.5200 -38.8955 -37.4683 11.7779 10.0257 0.5098 -1077.8013
56.5400 -38.7503 -37.6066 11.7814 10.0276 -0.1098 635.3770
56.5600 -38.6061 -37.7460 11.7840 10.0152 -0.1809 109.5771
56.5800 -38.4631 -37.8863 11.7854 10.0472 -0.0726 2642.6001
56.6000 -38.3203 -38.0277 11.7860 10.0467 0.0698 157.4357
56.6200 -38.1770 -38.1685 11.7872 10.0753 -0.1050 2584.9294
56.6400 -38.0340 -38.3105 11.7874 10.0796 0.4031 2827.3733
56.6600 -37.8896 -38.4512 11.7889 10.0421 -0.8000 1824.4387
56.6800 -37.7470 -38.5927 11.7890 10.0220 0.2056 -299.1757
56.7000 -37.6036 -38.7327 11.7902 10.0016 -0.3025 403.1307
56.7200 -37.4616 -38.8735 11.7902 9.9818 0.1430 -775.4556
56.7400 -37.3189 -39.0131 11.7910 9.9567 -0.8000 2707.3740
56.7600 -37.1777 -39.1536 11.7905 9.9663 0.2400 2187.6284
56.7800 -37.0352 -39.2929 11.7912 9.9596 -0.4803 2467.7473
56.8000 -36.8939 -39.4334 11.7906 9.9781 -0.0853 1641.0062
56.8200 -36.7529 -39.5747 11.7894 10.0093 0.0043 2332.0449
56.8400 -36.6113 -39.7162 11.7884 9.9623 -0.5507 -106.1741
56.8600 -36.4716 -39.8582 11.7861 9.9513 0.2677 856.1653
56.8800 -36.3308 -39.9989 11.7850 9.9413 0.2990 1153.0084
56.9000 -36.1890 -40.1383 11.7853 9.9167 -0.3841 601.5792
56.9200 -36.0488 -40.2786 11.7843 9.8764 -0.4891 46.5443
56.9400 -35.9104 -40.4195 11.7821 9.8895 -0.1037 1290.0803
56.9600 -35.7725 -40.5613 11.7794 9.8154 -0.8000 -905.0463
56.9800 -35.6369 -40.7033 11.7754 9.8598 0.0136 3300.9600
57.0000 -35.5003 -40.8456 11.7721 9.8262 0.8000 2074.8682
57.0200 -35.3630 -40.9862 11.7701 9.8009 -0.7604 2525.8525
57.0400 -35.2274 -41.1278 11.7670 9.8381 0.1874 3847.2920
57.0600 -35.0904 -41.2690 11.7652 9.8067 -0.5056 803.9526
57.0800 -34.9551 -41.4110 11.7622 9.8109 0.1932 1444.6976
57.1000 -34.8187 -41.5521 11.7606 9.7711 -0.4381 -203.5681
57.1200 -34.6843 -41.6940 11.7579 9.7785 -0.5905 4001.7500
57.1400 -34.5511 -41.8372 11.7542 9.7886 0.3702 3025.2085
57.1600 -34.4167 -41.9795 11.7518 9.8277 0.0955 3325.0664
57.1800 -34.2811 -42.1218 11.7505 9.8308 -0.0153 241.7606
57.2000 -34.1458 -42.2644 11.7492 9.8642 -0.0226 2529.8945
57.2200 -34.0102 -42.4078 11.7478 9.8290 0.1166 -2123.9644
57.2400 -33.8745 -42.5500 11.7475 9.8622 -0.0581 2648.8857
57.2600 -33.7389 -42.6932 11.7468 9.8689 0.0118 513.2183
57.2800 -33.6032 -42.8366 11.7463 9.8986 0.0805 2480.3059
57.3000 -33.4667 -42.9800 11.7466 9.8767 -0.2536 -47.0477
57.3200 -33.3317 -43.1242 11.7457 9.8897 0.3563 3186.6792
57.3400 -33.1954 -43.2676 11.7461 9.8964 0.0641 644.1755
57.3600 -33.0587 -43.4107 11.7471 9.8400 0.8000 450.6549
57.3800 -32.9215 -43.5518 11.7493 9.8736 -0.0708 2768.7068
57.4000 -32.7846 -43.6942 11.7508 9.8775 -0.4306 2939.2942
57.4200 -32.6489 -43.8377 11.7512 9.8825 -0.1764 1339.3943
57.4400 -32.5142 -43.9824 11.7504 9.8735 0.6225 3031.1182
57.4600 -32.3784 -44.1258 11.7509 9.8414 0.4464 413.2330
57.4800 -32.2418 -44.2675 11.7526 9.8580 -0.0107 1247.7799
57.5000 -32.1052 -44.4097 11.7540 9.8478 0.5386 2515.7759
57.5200 -31.9675 -44.5505 11.7566 9.8724 0.0496 1855.0618
57.5400 -31.8293 -44.6915 11.7593 9.8428 0.3957 273.1010
57.5600 -31.6901 -44.8309 11.7633 9.8484 0.2764 2014.9160
57.5800 -31.5497 -44.9690 11.7682 9.8652 0.0408 1135.6926
57.6000 -31.4090 -45.1075 11.7729 9.8597 0.4319 2214.0122
57.6200 -31.2671 -45.2445 11.7787 9.8499 0.8000 3658.3572
57.6400 -31.1240 -45.3800 11.7854 9.7887 0.7156 -443.6249
57.6600 -30.9804 -45.5132 11.7932 9.7843 0.3664 1762.4912
57.6800 -30.8354 -45.6448 11.8019 9.7602 0.4532 822.2418
57.7000 -30.6894 -45.7746 11.8116 9.7355 0.4520 733.2014
57.7200 -30.5423 -45.9024 11.8220 9.7296 0.3291 1207.3188
57.7400 -30.3939 -46.0285 11.8333 9.7288 0.4483 2397.1599
57.7600 -30.2441 -46.1529 11.8453 9.7645 -0.0918 2859.1848
57.7800 -30.0944 -46.2784 11.8556 9.7411 0.5708 1580.4492
57.8000 -29.9436 -46.4018 11.8666 9.7572 0.5198 4089.3591
57.8200 -29.7911 -46.5237 11.8783 9.7578 0.4122 2394.3044
57.8400 -29.6370 -46.6436 11.8905 9.7843 0.8000 5930.8467
57.8600 -29.4813 -46.7621 11.9033 9.8291 0.2123 3964.7095
57.8800 -29.3237 -46.8798 11.9162 9.7890 0.5796 365.4022
57.9000 -29.1652 -46.9948 11.9296 9.7977 0.2841 1981.7869
57.9200 -29.0053 -47.1082 11.9433 9.7556 0.8000 1304.8271
57.9400 -28.8446 -47.2189 11.9575 9.7017 0.8000 443.6280
57.9600 -28.6833 -47.3268 11.9722 9.7177 0.2138 1827.3303
57.9800 -28.5207 -47.4332 11.9868 9.7866 0.1261 5143.0391
58.0000 -28.3563 -47.5395 12.0008 9.8349 0.4932 6278.4897
58.0200 -28.1898 -47.6442 12.0151 9.8045 0.3825 81.8138
58.0400 -28.0223 -47.7463 12.0297 9.8343 0.1658 2689.2500
58.0600 -27.8535 -47.8471 12.0441 9.7644 0.8000 -539.1123
58.0800 -27.6844 -47.9449 12.0588 9.7365 0.5193 1161.4370
58.1000 -27.5145 -48.0400 12.0738 9.7656 0.6424 5733.7549
58.1200 -27.3428 -48.1331 12.0890 9.7809 0.2652 2623.4253
58.1400 -27.1697 -48.2242 12.1043 9.8127 0.3459 4499.6523
58.1600 -26.9948 -48.3133 12.1199 9.8086 0.2389 990.1892
58.1800 -26.8189 -48.4001 12.1354 9.7639 0.8000 1441.4530
58.2000 -26.6425 -48.4839 12.1512 9.7458 0.6449 2645.7729
58.2200 -26.4653 -48.5651 12.1672 9.7172 0.6008 1684.9071
58.2400 -26.2874 -48.6434 12.1835 9.7359 -0.0108 1633.6713
58.2600 -26.1090 -48.7217 12.1980 9.7137 -0.4170 1295.0909
58.2800 -25.9312 -48.8005 12.2101 9.6898 -0.8000 3189.9648
58.3000 -25.7538 -48.8796 12.2201 9.7186 0.0925 2955.8706
58.3200 -25.5751 -48.9570 12.2297 9.6770 0.4654 251.6001
58.3400 -25.3961 -49.0315 12.2396 9.6732 -0.4083 2671.3542
58.3600 -25.2173 -49.1065 12.2472 9.6835 -0.5152 4210.9429
58.3800 -25.0383 -49.1822 12.2526 9.6220 -0.5773 -723.5193
58.4000 -24.8606 -49.2581 12.2559 9.6280 0.2210 2060.3018
58.4200 -24.6819 -49.3315 12.2594 9.6291 -0.0994 471.1920
58.4400 -24.5030 -49.4045 12.2617 9.6250 0.4588 2663.4104
58.4600 -24.3234 -49.4749 12.2644 9.6210 0.0742 162.4702
58.4800 -24.1432 -49.5433 12.2671 9.6026 0.2166 102.2719
58.5000 -23.9625 -49.6092 12.2703 9.6554 -0.1719 4879.0693
58.5200 -23.7810 -49.6759 12.2719 9.6828 0.0678 2402.1316
58.5400 -23.5983 -49.7410 12.2737 9.7237 -0.0139 3118.5334
58.5600 -23.4146 -49.8054 12.2751 9.7437 0.0361 1647.2866
58.5800 -23.2301 -49.8686 12.2765 9.7408 0.3782 2202.1628
58.6000 -23.0450 -49.9296 12.2786 9.6671 0.8000 -794.2112
58.6200 -22.8607 -49.9880 12.2815 9.6838 -0.2908 3090.7290
58.6400 -22.6764 -50.0476 12.2828 9.7017 -0.0468 1431.4739
58.6600 -22.4916 -50.1073 12.2835 9.7144 0.2427 2470.1912
58.6800 -22.3061 -50.1650 12.2850 9.7119 -0.1200 327.8425
58.7000 -22.1208 -50.2234 12.2853 9.7171 0.4725 3278.1572
58.7200 -21.9348 -50.2799 12.2866 9.7328 0.2563 2763.1465
58.7400 -21.7480 -50.3347 12.2888 9.7004 0.3706 -50.7147
58.7600 -21.5613 -50.3873 12.2920 9.7195 0.2822 3143.7273
58.7800 -21.3736 -50.4381 12.2962 9.7624 -0.3420 5201.9365
58.8000 -21.1855 -50.4905 12.2990 9.7735 0.0906 1117.5140
58.8200 -20.9969 -50.5419 12.3021 9.7168 0.8000 432.5798
58.8400 -20.8089 -50.5910 12.3062 9.6927 -0.5699 1659.6732
58.8600 -20.6217 -50.6414 12.3088 9.7206 0.0317 2127.5256
58.8800 -20.4339 -50.6914 12.3113 9.7169 0.2835 1501.4978
58.9000 -20.2456 -50.7395 12.3148 9.7519 0.1041 2943.4592
58.9200 -20.0563 -50.7867 12.3186 9.7787 0.6667 5639.7300
58.9400 -19.8661 -50.8323 12.3234 9.7150 0.4366 -2095.8467
58.9600 -19.6767 -50.8756 12.3291 9.6911 0.6443 2015.7030
58.9800 -19.4872 -50.9168 12.3357 9.7273 -0.1670 3589.1536
59.0000 -19.2974 -50.9593 12.3410 9.7801 0.0223 3903.2576
59.0200 -19.1065 -51.0020 12.3457 9.7577 0.5957 1933.4395
59.0400 -18.9156 -51.0425 12.3513 9.7931 0.2731 4183.6099
59.0600 -18.7236 -51.0813 12.3577 9.8514 -0.1128 4881.6548
59.0800 -18.5306 -51.1213 12.3628 9.8653 -0.3838 3391.5972
59.1000 -18.3377 -51.1626 12.3662 9.8749 -0.1543 1557.1199
59.1200 -18.1447 -51.2050 12.3683 9.8981 -0.0383 1827.2607
59.1400 -17.9514 -51.2474 12.3698 9.9480 0.1200 4299.9658
59.1600 -17.7567 -51.2886 12.3718 9.9368 0.1585 -8.6826
59.1800 -17.5619 -51.3280 12.3745 9.9020 0.7699 1903.6028
59.2000 -17.3674 -51.3653 12.3781 9.8627 0.7791 1606.3696
59.2200 -17.1733 -51.4005 12.3827 9.8605 0.1019 77.6989
59.2400 -16.9791 -51.4346 12.3876 9.8187 -0.1948 -1989.3375
59.2600 -16.7859 -51.4698 12.3910 9.8126 -0.0353 -368.7000
59.2800 -16.5928 -51.5053 12.3936 9.8500 0.0183 2824.9097
59.3000 -16.3990 -51.5405 12.3961 9.8981 -0.0463 3728.1084
59.3200 -16.2043 -51.5762 12.3977 9.8852 -0.4097 1629.5312
59.3400 -16.0100 -51.6132 12.3979 9.8884 -0.2447 1710.3763
59.3600 -15.8160 -51.6516 12.3967 9.8652 0.1862 -654.2860
59.3800 -15.6220 -51.6881 12.3965 9.8743 0.0227 721.3781
59.4000 -15.4278 -51.7240 12.3964 9.8715 0.3787 2176.3430
59.4200 -15.2333 -51.7580 12.3974 9.8767 -0.0272 427.2371
59.4400 -15.0388 -51.7923 12.3981 9.8236 0.8000 711.0275
59.4600 -14.8450 -51.8245 12.3998 9.7894 0.5657 920.1544
59.4800 -14.6515 -51.8548 12.4027 9.7952 0.0065 407.4092
59.5000 -14.4580 -51.8852 12.4053 9.7795 0.0916 -929.3919
59.5200 -14.2646 -51.9147 12.4083 9.8104 -0.0795 2615.5500
59.5400 -14.0708 -51.9452 12.4103 9.8144 -0.0317 358.5665
59.5600 -13.8770 -51.9761 12.4118 9.8022 -0.2571 701.8948
59.5800 -13.6836 -52.0084 12.4120 9.8268 -0.0190 1854.0408
59.6000 -13.4897 -52.0407 12.4119 9.7841 0.5706 324.4744
59.6200 -13.2964 -52.0711 12.4129 9.7893 0.2716 2082.1133
59.6400 -13.1027 -52.0997 12.4151 9.7463 0.4269 -533.3295
59.6600 -12.9096 -52.1264 12.4184 9.7520 0.1135 760.3526
59.6800 -12.7162 -52.1520 12.4222 9.8360 0.0157 6238.5352
59.7000 -12.5212 -52.1780 12.4256 9.8225 0.5237 2178.2476
59.7200 -12.3262 -52.2021 12.4301 9.7763 -0.8000 1151.2239
59.7400 -12.1324 -52.2276 12.4331 9.8374 0.1502 5224.7656
59.7600 -11.9371 -52.2519 12.4368 9.8574 -0.1423 2238.0063
59.7800 -11.7416 -52.2774 12.4393 9.8387 -0.3244 682.2056
59.8000 -11.5467 -52.3044 12.4402 9.7948 -0.4697 -327.4059
59.8200 -11.3528 -52.3328 12.4398 9.7518 0.6587 761.1194
59.8400 -11.1596 -52.3591 12.4403 9.6946 -0.5172 -1061.6772
59.8600 -10.9677 -52.3869 12.4395 9.7015 0.1802 1550.4131
59.8800 -10.7754 -52.4129 12.4397 9.7100 -0.1642 1481.8669
59.9000 -10.5831 -52.4403 12.4388 9.7453 0.0119 2655.6187
59.9200 -10.3901 -52.4672 12.4381 9.7700 0.1526 2646.4199
59.9400 -10.1963 -52.4928 12.4383 9.7765 0.0984 868.1929
59.9600 -10.0023 -52.5173 12.4392 9.7870 0.5030 3800.3525
59.9800 -9.8079 -52.5401 12.4413 9.7931 -0.2487 1996.4268
60.0000 -9.6136 -52.5645 12.4420 9.7669 0.8000 2629.5688
60.0200 -9.4196 -52.5870 12.4440 9.8172 -0.0651 3980.8015
60.0400 -9.2246 -52.6106 12.4452 9.7829 0.7101 1655.1776
60.0600 -9.0302 -52.6322 12.4476 9.8282 -0.0357 3470.2034
60.0800 -8.8349 -52.6545 12.4494 9.8252 -0.4027 2295.3538
60.1000 -8.6398 -52.6784 12.4498 9.8134 0.3230 1178.0614
60.1200 -8.4448 -52.7004 12.4515 9.8088 0.1035 12.0676
60.1400 -8.2497 -52.7214 12.4536 9.7959 -0.1340 -290.1718
60.1600 -8.0551 -52.7436 12.4548 9.7554 -0.5654 459.0108
60.1800 -7.8614 -52.7673 12.4545 9.7196 0.5233 583.9236
60.2000 -7.6682 -52.7891 12.4554 9.7567 -0.0500 2901.5181
60.2200 -7.4744 -52.8115 12.4557 9.7467 -0.2325 655.3079
60.2400 -7.2809 -52.8354 12.4548 9.7513 0.0345 419.6547
60.2600 -7.0873 -52.8587 12.4543 9.7941 -0.1980 4276.6113
60.2800 -6.8929 -52.8834 12.4527 9.7989 -0.2186 1577.3232
60.3000 -6.6987 -52.9097 12.4500 9.7769 -0.1864 -763.2892
60.3200 -6.5050 -52.9372 12.4463 9.7361 0.5311 183.9731
60.3400 -6.3120 -52.9629 12.4439 9.7700 -0.1338 3052.5266
60.3600 -6.1184 -52.9899 12.4408 9.7956 -0.1359 2404.4097
60.3800 -5.9245 -53.0180 12.4371 9.8168 -0.0169 1526.6422
60.4000 -5.7302 -53.0460 12.4337 9.8091 0.2664 1082.4949
60.4200 -5.5358 -53.0724 12.4316 9.7966 -0.2499 578.7513
60.4400 -5.3419 -53.1006 12.4286 9.7534 -0.3512 -1021.2756
60.4600 -5.1491 -53.1306 12.4244 9.7743 -0.2501 2951.4946
60.4800 -4.9562 -53.1623 12.4194 9.7825 -0.0744 614.3541
60.5000 -4.7632 -53.1946 12.4143 9.8096 -0.0456 1957.0227
60.5200 -4.5697 -53.2271 12.4095 9.8061 -0.0397 -321.1554
60.5400 -4.3763 -53.2599 12.4049 9.8645 -0.0479 4359.4570
60.5600 -4.1818 -53.2932 12.4006 9.8735 0.0970 1103.3623
60.5800 -3.9870 -53.3257 12.3974 9.8681 -0.1081 -24.6365
60.6000 -3.7926 -53.3593 12.3938 9.8512 -0.5572 2141.5610
60.6200 -3.5988 -53.3949 12.3893 9.8929 -0.0390 3095.8560
60.6400 -3.4042 -53.4310 12.3850 9.8664 -0.3224 35.5632
60.6600 -3.2106 -53.4690 12.3797 9.8843 0.6454 4939.4565
60.6800 -3.0163 -53.5058 12.3760 9.8546 0.2696 -506.3174
60.7000 -2.8224 -53.5411 12.3737 9.8669 -0.0143 946.3915
60.7200 -2.6284 -53.5770 12.3717 9.8615 -0.2060 799.8298
60.7400 -2.4348 -53.6146 12.3688 9.8748 0.1286 1627.0471
60.7600 -2.2407 -53.6514 12.3671 9.8691 0.1045 3.7075
60.7800 -2.0466 -53.6873 12.3665 9.8820 0.0181 974.5327
60.8000 -1.8523 -53.7235 12.3661 9.9032 0.2384 3002.3826
60.8200 -1.6573 -53.7585 12.3671 9.9158 0.5192 4020.0879
60.8400 -1.4617 -53.7920 12.3695 9.9241 0.2545 2050.1882
60.8600 -1.2658 -53.8242 12.3731 9.8572 0.6305 -1273.7880
60.8800 -1.0708 -53.8545 12.3781 9.8817 0.0806 1742.0310
60.9000 -0.8754 -53.8848 12.3832 9.8521 0.6216 1432.5742
60.9200 -0.6802 -53.9132 12.3894 9.8495 0.5003 2691.8286
60.9400 -0.4849 -53.9398 12.3968 9.8579 0.5953 3905.7290
60.9600 -0.2891 -53.9645 12.4053 9.8565 0.3307 1608.3906
60.9800 -0.0931 -53.9874 12.4146 9.8644 -0.4679 3151.0330
61.0000 0.1028 -54.0117 12.4225 9.8308 0.8000 1952.1835
61.0200 0.2982 -54.0338 12.4313 9.8019 0.2590 -983.0090
61.0400 0.4933 -54.0539 12.4407 9.8043 0.4406 2688.8286
61.0600 0.6887 -54.0719 12.4510 9.7641 0.6387 625.3604
61.0800 0.8835 -54.0876 12.4620 9.8103 0.1589 3564.2581
61.1000 1.0792 -54.1021 12.4730 9.7983 0.7681 3256.1528
61.1200 1.2749 -54.1144 12.4847 9.8184 0.8000 5495.7188
61.1400 1.4711 -54.1244 12.4969 9.8127 -0.3142 1311.6543
61.1600 1.6671 -54.1355 12.5073 9.8141 0.2499 1345.1990
61.1800 1.8632 -54.1445 12.5181 9.7842 0.6457 1558.3167
61.2000 2.0588 -54.1510 12.5295 9.7601 0.3751 424.9270
61.2200 2.2540 -54.1549 12.5415 9.7520 0.7522 3553.1455
61.2400 2.4490 -54.1565 12.5539 9.7226 0.4385 410.8292
61.2600 2.6435 -54.1554 12.5669 9.7515 0.2357 3105.0364
61.2800 2.8385 -54.1523 12.5800 9.7567 0.6959 4208.3711
61.3000 3.0336 -54.1467 12.5936 9.7292 0.8000 2401.1006
61.3200 3.2280 -54.1385 12.6077 9.6961 0.2281 -1614.9709
61.3400 3.4217 -54.1282 12.6217 9.7710 -0.2208 6730.3315
61.3600 3.6169 -54.1185 12.6340 9.7992 0.1989 3061.5977
61.3800 3.8125 -54.1067 12.6463 9.8102 0.3712 3174.4570
61.4000 4.0082 -54.0921 12.6589 9.8484 0.1747 3594.7461
61.4200 4.2045 -54.0756 12.6714 9.8695 0.1904 2496.0425
61.4400 4.4010 -54.0568 12.6840 9.8774 0.2678 2214.2742
61.4600 4.5974 -54.0356 12.6967 9.8775 0.3929 2548.2253
61.4800 4.7935 -54.0116 12.7098 9.8073 0.8000 -488.0769
61.5000 4.9878 -53.9852 12.7232 9.8044 0.1636 433.7232
61.5200 5.1819 -53.9568 12.7364 9.7824 -0.2957 371.7775
61.5400 5.3756 -53.9292 12.7474 9.7768 0.4797 2759.2161
61.5600 5.5689 -53.8989 12.7588 9.7872 -0.0717 1296.4719
61.5800 5.7624 -53.8687 12.7684 9.7764 0.3128 1432.7943
61.6000 5.9553 -53.8358 12.7783 9.7502 -0.1466 -930.3058
61.6200 6.1478 -53.8034 12.7863 9.7474 -0.4201 2664.5713
61.6400 6.3405 -53.7718 12.7921 9.7436 -0.6110 3570.8665
61.6600 6.5333 -53.7409 12.7959 9.7768 0.0521 2865.9268
61.6800 6.7264 -53.7079 12.7996 9.7957 0.1361 2316.3359
61.7000 6.9194 -53.6726 12.8035 9.8063 -0.3463 3097.4148
61.7200 7.1128 -53.6381 12.8055 9.8507 -0.2138 4504.8442
61.7400 7.3073 -53.6040 12.8058 9.8147 0.6337 1174.2742
61.7600 7.5005 -53.5676 12.8067 9.7825 0.2835 -558.0704
61.7800 7.6925 -53.5291 12.8083 9.7811 0.5623 3313.2197
61.8000 7.8839 -53.4884 12.8105 9.8208 0.1029 3477.8826
61.8200 8.0757 -53.4458 12.8131 9.8441 0.1535 2598.4531
61.8400 8.2675 -53.4012 12.8162 9.7974 -0.4943 -360.5375
61.8600 8.4587 -53.3581 12.8176 9.8151 -0.0905 1624.1241
61.8800 8.6504 -53.3152 12.8180 9.8095 0.2822 1389.2356
61.9000 8.8414 -53.2702 12.8193 9.8308 -0.1069 2007.0823
61.9200 9.0330 -53.2258 12.8196 9.8055 0.8000 2696.3889
61.9400 9.2236 -53.1795 12.8208 9.8313 0.0716 2184.2051
61.9600 9.4144 -53.1319 12.8223 9.7994 -0.3641 -58.5917
61.9800 9.6049 -53.0860 12.8224 9.8027 0.1511 1055.8514
62.0000 9.7951 -53.0384 12.8232 9.8388 0.2075 3906.9207
62.0200 9.9856 -52.9889 12.8250 9.8477 -0.1197 1211.5657
62.0400 10.1765 -52.9403 12.8257 9.9081 0.0751 4776.5239
62.0600 10.3683 -52.8904 12.8269 9.8580 0.8000 930.2741
62.0800 10.5586 -52.8390 12.8291 9.8760 -0.1843 2398.1118
62.1000 10.7496 -52.7887 12.8301 9.8283 0.8000 1103.1714
62.1200 10.9392 -52.7369 12.8322 9.8333 0.2335 1746.1846
62.1400 11.1285 -52.6833 12.8353 9.8357 -0.1595 1049.7959
62.1600 11.3181 -52.6311 12.8372 9.8259 -0.4243 1932.7816
62.1800 11.5080 -52.5803 12.8376 9.8568 -0.0294 2353.9756
62.2000 11.6985 -52.5295 12.8377 9.8444 -0.1738 -24.9704
62.2200 11.8891 -52.4800 12.8367 9.8661 -0.0410 1649.3940
62.2400 12.0801 -52.4305 12.8353 9.8143 -0.5815 -307.7797
62.2600 12.2706 -52.3828 12.8327 9.7983 0.4320 1475.8411
62.2800 12.4602 -52.3335 12.8312 9.7849 -0.1044 -668.2444
62.3000 12.6499 -52.2852 12.8291 9.7767 0.2916 1226.8094
62.3200 12.8389 -52.2352 12.8283 9.7026 -0.8000 -882.9703
62.3400 13.0270 -52.1873 12.8262 9.7233 0.2351 2978.2036
62.3600 13.2150 -52.1377 12.8254 9.7156 -0.3974 1922.5962
62.3800 13.4034 -52.0900 12.8234 9.7447 -0.4025 4570.8623
62.4000 13.5927 -52.0437 12.8202 9.7456 -0.1176 412.7072
62.4200 13.7823 -51.9983 12.8165 9.7707 -0.0357 1819.6704
62.4400 13.9724 -51.9529 12.8130 9.7926 0.0360 1707.7341
62.4600 14.1628 -51.9067 12.8102 9.8016 -0.0455 699.9411
62.4800 14.3534 -51.8609 12.8073 9.7900 -0.3454 1309.4193
62.5000 14.5442 -51.8170 12.8034 9.7554 0.3725 -259.2423
62.5200 14.7340 -51.7717 12.8009 9.7224 0.4287 237.0826
62.5400 14.9228 -51.7251 12.7998 9.7252 -0.1312 825.5470
62.5600 15.1120 -51.6799 12.7980 9.7415 -0.3791 3552.7039
62.5800 15.3019 -51.6365 12.7952 9.7921 -0.1074 4132.9199
62.6000 15.4930 -51.5938 12.7920 9.7567 0.7457 1726.1021
62.6200 15.6832 -51.5498 12.7901 9.7785 -0.1570 2408.0835
62.6400 15.8740 -51.5072 12.7875 9.7786 0.2307 1423.7850
62.6600 16.0646 -51.4632 12.7862 9.8000 0.3452 3730.7417
62.6800 16.2552 -51.4177 12.7864 9.7919 -0.0462 -489.3632
62.7000 16.4459 -51.3730 12.7862 9.8329 0.0781 3301.9761
62.7200 16.6373 -51.3275 12.7866 9.8603 -0.2470 3553.8059
62.7400 16.8295 -51.2837 12.7861 9.8504 0.0974 -370.6335
62.7600 17.0214 -51.2390 12.7863 9.7942 -0.8000 470.7670
62.7800 17.2126 -51.1964 12.7854 9.7928 -0.0511 -3.3839
62.8000 17.4039 -51.1544 12.7841 9.7578 -0.1608 -1830.2375
62.8200 17.5948 -51.1139 12.7820 9.7860 0.1354 2793.0334
62.8400 17.7860 -51.0720 12.7809 9.7988 -0.0077 961.6989
62.8600 17.9775 -51.0303 12.7800 9.7879 -0.5131 2337.9277
62.8800 18.1691 -50.9903 12.7778 9.7992 -0.3156 2801.7192
62.9000 18.3614 -50.9520 12.7746 9.8196 0.0439 1636.3799
62.9200 18.5539 -50.9130 12.7721 9.8143 0.1288 234.4603
62.9400 18.7460 -50.8728 12.7707 9.7847 0.5588 1235.8347
62.9600 18.9372 -50.8312 12.7706 9.7886 0.0845 552.6956
62.9800 19.1284 -50.7888 12.7713 9.8266 0.2521 4313.2852
63.0000 19.3200 -50.7449 12.7732 9.8045 0.3045 227.2046
63.0200 19.5108 -50.6995 12.7764 9.7590 0.7540 987.9672
63.0400 19.7004 -50.6526 12.7809 9.7819 -0.0903 2061.7285
63.0600 19.8906 -50.6069 12.7844 9.7685 0.8000 3467.2134
63.0800 20.0803 -50.5595 12.7891 9.7873 -0.0343 1440.1998
63.1000 20.2704 -50.5129 12.7929 9.8169 0.3147 4058.5720
63.1200 20.4607 -50.4644 12.7978 9.8497 0.2698 3924.6562
63.1400 20.6512 -50.4141 12.8037 9.8756 0.1923 2702.5488
63.1600 20.8419 -50.3622 12.8102 9.8618 0.4157 1452.7531
63.1800 21.0318 -50.3085 12.8177 9.8708 0.3709 2790.0601
63.2000 21.2213 -50.2528 12.8262 9.8838 -0.0253 865.6874
63.2200 21.4112 -50.1978 12.8336 9.9107 -0.1715 2929.4666
63.2400 21.6020 -50.1438 12.8394 9.9063 0.1743 429.3591
63.2600 21.7922 -50.0883 12.8457 9.9209 0.1429 1565.0503
63.2800 21.9822 -50.0313 12.8523 9.9161 0.0869 -284.3019
63.3000 22.1720 -49.9735 12.8589 9.9293 0.2721 2552.6687
63.3200 22.3613 -49.9137 12.8662 9.9498 0.3703 3723.7642
63.3400 22.5505 -49.8517 12.8742 9.9094 0.5764 431.7421
63.3600 22.7381 -49.7878 12.8830 9.8914 0.2496 -136.5575
63.3800 22.9248 -49.7222 12.8924 9.8709 0.3636 603.2809
63.4000 23.1103 -49.6545 12.9026 9.8710 0.2752 1362.7382
63.4200 23.2951 -49.5848 12.9133 9.8953 0.2798 3172.3357
63.4400 23.4796 -49.5131 12.9245 9.9174 -0.0070 1483.7803
63.4600 23.6646 -49.4415 12.9343 9.9147 -0.1947 943.2692
63.4800 23.8498 -49.3708 12.9424 9.8571 0.8000 395.4261
63.5000 24.0332 -49.2983 12.9510 9.8780 0.0554 1566.3768
63.5200 24.2166 -49.2250 12.9591 9.8889 -0.1291 1544.1812
63.5400 24.4006 -49.1523 12.9655 9.8623 0.5872 1669.1431
63.5600 24.5831 -49.0775 12.9725 9.8429 0.5686 2078.4746
63.5800 24.7644 -49.0007 12.9801 9.8492 0.1606 1200.4905
63.6000 24.9450 -48.9221 12.9880 9.8239 0.3440 303.5254
63.6200 25.1242 -48.8415 12.9964 9.8485 0.1798 2641.9785
63.6400 25.3031 -48.7591 13.0051 9.8183 0.2478 -874.6788
63.6600 25.4804 -48.6748 13.0143 9.8219 0.4865 3202.8716
63.6800 25.6569 -48.5884 13.0241 9.8379 0.1348 1521.7631
63.7000 25.8329 -48.5005 13.0338 9.8505 0.2628 2397.2107
63.7200 26.0082 -48.4105 13.0439 9.7853 0.4038 -2418.9771
63.7400 26.1811 -48.3189 13.0546 9.7845 0.2930 1587.4165
63.7600 26.3530 -48.2253 13.0658 9.7709 0.4682 1817.8510
63.7800 26.5234 -48.1296 13.0775 9.7610 -0.1047 -257.2336
63.8000 26.6939 -48.0346 13.0874 9.7856 0.3137 3747.8340
63.8200 26.8637 -47.9373 13.0978 9.8027 0.2774 2892.2029
63.8400 27.0326 -47.8377 13.1085 9.8228 0.0562 1462.7086
63.8600 27.2015 -47.7373 13.1184 9.8419 0.1219 1824.2395
63.8800 27.3699 -47.6354 13.1281 9.8479 -0.4329 3166.9453
63.9000 27.5389 -47.5342 13.1359 9.8087 -0.5403 543.9717
63.9200 27.7078 -47.4341 13.1416 9.7901 0.4954 1830.9138
63.9400 27.8750 -47.3321 13.1479 9.7808 0.6756 3380.7144
63.9600 28.0407 -47.2281 13.1547 9.7851 0.5810 3860.6475
63.9800 28.2052 -47.1220 13.1620 9.7987 0.3125 3034.5923
64.0000 28.3686 -47.0138 13.1699 9.7673 0.3545 -38.5574
64.0200 28.5301 -46.9038 13.1783 9.7503 0.2950 581.9386
64.0400 28.6899 -46.7921 13.1873 9.7942 0.0109 3283.9795
64.0600 28.8503 -46.6797 13.1952 9.8604 0.1093 5334.6558
64.0800 29.0109 -46.5653 13.2031 9.8729 0.1077 1302.5360
64.1000 29.1709 -46.4495 13.2108 9.9158 -0.0701 3553.5928
64.1200 29.3317 -46.3334 13.2171 9.8939 0.3665 788.5750
64.1400 29.4908 -46.2156 13.2240 9.9154 0.4329 4275.5396
64.1600 29.6488 -46.0957 13.2315 9.8698 0.5218 -112.0494
64.1800 29.8045 -45.9745 13.2397 9.8886 0.2134 2554.1191
64.2000 29.9593 -45.8513 13.2482 9.8340 0.0994 -3877.3652
64.2200 30.1124 -45.7279 13.2565 9.7903 -0.5566 195.2854
64.2400 30.2655 -45.6058 13.2629 9.7820 -0.3282 1549.2349
64.2600 30.4191 -45.4845 13.2674 9.7622 -0.8000 3161.4890
64.2800 30.5732 -45.3643 13.2701 9.7591 -0.0364 -128.8959
64.3000 30.7269 -45.2438 13.2720 9.7602 -0.1731 991.5144
64.3200 30.8811 -45.1238 13.2725 9.7523 0.2561 1058.2859
64.3400 31.0337 -45.0021 13.2737 9.7927 -0.0712 3199.6509
64.3600 31.1869 -44.8800 13.2741 9.7842 0.4235 2028.7019
64.3800 31.3386 -44.7563 13.2754 9.8560 -0.0808 5621.9067
64.4000 31.4917 -44.6320 13.2758 9.8519 0.3948 2182.8579
64.4200 31.6433 -44.5061 13.2771 9.8909 0.0075 2942.4775
64.4400 31.7951 -44.3793 13.2782 9.8928 -0.0040 154.4977
64.4600 31.9468 -44.2522 13.2791 9.8655 -0.0719 -1842.5648
64.4800 32.0984 -44.1258 13.2793 9.9509 0.0311 6465.6455
64.5000 32.2507 -43.9977 13.2797 9.9559 0.1338 1036.6935
64.5200 32.4021 -43.8684 13.2808 9.9348 0.4962 1515.5602
64.5400 32.5519 -43.7379 13.2830 9.9267 -0.3608 1682.6746
64.5600 32.7027 -43.6086 13.2838 9.9447 0.1024 1760.0247
64.5800 32.8528 -43.4782 13.2851 9.9018 0.4466 -395.5443
64.6000 33.0011 -43.3470 13.2876 9.9164 -0.0105 1102.1228
64.6200 33.1498 -43.2157 13.2897 9.9403 0.1649 2608.8987
64.6400 33.2978 -43.0829 13.2926 9.9771 0.0818 2940.8320
64.6600 33.4458 -42.9491 13.2958 9.9996 0.3749 3947.7451
64.6800 33.5929 -42.8136 13.3000 9.9928 -0.2242 851.9706
64.7000 33.7409 -42.6793 13.3028 9.9940 0.0117 80.9567
64.7200 33.8888 -42.5448 13.3053 9.9988 -0.1683 1292.2931
64.7400 34.0377 -42.4113 13.3065 9.9963 0.3492 2028.4095
64.7600 34.1852 -42.2764 13.3088 9.9422 -0.6701 3.2893
64.7800 34.3330 -42.1433 13.3097 9.9159 -0.3810 465.7785
64.8000 34.4814 -42.0117 13.3091 9.8752 0.8000 1592.0955
64.8200 34.6279 -41.8792 13.3096 9.9020 0.0515 2137.3442
64.8400 34.7743 -41.7458 13.3105 9.8794 0.6351 2140.4556
64.8600 34.9191 -41.6114 13.3124 9.8550 0.4348 911.1368
64.8800 35.0622 -41.4759 13.3155 9.8708 -0.1502 1982.9352
64.9000 35.2065 -41.3412 13.3174 9.8752 -0.2661 1993.4045
64.9200 35.3519 -41.2075 13.3179 9.8996 0.0495 1950.0342
64.9400 35.4971 -41.0729 13.3188 9.9549 -0.1451 4839.5928
64.9600 35.6440 -40.9384 13.3186 9.9229 0.8000 2222.0391
64.9800 35.7890 -40.8030 13.3195 9.9005 0.1987 -545.0450
65.0000 35.9327 -40.6667 13.3215 9.8642 0.4515 122.2303
65.0200 36.0745 -40.5295 13.3245 9.8857 -0.2682 3246.7173
65.0400 36.2177 -40.3932 13.3263 9.9468 0.0206 4584.6567
65.0600 36.3617 -40.2559 13.3280 9.9744 0.0199 2077.3955
65.0800 36.5058 -40.1180 13.3297 9.9803 0.0595 570.8154
65.1000 36.6496 -39.9796 13.3316 9.9708 0.1933 334.8688
65.1200 36.7921 -39.8401 13.3345 9.9868 0.1585 1909.3950
65.1400 36.9339 -39.6993 13.3381 9.9663 0.5508 1815.0294
65.1600 37.0740 -39.5576 13.3428 9.9307 0.1462 -2183.8447
65.1800 37.2128 -39.4154 13.3480 9.9402 0.1024 850.1096
65.2000 37.3512 -39.2726 13.3535 9.9502 0.1557 1280.1985
65.2200 37.4887 -39.1287 13.3595 9.9825 0.0137 2301.1326
65.2400 37.6268 -38.9845 13.3648 9.9815 -0.1630 831.5216
65.2600 37.7658 -38.8412 13.3687 9.9726 -0.0745 -389.5235
65.2800 37.9052 -38.6985 13.3716 9.9999 -0.0218 2094.2190
65.3000 38.0450 -38.5555 13.3738 9.9406 -0.7286 -79.4535
65.3200 38.1850 -38.4143 13.3746 9.9571 0.1322 1890.5262
65.3400 38.3241 -38.2718 13.3760 9.9458 0.6487 3012.2559
65.3600 38.4616 -38.1281 13.3784 9.9225 0.4511 1094.8815
65.3800 38.5974 -37.9833 13.3819 9.8890 -0.1721 -1536.5074
65.4000 38.7336 -37.8399 13.3839 9.8909 -0.3181 2162.1738
65.4200 38.8709 -37.6975 13.3846 9.9357 -0.0205 3378.7292
65.4400 39.0088 -37.5544 13.3849 9.9941 0.0616 4562.7344
65.4600 39.1467 -37.4097 13.3856 9.9661 -0.8000 2515.0210
65.4800 39.2854 -37.2665 13.3849 9.9962 -0.0797 2446.5608
65.5000 39.4248 -37.1232 13.3836 9.9777 0.2671 295.9149
65.5200 39.5627 -36.9788 13.3834 9.9845 -0.0968 839.7317
65.5400 39.7012 -36.8350 13.3825 9.9843 0.1798 1010.4249
65.5600 39.8386 -36.6900 13.3826 9.9749 0.4170 1913.0981
65.5800 39.9745 -36.5440 13.3839 9.9745 0.1325 546.9437
65.6000 40.1095 -36.3971 13.3860 10.0017 0.0657 2146.0718
65.6200 40.2444 -36.2495 13.3884 9.9859 0.3678 1142.3268
65.6400 40.3778 -36.1008 13.3919 9.9288 -0.8000 358.1052
65.6600 40.5117 -35.9541 13.3941 9.9363 -0.0132 573.2440
65.6800 40.6458 -35.8074 13.3959 9.9268 -0.0113 -700.4294
65.7000 40.7799 -35.6610 13.3973 9.9607 -0.0636 2725.4868
65.7200 40.9149 -35.5145 13.3980 9.9475 0.4757 1978.5797
65.7400 41.0484 -35.3670 13.3999 9.9706 -0.1236 2313.2188
65.7600 41.1830 -35.2199 13.4007 9.9746 -0.1062 728.8276
65.7800 41.3184 -35.0734 13.4006 9.9564 -0.2452 125.8155
65.8000 41.4547 -34.9281 13.3993 9.9169 -0.8000 1675.5880
65.8200 41.5916 -34.7846 13.3966 9.9218 -0.1803 1184.0260
65.8400 41.7295 -34.6418 13.3929 9.9349 0.1028 1423.5170
65.8600 41.8666 -34.4980 13.3903 9.9279 -0.1359 -27.3844
65.8800 42.0044 -34.3549 13.3869 9.9693 -0.0921 3266.0979
65.9000 42.1433 -34.2118 13.3831 9.9542 0.5073 1951.4290
65.9200 42.2807 -34.0678 13.3807 9.9322 -0.5281 1606.5242
65.9400 42.4192 -33.9253 13.3771 9.8922 0.7404 1344.4956
65.9600 42.5560 -33.7824 13.3750 9.8827 0.1496 74.4213
65.9800 42.6918 -33.6387 13.3740 9.8840 -0.1482 838.0039
66.0000 42.8286 -33.4961 13.3722 9.9209 -0.0103 2763.0369
66.0200 42.9661 -33.3530 13.3705 9.9083 0.1136 -440.3146
66.0400 43.1026 -33.2094 13.3699 9.9298 0.1598 2425.7432
66.0600 43.2386 -33.0646 13.3704 9.8810 -0.8000 1013.0092
66.0800 43.3752 -32.9218 13.3697 9.8807 -0.3502 2191.9065
66.1000 43.5131 -32.7803 13.3679 9.8560 -0.8000 2726.6772
66.1200 43.6520 -32.6404 13.3650 9.8387 0.2495 265.1932
66.1400 43.7895 -32.4996 13.3634 9.8420 0.2173 1548.3835
66.1600 43.9260 -32.3578 13.3631 9.8226 0.4176 1191.8474
66.1800 44.0611 -32.2151 13.3641 9.7898 -0.2669 -774.2615
66.2000 44.1970 -32.0742 13.3640 9.8279 -0.0642 3042.1636
66.2200 44.3341 -31.9333 13.3635 9.8173 -0.3620 1507.4225
66.2400 44.4723 -31.7938 13.3617 9.8225 0.7037 4370.6602
66.2600 44.6095 -31.6532 13.3613 9.8599 0.1341 3419.7231
66.2800 44.7464 -31.5112 13.3617 9.7992 0.8000 136.0675
66.3000 44.8812 -31.3689 13.3635 9.7931 0.2312 861.2995
66.3200 45.0148 -31.2257 13.3665 9.7580 0.2708 -1052.5123
66.3400 45.1468 -31.0818 13.3706 9.7297 0.7314 2103.8413
66.3600 45.2771 -30.9371 13.3759 9.7008 0.7175 1951.5266
66.3800 45.4057 -30.7917 13.3824 9.7194 0.4496 3928.3733
66.4000 45.5331 -30.6447 13.3900 9.7286 0.4818 3393.9194
66.4200 45.6593 -30.4963 13.3985 9.7005 0.6073 1339.2925
66.4400 45.7835 -30.3470 13.4080 9.6635 0.3747 -749.7233
66.4600 45.9057 -30.1970 13.4185 9.6711 0.4884 3198.2766
66.4800 46.0263 -30.0455 13.4298 9.6742 0.2719 1230.3719
66.5000 46.1455 -29.8929 13.4416 9.6540 0.8000 2695.0386
66.5200 46.2626 -29.7392 13.4542 9.7037 -0.0284 3466.6873
66.5400 46.3809 -29.5852 13.4653 9.7208 -0.5288 4182.1265
66.5600 46.5002 -29.4317 13.4746 9.6745 0.8000 1123.9888
66.5800 46.6170 -29.2774 13.4846 9.6661 0.1501 -280.4698
66.6000 46.7325 -29.1224 13.4946 9.6527 0.8000 3434.8464
66.6200 46.8460 -28.9661 13.5051 9.6597 0.8000 4776.6187
66.6400 46.9576 -28.8084 13.5162 9.6284 0.4943 620.8406
66.6600 47.0668 -28.6498 13.5279 9.5860 0.7372 1053.5813
66.6800 47.1735 -28.4905 13.5402 9.6221 0.0610 2441.2744
66.7000 47.2803 -28.3304 13.5514 9.5954 0.2545 -696.8777
66.7200 47.3849 -28.1694 13.5630 9.6304 0.2005 3398.2175
66.7400 47.4882 -28.0069 13.5746 9.7020 0.2035 6158.7554
66.7600 47.5907 -27.8421 13.5864 9.6524 0.3106 -1915.7288
66.7800 47.6905 -27.6769 13.5985 9.6790 0.1008 2019.8978
66.8000 47.7897 -27.5106 13.6101 9.6641 0.5982 2489.8118
66.8200 47.8865 -27.3433 13.6221 9.6774 0.4504 3708.8860
66.8400 47.9812 -27.1745 13.6345 9.7090 0.1894 3092.5942
66.8600 48.0745 -27.0042 13.6469 9.6935 -0.0578 -900.0154
66.8800 48.1679 -26.8343 13.6576 9.7013 0.1239 1049.3237
66.9000 48.2599 -26.6635 13.6680 9.6954 0.6901 3660.9126
66.9200 48.3496 -26.4916 13.6788 9.7207 0.2189 3121.3594
66.9400 48.4375 -26.3182 13.6897 9.7157 0.2648 1248.2660
66.9600 48.5231 -26.1437 13.7010 9.7499 0.3736 4849.3999
66.9800 48.6068 -25.9675 13.7126 9.6983 0.7334 564.6455
67.0000 48.6876 -25.7912 13.7247 9.7284 -0.0286 2404.1614
67.0200 48.7687 -25.6143 13.7352 9.7823 0.0950 4377.2407
67.0400 48.8489 -25.4358 13.7452 9.7717 0.2658 944.6278
67.0600 48.9267 -25.2565 13.7556 9.8497 -0.1096 6506.8701
67.0800 49.0054 -25.0758 13.7643 9.8402 0.5516 2825.1226
67.1000 49.0817 -24.8944 13.7734 9.8129 0.4250 811.4449
67.1200 49.1553 -24.7124 13.7830 9.8489 0.1738 3653.2002
67.1400 49.2272 -24.5290 13.7926 9.8390 0.6176 3076.8125
67.1600 49.2966 -24.3448 13.8026 9.8284 0.2918 1107.5444
67.1800 49.3636 -24.1600 13.8130 9.8128 0.3352 1039.3962
67.2000 49.4279 -23.9745 13.8239 9.7909 0.4410 1219.5586
67.2200 49.4896 -23.7887 13.8352 9.7923 0.4023 2672.7861
67.2400 49.5489 -23.6020 13.8469 9.8293 -0.0537 3049.2554
67.2600 49.6086 -23.4147 13.8569 9.8585 0.0152 2308.1650
67.2800 49.6679 -23.2266 13.8659 9.8925 -0.1343 3409.8052
67.3000 49.7279 -23.0379 13.8730 9.8964 -0.2793 2241.1992
67.3200 49.7887 -22.8493 13.8782 9.8480 0.5218 -190.7336
67.3400 49.8468 -22.6610 13.8838 9.8582 -0.1600 1740.0540
67.3600 49.9054 -22.4725 13.8877 9.8552 0.0603 121.2668
67.3800 49.9623 -22.2836 13.8916 9.8691 0.1807 2202.8564
67.4000 50.0172 -22.0938 13.8958 9.8855 -0.0942 1658.6711
67.4200 50.0722 -21.9038 13.8988 9.8701 -0.0236 -1063.8715
67.4400 50.1266 -21.7138 13.9011 9.8440 -0.4188 760.3992
67.4600 50.1819 -21.5246 13.9016 9.8229 0.1065 -1027.1584
67.4800 50.2352 -21.3354 13.9026 9.8447 -0.3606 3865.6606
67.5000 50.2897 -21.1460 13.9018 9.8484 0.1588 1185.3909
67.5200 50.3423 -20.9560 13.9018 9.8812 -0.0966 2715.5356
67.5400 50.3953 -20.7655 13.9009 9.8857 -0.0058 302.9152
67.5600 50.4476 -20.5747 13.9000 9.8723 0.8000 3497.7791
67.5800 50.4978 -20.3838 13.9001 9.8733 -0.2795 1800.0017
67.6000 50.5495 -20.1931 13.8987 9.8459 0.4458 733.7118
67.6200 50.5991 -20.0025 13.8983 9.9003 -0.0202 4075.4785
67.6400 50.6488 -19.8108 13.8978 9.8793 -0.3784 833.9498
67.6600 50.7000 -19.6199 13.8960 9.8782 0.2343 1356.4067
67.6800 50.7495 -19.4286 13.8952 9.8551 -0.4732 1230.5457
67.7000 50.8004 -19.2382 13.8931 9.8093 0.5231 -201.8205
67.7200 50.8494 -19.0482 13.8922 9.8674 0.1522 5122.6318
67.7400 50.8973 -18.8568 13.8923 9.8984 -0.0930 2666.0576
67.7600 50.9463 -18.6650 13.8917 9.9019 -0.3184 2262.9805
67.7800 50.9970 -18.4735 13.8898 9.8517 -0.4034 -1223.5028
67.8000 51.0491 -18.2834 13.8867 9.8632 -0.0289 803.5329
67.8200 51.1011 -18.0931 13.8838 9.8241 0.1915 -1824.8839
67.8400 51.1515 -17.9032 13.8820 9.7946 -0.2522 -680.0007
67.8600 51.2035 -17.7143 13.8792 9.8212 -0.0795 2137.0356
67.8800 51.2562 -17.5251 13.8760 9.8344 0.3280 3011.5518
67.9000 51.3075 -17.3352 13.8742 9.7954 -0.6880 1200.2262
67.9200 51.3604 -17.1466 13.8713 9.7648 0.6177 1451.6108
67.9400 51.4116 -16.9581 13.8698 9.7808 0.0648 1393.7675
67.9600 51.4622 -16.7691 13.8690 9.7506 0.2351 -828.7384
67.9800 51.5113 -16.5804 13.8695 9.7370 0.4978 2056.4243
68.0000 51.5587 -16.3915 13.8713 9.7597 -0.0070 1688.7301
68.0200 51.6069 -16.2023 13.8729 9.7986 0.0254 2893.1792
68.0400 51.6553 -16.0124 13.8746 9.8166 -0.2262 2718.7683
68.0600 51.7054 -15.8225 13.8750 9.8030 0.2859 778.1767
68.0800 51.7538 -15.6325 13.8768 9.8510 0.0469 3640.9766
68.1000 51.8021 -15.4415 13.8787 9.8920 -0.0202 3097.6416
68.1200 51.8512 -15.2498 13.8802 9.9069 -0.0845 1435.2147
68.1400 51.9013 -15.0581 13.8809 9.9349 0.1299 2670.1128
68.1600 51.9503 -14.8656 13.8825 9.9504 0.1293 1697.2677
68.1800 51.9982 -14.6724 13.8848 9.9501 0.1122 342.7985
68.2000 52.0452 -14.4790 13.8876 9.9887 0.0926 3102.5344
68.2200 52.0917 -14.2847 13.8909 10.0028 0.4384 3687.4807
68.2400 52.1364 -14.0897 13.8953 9.9786 -0.7878 2653.5757
68.2600 52.1825 -13.8955 13.8983 9.9822 0.0203 246.8921
68.2800 52.2286 -13.7012 13.9011 9.9913 -0.6223 4273.8057
68.3000 52.2761 -13.5071 13.9025 9.9914 0.3202 2033.5054
68.3200 52.3217 -13.3126 13.9050 9.9823 0.2600 903.8699
68.3400 52.3656 -13.1178 13.9086 9.9590 -0.4389 990.3270
68.3600 52.4108 -12.9238 13.9107 9.9596 0.0163 50.0491
68.3800 52.4558 -12.7298 13.9126 9.9633 0.0115 285.3168
68.4000 52.5005 -12.5356 13.9144 9.9633 -0.2312 1410.7300
68.4200 52.5467 -12.3417 13.9148 9.8995 0.4580 -1921.5333
68.4400 52.5908 -12.1487 13.9163 9.9357 -0.0278 2763.2947
68.4600 52.6352 -11.9550 13.9173 9.9529 -0.2183 2579.7974
68.4800 52.6812 -11.7613 13.9171 9.9390 -0.5511 2322.2891
68.5000 52.7286 -11.5682 13.9155 9.9649 -0.0212 1913.1600
68.5200 52.7758 -11.3746 13.9138 9.9262 -0.4665 16.5145
68.5400 52.8246 -11.1821 13.9109 9.9425 0.1251 1831.2627
68.5600 52.8720 -10.9890 13.9089 9.9635 -0.3704 3817.9702
68.5800 52.9211 -10.7958 13.9058 9.9504 -0.2347 300.1873
68.6000 52.9717 -10.6032 13.9016 9.9256 0.1687 -928.3965
68.6200 53.0207 -10.4109 13.8986 9.9093 0.1381 -514.6715
68.6400 53.0683 -10.2185 13.8967 9.8594 -0.5018 -609.6534
68.6600 53.1175 -10.0275 13.8937 9.8184 0.4360 -339.9955
68.6800 53.1650 -9.8370 13.8921 9.8045 -0.1455 -360.1046
68.7000 53.2137 -9.6470 13.8897 9.8212 -0.1868 2222.5093
68.7200 53.2641 -9.4572 13.8865 9.7996 0.3402 533.8268
68.7400 53.3128 -9.2673 13.8846 9.8210 0.1294 2227.2241
68.7600 53.3606 -9.0768 13.8838 9.8398 -0.0420 1495.1906
68.7800 53.4091 -8.8861 13.8828 9.8373 0.4341 2515.9944
68.8000 53.4561 -8.6950 13.8832 9.7941 -0.6344 628.5526
68.8200 53.5046 -8.5052 13.8824 9.7735 0.3760 848.7148
68.8400 53.5516 -8.3155 13.8830 9.7388 -0.4133 19.0022
68.8600 53.6001 -8.1268 13.8825 9.7056 -0.8000 2143.2542
68.8800 53.6502 -7.9393 13.8807 9.6939 0.6199 2820.6670
68.9000 53.6987 -7.7516 13.8803 9.6214 -0.7960 -768.5953
68.9200 53.7486 -7.5657 13.8787 9.5834 -0.8000 1790.8557
68.9400 53.8000 -7.3811 13.8760 9.5470 -0.4356 1.7917
68.9600 53.8531 -7.1976 13.8721 9.4588 0.6018 -3074.5186
68.9800 53.9042 -7.0154 13.8695 9.4235 -0.6743 1396.2324
69.0000 53.9569 -6.8345 13.8658 9.3659 -0.8000 334.1050
69.0200 54.0111 -6.6551 13.8610 9.2907 -0.8000 -1041.7202
69.0400 54.0668 -6.4778 13.8552 9.1862 0.8000 -3418.7212
69.0600 54.1206 -6.3021 13.8507 9.1088 -0.6557 -1911.3950
69.0800 54.1758 -6.1284 13.8453 9.0120 -0.6967 -3277.1221
69.1000 54.2323 -5.9572 13.8389 8.9628 0.7228 516.9944
69.1200 54.2872 -5.7865 13.8341 8.9624 0.1761 987.3073
69.1400 54.3408 -5.6155 13.8307 8.9408 -0.4108 981.1965
69.1600 54.3963 -5.4455 13.8264 8.8585 0.8000 -1538.9888
69.1800 54.4500 -5.2767 13.8236 8.8573 -0.4646 2780.9238
69.2000 54.5056 -5.1085 13.8199 8.8177 0.3496 -752.1278
69.2200 54.5595 -4.9406 13.8177 8.7715 0.3130 -1455.9122
69.2400 54.6119 -4.7731 13.8170 8.7335 0.8000 1797.4396
69.2600 54.6626 -4.6059 13.8178 8.7045 -0.0032 -2182.2043
69.2800 54.7138 -4.4395 13.8186 8.7129 0.5716 3987.6956
69.3000 54.7636 -4.2724 13.8207 8.7087 0.5234 2836.7502
69.3200 54.8119 -4.1049 13.8241 8.7106 0.4300 2732.6265
69.3400 54.8587 -3.9370 13.8289 8.7270 0.1619 1660.1144
69.3600 54.9046 -3.7684 13.8343 8.6773 0.5589 -411.4362
69.3800 54.9486 -3.6003 13.8409 8.6406 0.7257 1359.3584
69.4000 54.9905 -3.4325 13.8487 8.7371 0.8000 10000.7500
69.4200 55.0317 -3.2624 13.8571 8.6841 0.7468 190.8591
69.4400 55.0707 -3.0929 13.8665 8.7216 0.4683 5190.0420
69.4600 55.1080 -2.9222 13.8768 8.7362 0.6409 4400.2612
69.4800 55.1434 -2.7508 13.8879 8.7288 0.8000 3548.2932
69.5000 55.1766 -2.5792 13.8998 8.8174 -0.1050 6768.8477
69.5200 55.2112 -2.4061 13.9102 8.8278 0.8000 4857.4971
69.5400 55.2437 -2.2324 13.9213 8.8870 0.1593 4437.2817
69.5600 55.2754 -2.0574 13.9323 8.8553 0.8000 1989.1440
69.5800 55.3047 -1.8826 13.9439 8.8918 0.8000 6506.2085
69.6000 55.3320 -1.7067 13.9561 8.8875 0.8000 3845.9978
69.6200 55.3570 -1.5306 13.9688 8.8888 0.2042 404.6458
69.6400 55.3804 -1.3542 13.9815 8.8684 0.8000 2745.8726
69.6600 55.4013 -1.1780 13.9948 8.8802 0.8000 4906.7246
69.6800 55.4199 -1.0012 14.0086 8.8862 0.5563 3435.6079
69.7000 55.4361 -0.8241 14.0229 8.8984 0.6833 4443.0669
69.7200 55.4498 -0.6466 14.0376 8.8984 0.5190 2801.4937
69.7400 55.4610 -0.4688 14.0527 8.9927 0.4518 8809.6025
69.7600 55.4703 -0.2891 14.0682 9.0156 0.1755 1700.9502
69.7800 55.4783 -0.1089 14.0832 9.0462 0.2414 3063.4744
69.8000 55.4843 0.0719 14.0982 9.0594 0.4409 3460.0049
69.8200 55.4876 0.2531 14.1135 9.0781 0.2717 2521.6682
69.8400 55.4886 0.4347 14.1289 9.0534 0.3400 -33.1045
69.8600 55.4870 0.6158 14.1446 9.0097 0.8000 1212.1973
69.8800 55.4826 0.7960 14.1606 9.0645 0.0698 3768.6912
69.9000 55.4778 0.9772 14.1752 9.0670 0.8000 4555.1855
69.9200 55.4704 1.1584 14.1901 9.1582 0.2252 7729.5503
69.9400 55.4609 1.3413 14.2050 9.1811 0.3045 3457.7292
69.9600 55.4488 1.5245 14.2200 9.2641 0.8000 9475.3994
69.9800 55.4348 1.7093 14.2354 9.2332 0.4145 384.4775
70.0000 55.4180 1.8932 14.2511 9.2803 0.1305 3822.2883
70.0200 55.3995 2.0779 14.2660 9.2805 0.3354 2208.6455
70.0400 55.3783 2.2623 14.2812 9.2394 0.8000 1719.5964
70.0600 55.3544 2.4456 14.2966 9.2752 0.2818 4379.4644
70.0800 55.3277 2.6292 14.3120 9.2591 0.4332 1680.0333
70.1000 55.2983 2.8120 14.3277 9.2552 0.0211 -184.9674
70.1200 55.2685 2.9948 14.3418 9.3324 0.1411 6512.9985
70.1400 55.2365 3.1788 14.3555 9.3585 -0.0036 2279.3828
70.1600 55.2040 3.3633 14.3678 9.3982 0.3290 5273.9756
70.1800 55.1686 3.5480 14.3802 9.4678 0.2783 7075.3301
70.2000 55.1305 3.7337 14.3928 9.4984 0.0781 2795.7046
70.2200 55.0907 3.9196 14.4047 9.4789 0.1347 -553.5376
70.2400 55.0489 4.1047 14.4163 9.4780 -0.1071 807.6047
70.2600 55.0071 4.2900 14.4260 9.4969 0.1404 2471.1819
70.2800 54.9629 4.4750 14.4356 9.4979 0.0732 652.3212
70.3000 54.9169 4.6596 14.4447 9.5306 -0.2078 3994.8066
70.3200 54.8711 4.8450 14.4518 9.5519 -0.0328 1943.7231
70.3400 54.8243 5.0307 14.4578 9.5174 -0.3759 106.6117
70.3600 54.7784 5.2160 14.4616 9.5042 0.6806 3211.4619
70.3800 54.7299 5.4002 14.4657 9.5030 -0.1829 991.9518
70.4000 54.6818 5.5847 14.4681 9.5264 0.0442 2047.0967
70.4200 54.6317 5.7689 14.4704 9.5314 0.3194 2499.3623
70.4400 54.5792 5.9524 14.4732 9.5305 0.0208 94.2957
70.4600 54.5252 6.1355 14.4757 9.6007 -0.0802 5517.6562
70.4800 54.4707 6.3199 14.4772 9.6221 0.8000 5852.3052
70.5000 54.4139 6.5039 14.4793 9.6270 0.1386 1162.2036
70.5200 54.3551 6.6874 14.4818 9.6326 0.0910 850.5291
70.5400 54.2948 6.8704 14.4846 9.6683 -0.0851 2993.7424
70.5600 54.2345 7.0542 14.4862 9.6483 -0.0123 -1469.1890
70.5800 54.1737 7.2374 14.4875 9.6736 -0.0497 1987.9221
70.6000 54.1127 7.4211 14.4882 9.6472 -0.2683 -314.9416
70.6200 54.0530 7.6047 14.4872 9.6321 0.4188 1480.3643
70.6400 53.9914 7.7873 14.4872 9.5745 0.8000 368.2311
70.6600 53.9284 7.9681 14.4882 9.5420 0.6453 1482.0132
70.6800 53.8636 8.1477 14.4902 9.4894 0.5227 -677.7342
70.7000 53.7974 8.3255 14.4932 9.5409 -0.0444 3983.1919
70.7200 53.7312 8.5045 14.4954 9.4870 -0.6432 -119.1828
70.7400 53.6669 8.6830 14.4962 9.5090 0.2550 3217.0835
70.7600 53.6006 8.8613 14.4979 9.5322 0.1519 2480.8848
70.7800 53.5327 9.0394 14.5004 9.5528 -0.1480 2315.3342
70.8000 53.4659 9.2184 14.5017 9.5553 0.0698 389.3288
70.8200 53.3981 9.3971 14.5033 9.5246 0.3434 -99.2662
70.8400 53.3287 9.5745 14.5061 9.5531 0.4600 4819.6914
70.8600 53.2575 9.7518 14.5098 9.5595 0.1367 969.3867
70.8800 53.1850 9.9288 14.5141 9.5528 0.0847 -388.1481
70.9000 53.1119 10.1053 14.5185 9.5670 -0.0607 1251.9810
70.9200 53.0395 10.2824 14.5220 9.5997 -0.0712 2706.5068
70.9400 52.9676 10.4604 14.5245 9.6000 -0.1428 760.4017
70.9600 52.8967 10.6389 14.5258 9.6292 -0.1956 3286.3792
70.9800 52.8267 10.8183 14.5258 9.6415 -0.0030 921.4063
71.0000 52.7563 10.9978 14.5257 9.6602 0.0311 1464.6199
71.0200 52.6850 11.1774 14.5259 9.6935 0.0763 2759.2715
71.0400 52.6125 11.3573 14.5266 9.6702 0.3558 534.3831
71.0600 52.5385 11.5359 14.5284 9.6444 0.3610 369.3884
71.0800 52.4629 11.7134 14.5313 9.6124 -0.6192 1353.6770
71.1000 52.3890 11.8909 14.5329 9.5939 0.2550 178.2774
71.1200 52.3136 12.0673 14.5355 9.6443 -0.1272 4386.4536
71.1400 52.2389 12.2452 14.5370 9.6822 0.0515 2942.7881
71.1600 52.1633 12.4234 14.5388 9.7048 -0.0374 1775.6108
71.1800 52.0879 12.6023 14.5400 9.7059 -0.6680 3944.7578
71.2000 52.0138 12.7817 14.5398 9.7113 -0.1253 926.3844
71.2200 51.9406 12.9617 14.5388 9.6880 -0.8000 2827.5950
71.2400 51.8691 13.1418 14.5364 9.6540 0.5423 771.7262
71.2600 51.7962 13.3206 14.5352 9.6923 0.1164 3405.2300
71.2800 51.7218 13.4996 14.5348 9.6467 0.4520 -567.3983
71.3000 51.6461 13.6771 14.5358 9.6498 0.0100 229.9487
71.3200 51.5704 13.8546 14.5366 9.6611 0.1474 1542.3644
71.3400 51.4934 14.0318 14.5384 9.6881 -0.1671 2940.9338
71.3600 51.4176 14.2101 14.5390 9.7164 -0.2238 3441.3350
71.3800 51.3429 14.3896 14.5385 9.7618 0.0120 3415.6101
71.4000 51.2676 14.5697 14.5381 9.7784 -0.1258 1780.7147
71.4200 51.1931 14.7505 14.5369 9.7132 -0.8000 -204.8269
71.4400 51.1208 14.9309 14.5344 9.6937 0.2537 119.3264
71.4600 51.0471 15.1102 14.5332 9.7117 -0.4273 3931.7126
71.4800 50.9747 15.2905 14.5307 9.6832 0.0111 -2144.8696
71.5000 50.9022 15.4700 14.5287 9.7368 -0.0756 4176.9692
71.5200 50.8300 15.6509 14.5263 9.7552 -0.0633 1470.0100
71.5400 50.7581 15.8323 14.5237 9.8046 -0.0919 3926.4858
71.5600 50.6865 16.0149 14.5207 9.7865 0.5177 1821.3159
71.5800 50.6137 16.1965 14.5190 9.7929 -0.1308 1035.9352
71.6000 50.5420 16.3788 14.5166 9.8384 -0.0670 3534.2095
71.6200 50.4706 16.5622 14.5139 9.8420 -0.0358 276.1444
71.6400 50.3994 16.7457 14.5113 9.8479 -0.0057 427.2440
71.6600 50.3282 16.9293 14.5090 9.8672 -0.1573 2188.6702
71.6800 50.2581 17.1138 14.5059 9.9153 -0.0783 3761.1257
71.7000 50.1885 17.2995 14.5026 9.8821 -0.6685 1506.8298
71.7200 50.1209 17.4853 14.4982 9.8296 -0.5095 -803.1881
71.7400 50.0554 17.6707 14.4928 9.8386 0.0461 763.1303
71.7600 49.9892 17.8560 14.4883 9.8290 -0.1580 -82.1992
71.7800 49.9244 18.0416 14.4832 9.8434 0.0930 1466.9851
71.8000 49.8586 18.2272 14.4793 9.8333 -0.1822 149.0089
71.8200 49.7944 18.4131 14.4747 9.8945 -0.1367 5069.0229
71.8400 49.7310 18.6006 14.4696 9.9108 -0.2279 2436.2598
71.8600 49.6693 18.7889 14.4638 9.9061 -0.3097 1490.2119
71.8800 49.6095 18.9778 14.4571 9.9105 0.1532 1142.2872
71.9000 49.5485 19.1664 14.4519 9.9089 -0.5180 3003.0793
71.9200 49.4895 19.3557 14.4458 9.8824 0.8000 2553.3831
71.9400 49.4294 19.5440 14.4413 9.8709 0.0578 -660.8225
71.9600 49.3689 19.7319 14.4378 9.8541 -0.5367 2058.0483
71.9800 49.3106 19.9201 14.4334 9.8388 0.1422 -387.9666
72.0000 49.2513 20.1078 14.4304 9.8585 -0.0423 1560.7985
72.0200 49.1927 20.2961 14.4275 9.8919 0.0265 2568.1450
72.0400 49.1339 20.4849 14.4252 9.9170 -0.2610 3489.1394
72.0600 49.0768 20.6749 14.4220 9.9277 -0.0916 1093.5449
72.0800 49.0208 20.8654 14.4186 9.9230 0.2341 1107.9669
72.1000 48.9635 21.0554 14.4167 9.9382 0.2242 2485.1794
72.1200 48.9049 21.2454 14.4162 9.9353 0.2506 1307.1384
72.1400 48.8450 21.4349 14.4171 9.9343 0.0708 28.1403
72.1600 48.7849 21.6244 14.4186 9.9330 -0.2358 1359.0631
72.1800 48.7267 21.8143 14.4190 9.9493 0.1438 1858.7891
72.2000 48.6673 22.0043 14.4205 9.9404 -0.3174 1336.7112
72.2200 48.6098 22.1946 14.4208 9.9674 -0.0330 2090.9102
72.2400 48.5528 22.3857 14.4208 9.9554 -0.4810 2084.7690
72.2600 48.4976 22.5770 14.4197 9.9601 0.0300 406.5947
72.2800 48.4419 22.7682 14.4190 9.9702 -0.1105 1199.4520
72.3000 48.3874 22.9600 14.4175 9.9635 -0.2550 1055.1926
72.3200 48.3345 23.1522 14.4150 9.9700 -0.1497 1120.4023
72.3400 48.2828 23.3448 14.4117 9.9057 -0.5567 -1425.1455
72.3600 48.2332 23.5366 14.4072 9.8776 0.3659 160.6719
72.3800 48.1823 23.7275 14.4042 9.8480 0.8000 2372.3638
72.4000 48.1300 23.9174 14.4025 9.7987 0.4652 -761.2378
72.4200 48.0765 24.1059 14.4023 9.7975 -0.0040 -89.8531
72.4400 48.0233 24.2945 14.4021 9.8026 0.2197 1670.5203
72.4600 47.9687 24.4829 14.4031 9.7646 0.8000 1789.9131
72.4800 47.9128 24.6701 14.4055 9.7080 0.8000 400.8748
72.5000 47.8556 24.8557 14.4092 9.7087 0.0984 158.8957
72.5200 47.7979 25.0412 14.4134 9.7318 0.0967 1828.7156
72.5400 47.7395 25.2269 14.4178 9.7800 0.1740 4255.7544
72.5600 47.6797 25.4133 14.4230 9.7578 0.6631 2190.5801
72.5800 47.6183 25.5986 14.4293 9.7395 0.1665 -919.3611
72.6000 47.5559 25.7833 14.4362 9.6971 0.7165 934.4824
72.6200 47.4919 25.9665 14.4441 9.7047 0.1844 1052.4479
72.6400 47.4266 26.1494 14.4525 9.6916 0.0277 -1272.9329
72.6600 47.3617 26.3321 14.4600 9.6417 0.7902 754.3536
72.6800 47.2951 26.5132 14.4685 9.6180 0.2095 -1016.5426
72.7000 47.2271 26.6932 14.4774 9.6438 0.1934 2517.6592
72.7200 47.1575 26.8732 14.4867 9.6361 0.5651 2656.3921
72.7400 47.0859 27.0522 14.4968 9.6609 0.7176 5534.9844
72.7600 47.0122 27.2309 14.5076 9.6523 0.5037 2218.9280
72.7800 46.9364 27.4086 14.5190 9.5853 0.8000 -614.5392
72.8000 46.8589 27.5840 14.5312 9.5768 0.2238 5.6905
72.8200 46.7799 27.7586 14.5435 9.5315 0.4406 -895.9233
72.8400 46.6990 27.9313 14.5565 9.5767 0.2602 4346.4565
72.8600 46.6159 28.1040 14.5698 9.6235 0.1515 3500.1062
72.8800 46.5314 28.2769 14.5827 9.6091 0.1951 -579.9391
72.9000 46.4453 28.4488 14.5955 9.6755 0.1251 4958.4209
72.9200 46.3577 28.6214 14.6079 9.7375 0.1080 4650.9873
72.9400 46.2686 28.7945 14.6198 9.6902 0.2154 -2580.8479
72.9600 46.1780 28.9659 14.6317 9.6518 0.8000 1742.4399
72.9800 46.0855 29.1353 14.6442 9.6665 0.2713 2552.7358
73.0000 45.9907 29.3038 14.6569 9.6805 0.2225 2055.5354
73.0200 45.8940 29.4715 14.6697 9.6791 0.3771 2210.0134
73.0400 45.7950 29.6379 14.6829 9.7157 -0.0089 2740.8538
73.0600 45.6956 29.8049 14.6945 9.7371 0.3189 3593.0334
73.0800 45.5939 29.9709 14.7065 9.7067 0.4767 780.2029
73.1000 45.4901 30.1350 14.7189 9.6923 -0.1421 -184.9924
73.1200 45.3871 30.2993 14.7293 9.7008 0.1403 1327.1025
73.1400 45.2823 30.4626 14.7396 9.7173 -0.2920 3219.9688
73.1600 45.1779 30.6267 14.7477 9.7360 -0.1826 2654.0815
73.1800 45.0737 30.7914 14.7540 9.7208 0.1835 109.2249
73.2000 44.9676 30.9546 14.7605 9.6936 0.7317 2444.1240
73.2200 44.8598 31.1158 14.7674 9.6818 0.4156 1897.9362
73.2400 44.7499 31.2753 14.7749 9.7080 -0.1334 2779.6890
73.2600 44.6401 31.4356 14.7805 9.7015 0.3619 1952.9214
73.2800 44.5284 31.5943 14.7867 9.6333 0.6854 -843.8820
73.3000 44.4154 31.7505 14.7935 9.6572 0.0943 2195.3684
73.3200 44.3008 31.9060 14.8001 9.6293 0.5819 1576.8987
73.3400 44.1846 32.0596 14.8072 9.7021 -0.0051 5547.4438
73.3600 44.0672 32.2142 14.8135 9.6438 0.6189 -493.8132
73.3800 43.9486 32.3663 14.8203 9.6856 -0.0833 3549.0083
73.4000 43.8298 32.5194 14.8257 9.7171 0.0487 2541.3286
73.4200 43.7096 32.6722 14.8308 9.7376 0.1243 2140.7671
73.4400 43.5878 32.8242 14.8361 9.7728 0.2047 3834.7974
73.4600 43.4640 32.9754 14.8419 9.7470 0.1076 -1517.6884
73.4800 43.3392 33.1252 14.8478 9.7625 0.3381 3298.3982
73.5000 43.2126 33.2738 14.8544 9.7902 0.0249 2085.7917
73.5200 43.0852 33.4225 14.8603 9.7971 -0.3237 2594.2534
73.5400 42.9585 33.5720 14.8644 9.8044 0.2310 1989.1281
73.5600 42.8301 33.7202 14.8692 9.8320 0.0850 2359.1941
73.5800 42.7003 33.8680 14.8740 9.8193 -0.6760 3070.8765
73.6000 42.5715 34.0163 14.8771 9.8759 0.0941 4638.2373
73.6200 42.4409 34.1645 14.8804 9.8734 0.4272 2518.7029
73.6400 42.3086 34.3111 14.8846 9.9091 -0.0556 2864.8735
73.6600 42.1761 34.4585 14.8877 9.9312 -0.3461 3813.4070
73.6800 42.0442 34.6071 14.8892 9.9114 0.1697 -504.8580
73.7000 41.9111 34.7541 14.8915 9.9284 0.0175 1315.4221
73.7200 41.7773 34.9008 14.8935 9.9107 0.2803 472.2810
73.7400 41.6423 35.0459 14.8965 9.8995 0.6814 3171.7300
73.7600 41.5059 35.1894 14.9003 9.8770 -0.3312 434.8408
73.7800 41.3708 35.3336 14.9026 9.8740 0.2123 1032.3638
73.8000 41.2344 35.4764 14.9057 9.8697 0.2264 1011.1499
73.8200 41.0967 35.6178 14.9097 9.8633 -0.1416 269.6794
73.8400 40.9599 35.7599 14.9123 9.8717 0.0547 752.6659
73.8600 40.8223 35.9015 14.9150 9.8876 0.1647 2022.3835
73.8800 40.6833 36.0422 14.9185 9.8815 -0.5041 2632.8281
73.9000 40.5454 36.1838 14.9204 9.8414 -0.3851 -534.5087
73.9200 40.4092 36.3259 14.9208 9.8591 -0.4562 4070.1133
73.9400 40.2736 36.4692 14.9198 9.8647 0.0420 527.2991
73.9600 40.1372 36.6118 14.9191 9.8747 0.0463 871.4103
73.9800 40.0000 36.7539 14.9188 9.8782 0.0998 688.1918
74.0000 39.8619 36.8951 14.9193 9.8918 0.2109 2258.2588
74.0200 39.7223 37.0353 14.9207 9.9070 -0.1266 1739.0178
74.0400 39.5833 37.1766 14.9211 9.9343 -0.0061 2046.0560
74.0600 39.4439 37.3181 14.9214 9.9274 -0.2284 851.1373
74.0800 39.3057 37.4607 14.9204 9.9409 0.2610 2630.2034
74.1000 39.1660 37.6021 14.9206 9.9263 0.8000 3437.5608
74.1200 39.0252 37.7421 14.9219 9.9291 0.3345 2308.2476
74.1400 38.8832 37.8809 14.9243 9.9447 0.0617 1250.9346
74.1600 38.7406 38.0196 14.9270 9.9252 0.2738 190.7705
74.1800 38.5970 38.1567 14.9309 9.9913 -0.1636 5796.0503
74.2000 38.4534 38.2957 14.9335 9.9916 -0.1509 830.5624
74.2200 38.3107 38.4356 14.9349 9.9662 -0.5096 1267.3318
74.2400 38.1695 38.5763 14.9350 10.0087 -0.1220 3690.1855
74.2600 38.0284 38.7183 14.9342 9.9877 -0.2433 -128.9752
74.2800 37.8886 38.8611 14.9320 9.9862 0.4117 2426.2305
74.3000 37.7476 39.0025 14.9311 9.9993 0.0596 1157.7792
74.3200 37.6057 39.1435 14.9307 9.9661 0.7904 2096.5833
74.3400 37.4631 39.2828 14.9315 9.9567 -0.5743 2762.3184
74.3600 37.3219 39.4231 14.9310 9.9049 -0.8000 797.3031
74.3800 37.1825 39.5639 14.9293 9.9141 0.1674 1615.1733
74.4000 37.0420 39.7038 14.9287 9.8836 -0.2033 -1127.4902
74.4200 36.9029 39.8443 14.9269 9.8933 0.0632 922.4742
74.4400 36.7632 39.9844 14.9259 9.8988 0.3867 2816.9460
74.4600 36.6221 40.1233 14.9261 9.8569 -0.5915 500.1407
74.4800 36.4829 40.2629 14.9250 9.8861 0.1187 2731.7900
74.5000 36.3425 40.4021 14.9249 9.9209 0.1618 3433.4429
74.5200 36.2006 40.5408 14.9258 9.9894 0.0858 5385.0874
74.5400 36.0573 40.6800 14.9273 9.9600 -0.5503 1182.6462
74.5600 35.9155 40.8200 14.9275 9.9224 -0.6311 1029.1775
74.5800 35.7756 40.9607 14.9265 9.9438 0.1094 2080.0110
74.6000 35.6345 41.1008 14.9263 9.9722 -0.1273 2699.8645
74.6200 35.4938 41.2423 14.9253 9.9818 0.0517 853.9159
74.6400 35.3525 41.3833 14.9249 10.0013 -0.0233 1482.7323
74.6600 35.2111 41.5248 14.9242 10.0117 0.2949 2630.2017
74.6800 35.0684 41.6652 14.9248 10.0022 0.6734 3230.9695
74.7000 34.9247 41.8044 14.9267 9.9549 0.5412 -197.2142
74.7200 34.7804 41.9416 14.9298 9.9635 -0.0105 622.5313
74.7400 34.6364 42.0794 14.9325 9.9912 0.1776 2914.6609
74.7600 34.4910 42.2165 14.9360 10.0095 -0.2737 3031.8152
74.7800 34.3465 42.3551 14.9382 9.9985 -0.1359 -137.6656
74.8000 34.2030 42.4944 14.9394 9.9944 0.3202 1725.9730
74.8200 34.0583 42.6323 14.9416 9.9947 0.4520 2796.6428
74.8400 33.9123 42.7688 14.9450 9.9963 -0.0563 286.5732
74.8600 33.7669 42.9060 14.9476 10.0085 0.0446 947.7710
74.8800 33.6209 43.0431 14.9502 10.0040 -0.0214 -304.9993
74.9000 33.4753 43.1803 14.9523 10.0208 -0.1631 2143.6108
74.9200 33.3304 43.3187 14.9532 10.0293 -0.0488 741.0751
74.9400 33.1855 43.4575 14.9536 10.0454 0.3061 3117.2935
74.9600 33.0392 43.5951 14.9550 9.9697 0.5295 -2426.5190
74.9800 32.8927 43.7304 14.9575 9.9474 0.2425 -241.6225
75.0000 32.7453 43.8641 14.9610 9.8965 -0.8000 827.4896
75.0200 32.5998 43.9982 14.9632 9.9066 -0.2217 2094.0955
75.0400 32.4551 44.1336 14.9640 9.8939 0.1476 -210.5337
75.0600 32.3096 44.2677 14.9656 9.9296 0.2149 3898.2393
75.0800 32.1624 44.4010 14.9682 9.9461 0.2718 2874.3831
75.1000 32.0137 44.5332 14.9718 9.9070 0.3831 -527.5389
75.1200 31.8643 44.6634 14.9764 9.8842 0.5106 1398.7020
75.1400 31.7140 44.7919 14.9822 9.8907 0.0783 460.2244
75.1600 31.5633 44.9201 14.9879 9.8749 0.6600 2653.1089
75.1800 31.4116 45.0466 14.9946 9.9203 0.0805 3333.2166
75.2000 31.2588 45.1733 15.0011 9.9380 0.8000 5485.4033
75.2200 31.1045 45.2987 15.0085 9.9229 -0.3899 1207.6744
75.2400 30.9514 45.4249 15.0143 9.9538 0.0538 2298.2380
75.2600 30.7975 45.5512 15.0198 9.9161 0.5246 418.7082
75.2800 30.6428 45.6753 15.0262 9.9182 0.3397 2224.3979
75.3000 30.4867 45.7978 15.0334 9.8905 0.8000 2440.6472
75.3200 30.3297 45.9182 15.0415 9.9486 0.0495 4190.4551
75.3400 30.1717 46.0391 15.0489 9.9751 0.1113 2176.1255
75.3600 30.0126 46.1595 15.0564 9.9449 0.6067 1376.6389
75.3800 29.8526 46.2777 15.0646 9.9799 0.0119 2501.9795
75.4000 29.6921 46.3964 15.0719 9.9655 -0.2419 433.0816
75.4200 29.5326 46.5159 15.0775 9.9850 0.2986 3314.5110
75.4400 29.3714 46.6338 15.0838 9.9726 0.1510 -288.4723
75.4600 29.2095 46.7502 15.0904 9.9552 0.3640 1009.5609
75.4800 29.0465 46.8646 15.0977 9.9111 0.3575 -1078.7312
75.5000 28.8829 46.9765 15.1058 9.9218 0.2898 2473.7913
75.5200 28.7179 47.0868 15.1145 9.9056 0.0599 -1321.6152
75.5400 28.5529 47.1965 15.1227 9.8569 0.4600 -796.4662
75.5600 28.3874 47.3036 15.1315 9.8021 0.8000 510.4393
75.5800 28.2216 47.4082 15.1410 9.8233 0.2795 3090.3818
75.6000 28.0542 47.5112 15.1511 9.8227 0.2337 1033.6494
75.6200 27.8858 47.6124 15.1616 9.8103 0.2989 713.1729
75.6400 27.7164 47.7115 15.1725 9.8331 0.3470 3659.6335
75.6600 27.5455 47.8088 15.1841 9.8056 0.4058 355.9650
75.6800 27.3738 47.9037 15.1962 9.7608 0.4317 -803.9780
75.7000 27.2017 47.9959 15.2088 9.7708 0.1762 1130.9856
75.7200 27.0287 48.0868 15.2214 9.7454 0.4762 939.3977
75.7400 26.8549 48.1751 15.2345 9.7313 0.2277 -162.9616
75.7600 26.6805 48.2615 15.2477 9.7211 -0.1617 113.4268
75.7800 26.5066 48.3484 15.2589 9.7233 0.2387 1471.5164
75.8000 26.3316 48.4333 15.2703 9.7246 0.6414 3861.3733
75.8200 26.1556 48.5160 15.2822 9.7179 0.7760 3878.4917
75.8400 25.9786 48.5962 15.2945 9.6936 0.4217 848.4226
75.8600 25.8009 48.6738 15.3071 9.7448 0.1041 3942.4355
75.8800 25.6218 48.7508 15.3192 9.7170 0.8000 2557.6558
75.9000 25.4422 48.8250 15.3317 9.7415 -0.3011 3728.9214
75.9200 25.2625 48.9002 15.3422 9.6905 -0.8000 1006.3046
75.9400 25.0839 48.9757 15.3505 9.6689 0.6454 2453.8408
75.9600 24.9047 49.0487 15.3592 9.6635 0.6192 3438.5059
75.9800 24.7246 49.1191 15.3683 9.6732 0.0874 1098.1943
76.0000 24.5439 49.1882 15.3771 9.7141 0.0664 3343.5972
76.0200 24.3618 49.2563 15.3853 9.7102 -0.0724 138.7613
76.0400 24.1799 49.3245 15.3921 9.7237 0.2619 2787.6396
76.0600 23.9968 49.3904 15.3992 9.7127 0.3480 1545.1458
76.0800 23.8131 49.4538 15.4068 9.7318 -0.2562 3143.4558
76.1000 23.6293 49.5181 15.4125 9.7306 -0.3053 1989.8928
76.1200 23.4457 49.5833 15.4163 9.7482 -0.0333 1464.3273
76.1400 23.2616 49.6480 15.4192 9.7753 -0.1708 2950.2178
76.1600 23.0770 49.7133 15.4206 9.8045 -0.4518 4886.8350
76.1800 22.8922 49.7798 15.4202 9.7868 0.2688 386.3105
76.2000 22.7071 49.8439 15.4205 9.7516 -0.8000 2006.4615
76.2200 22.5229 49.9090 15.4190 9.7826 -0.2191 3379.9116
76.2400 22.3384 49.9751 15.4162 9.7762 0.2310 883.2080
76.2600 22.1535 50.0390 15.4142 9.7698 0.2924 1337.4945
76.2800 21.9681 50.1010 15.4132 9.7665 -0.2100 871.6872
76.3000 21.7831 50.1641 15.4110 9.7761 -0.2322 1936.1593
76.3200 21.5984 50.2285 15.4074 9.7467 0.1964 -1076.8020
76.3400 21.4136 50.2909 15.4050 9.7262 0.6672 2394.1250
76.3600 21.2288 50.3515 15.4037 9.7257 0.1320 624.4205
76.3800 21.0435 50.4108 15.4033 9.7660 0.0533 3154.4534
76.4000 20.8572 50.4696 15.4034 9.7343 0.4271 335.6742
76.4200 20.6711 50.5265 15.4048 9.7958 -0.1064 5059.4180
76.4400 20.4840 50.5849 15.4052 9.7791 0.2792 505.4082
76.4600 20.2968 50.6415 15.4069 9.8099 0.1399 2903.3984
76.4800 20.1086 50.6971 15.4094 9.8013 0.4155 1945.1166
76.5000 19.9201 50.7510 15.4130 9.8644 -0.0972 5127.3037
76.5200 19.7307 50.8063 15.4157 9.8777 -0.0507 1134.8198
76.5400 19.5413 50.8624 15.4176 9.8881 0.0519 859.9498
76.5600 19.3515 50.9180 15.4197 9.8537 0.6400 1297.4249
76.5800 19.1619 50.9716 15.4230 9.8621 0.2734 2254.2488
76.6000 18.9715 51.0235 15.4273 9.8817 0.1274 1835.0723
76.6200 18.7806 51.0745 15.4321 9.9326 0.0523 3757.9268
76.6400 18.5886 51.1256 15.4367 9.9451 0.1103 1191.4003
76.6600 18.3961 51.1757 15.4416 9.9510 -0.1461 1204.9585
76.6800 18.2038 51.2271 15.4452 9.9189 -0.4564 465.4718
76.7000 18.0125 51.2798 15.4474 9.9164 0.1123 266.8759
76.7200 17.8210 51.3311 15.4500 9.9513 0.0221 2628.5574
76.7400 17.6286 51.3823 15.4525 9.9641 0.4396 3637.1499
76.7600 17.4355 51.4317 15.4559 9.9446 -0.8000 3080.1938
76.7800 17.2432 51.4823 15.4579 9.9566 0.3412 3034.9565
76.8000 17.0502 51.5312 15.4609 9.9531 -0.0948 133.0908
76.8200 16.8574 51.5808 15.4628 9.9444 0.2208 664.4027
76.8400 16.6644 51.6287 15.4657 9.9748 0.2198 3510.1116
76.8600 16.4703 51.6750 15.4694 10.0034 0.1256 2581.9363
76.8800 16.2754 51.7202 15.4736 10.0233 0.1745 2288.1667
76.9000 16.0798 51.7640 15.4785 10.0133 0.3146 1168.3298
76.9200 15.8839 51.8059 15.4844 9.9942 -0.5061 1629.7803
76.9400 15.6887 51.8491 15.4887 9.9993 0.4851 3311.7554
76.9600 15.4930 51.8903 15.4940 10.0066 -0.0348 610.1595
76.9800 15.2973 51.9320 15.4983 9.9834 -0.1965 -563.6173
77.0000 15.1023 51.9749 15.5012 9.9818 0.3326 1996.1759
77.0200 14.9068 52.0158 15.5050 9.9678 -0.0810 -730.8988
77.0400 14.7119 52.0573 15.5077 9.9663 -0.2601 1531.1926
77.0600 14.5172 52.1001 15.5089 10.0000 -0.0401 2598.7515
77.0800 14.3218 52.1431 15.5096 9.9983 0.0199 -82.7769
77.1000 14.1264 52.1855 15.5103 10.0174 -0.2220 2726.7217
77.1200 13.9308 52.2292 15.5096 10.0063 0.8000 3663.0205
77.1400 13.7351 52.2710 15.5100 10.0266 -0.0532 1624.0901
77.1600 13.5390 52.3132 15.5098 10.0155 0.0630 -633.1698
77.1800 13.3430 52.3544 15.5101 10.0006 -0.2855 688.3595
77.2000 13.1475 52.3970 15.5090 9.9706 -0.3503 -26.2280
77.2200 12.9530 52.4411 15.5066 9.9572 0.0249 -980.2048
77.2400 12.7586 52.4844 15.5046 9.9598 -0.2233 1431.1178
77.2600 12.5644 52.5292 15.5015 9.9145 -0.5251 -172.6360
77.2800 12.3715 52.5754 15.4972 9.9023 -0.0631 -988.6573
77.3000 12.1789 52.6218 15.4928 9.9062 -0.2780 1868.4651
77.3200 11.9866 52.6699 15.4873 9.9096 0.2072 1437.2555
77.3400 11.7939 52.7164 15.4832 9.9133 0.0440 380.1723
77.3600 11.6010 52.7623 15.4799 9.8722 0.6775 983.7415
77.3800 11.4086 52.8064 15.4781 9.8795 0.1680 1462.0128
77.4000 11.2157 52.8494 15.4775 9.8892 0.0460 818.4051
77.4200 11.0226 52.8922 15.4774 9.8989 -0.0582 898.4225
77.4400 10.8295 52.9359 15.4769 9.8563 -0.6052 526.0845
77.4600 10.6377 52.9813 15.4753 9.8713 0.0421 1215.3568
77.4800 10.4454 53.0263 15.4742 9.9124 0.0641 3269.8601
77.5000 10.2523 53.0709 15.4738 9.8547 0.5794 -751.5005
77.5200 10.0598 53.1136 15.4748 9.8883 -0.1441 3260.0972
77.5400 9.8671 53.1580 15.4749 9.7963 -0.8000 -2284.8635
77.5600 9.6766 53.2037 15.4738 9.8357 0.0896 3290.9568
77.5800 9.4851 53.2486 15.4735 9.8528 -0.0287 1327.6506
77.6000 9.2933 53.2941 15.4730 9.8841 0.2753 4014.5603
77.6200 9.1006 53.3382 15.4738 9.8970 0.1411 1594.5347
77.6400 8.9074 53.3813 15.4754 9.9431 -0.0628 3655.0298
77.6600 8.7135 53.4255 15.4765 9.9646 0.1002 1952.4288
77.6800 8.5190 53.4689 15.4782 9.9533 -0.2943 1016.4788
77.7000 8.3251 53.5139 15.4786 9.9726 0.1399 2102.2395
77.7200 8.1305 53.5578 15.4799 9.9712 0.1487 581.2371
77.7400 7.9357 53.6004 15.4821 9.9695 -0.0818 183.3125
77.7600 7.7411 53.6440 15.4835 9.9211 0.8000 1043.7107
77.7800 7.5471 53.6857 15.4860 9.9440 0.1974 2724.9478
77.8000 7.3523 53.7260 15.4895 9.9443 -0.1741 1008.3870
77.8200 7.1578 53.7677 15.4918 9.9351 -0.1618 196.0063
77.8400 6.9638 53.8107 15.4929 9.8574 -0.7628 -1328.7057
77.8600 6.7717 53.8549 15.4926 9.8640 -0.2563 2047.7144
77.8800 6.5798 53.9007 15.4910 9.8866 -0.0222 1670.9575
77.9000 6.3874 53.9464 15.4894 9.9065 -0.2155 2666.9956
77.9200 6.1949 53.9936 15.4867 9.8871 0.5271 1765.2811
77.9400 6.0024 54.0390 15.4852 9.8899 0.0368 283.0285
77.9600 5.8098 54.0838 15.4842 9.8535 -0.1859 -1728.0598
77.9800 5.6181 54.1299 15.4821 9.8558 0.3419 2309.0701
78.0000 5.4261 54.1743 15.4814 9.8222 0.3677 -170.8226
78.0200 5.2343 54.2170 15.4819 9.8271 0.2955 2218.3950
78.0400 5.0421 54.2580 15.4837 9.8330 0.3395 2544.6660
78.0600 4.8494 54.2975 15.4868 9.8516 -0.2710 3041.5757
78.0800 4.6567 54.3386 15.4886 9.8396 0.4773 2055.8169
78.1000 4.4639 54.3780 15.4917 9.8346 0.0894 -214.1015
78.1200 4.2710 54.4167 15.4951 9.7852 0.4833 -714.2401
78.1400 4.0787 54.4534 15.4997 9.7759 -0.2616 899.0520
78.1600 3.8869 54.4916 15.5029 9.7274 0.4222 -992.0264
78.1800 3.6957 54.5277 15.5072 9.6683 0.5962 -825.5687
78.2000 3.5053 54.5618 15.5126 9.7461 0.0497 5721.7349
78.2200 3.3134 54.5959 15.5177 9.7296 0.5626 2134.5811
78.2400 3.1214 54.6281 15.5238 9.7603 0.7589 6165.1299
78.2600 2.9285 54.6586 15.5308 9.7767 -0.1508 1989.0342
78.2800 2.7356 54.6904 15.5363 9.7566 0.4579 1312.3876
78.3000 2.5427 54.7201 15.5428 9.7704 -0.4113 3464.5024
78.3200 2.3498 54.7511 15.5478 9.7452 0.3742 480.6484
78.3400 2.1570 54.7800 15.5536 9.7404 0.4194 2210.0664
78.3600 1.9640 54.8067 15.5603 9.7031 0.7559 1576.2188
78.3800 1.7714 54.8312 15.5679 9.7163 0.3109 2742.8865
78.4000 1.5784 54.8537 15.5763 9.7002 0.4095 1232.4725
78.4200 1.3853 54.8739 15.5855 9.6880 0.8000 3426.9146
78.4400 1.1923 54.8920 15.5954 9.6218 0.8000 -483.4113
78.4600 1.0004 54.9076 15.6062 9.6011 0.8000 2789.7747
78.4800 0.8088 54.9209 15.6176 9.6392 0.5254 5555.9727
78.5000 0.6162 54.9320 15.6296 9.6404 0.6188 3463.5464
78.5200 0.4235 54.9409 15.6422 9.6760 -0.1363 3202.7173
78.5400 0.2302 54.9507 15.6531 9.6387 0.1590 -2416.7510
78.5600 0.0376 54.9589 15.6638 9.6801 -0.0222 3094.4175
78.5800 -0.1558 54.9674 15.6732 9.6648 0.3419 1000.8114
78.6000 -0.3490 54.9735 15.6831 9.6357 0.8000 2403.0920
78.6200 -0.5417 54.9770 15.6936 9.6588 0.3222 3608.9436
78.6400 -0.7349 54.9782 15.7045 9.7097 0.1062 3904.1289
78.6600 -0.9291 54.9782 15.7150 9.6246 0.8000 -1762.1232
78.6800 -1.1216 54.9757 15.7261 9.5828 0.5897 450.9799
78.7000 -1.3132 54.9707 15.7376 9.6337 0.1860 4482.5190
78.7200 -1.5057 54.9638 15.7492 9.6793 0.0063 3347.9421
78.7400 -1.6992 54.9568 15.7595 9.7280 0.0483 3660.7212
78.7600 -1.8936 54.9490 15.7689 9.7069 0.6826 2544.3967
78.7800 -2.0875 54.9388 15.7788 9.7071 -0.4104 2631.2510
78.8000 -2.2814 54.9293 15.7867 9.7027 0.4430 2545.9031
78.8200 -2.4751 54.9174 15.7950 9.7039 -0.2114 1501.0391
78.8400 -2.6690 54.9063 15.8015 9.6522 0.5534 -306.7065
78.8600 -2.8616 54.8927 15.8085 9.6806 -0.0314 2319.2041
78.8800 -3.0548 54.8788 15.8143 9.7325 0.1096 4435.1094
78.9000 -3.2489 54.8631 15.8202 9.7802 0.2454 5092.8228
78.9200 -3.4437 54.8451 15.8265 9.8363 0.0472 4365.5151
78.9400 -3.6395 54.8258 15.8325 9.8112 0.4731 1171.2787
78.9600 -3.8345 54.8042 15.8390 9.8024 0.2437 854.2130
78.9800 -4.0291 54.7803 15.8461 9.8110 0.3216 2690.4456
79.0000 -4.2236 54.7540 15.8538 9.8724 0.0480 4640.5151
79.0200 -4.4192 54.7269 15.8610 9.8586 -0.3974 1518.6544
79.0400 -4.6147 54.7008 15.8663 9.8398 0.4173 1309.8387
79.0600 -4.8094 54.6725 15.8722 9.7956 0.8000 1404.7169
79.0800 -5.0029 54.6419 15.8788 9.7860 0.8000 3807.8447
79.1000 -5.1959 54.6091 15.8861 9.7749 0.1788 21.2759
79.1200 -5.3883 54.5744 15.8936 9.7863 0.0143 839.1389
79.1400 -5.5809 54.5395 15.9004 9.8249 0.2671 4470.4434
79.1600 -5.7738 54.5022 15.9076 9.8074 -0.2138 36.8732
79.1800 -5.9666 54.4661 15.9131 9.8150 0.2076 1783.6970
79.2000 -6.1592 54.4278 15.9192 9.7782 -0.5948 932.0785
79.2200 -6.3512 54.3908 15.9234 9.7798 -0.0717 414.6440
79.2400 -6.5434 54.3541 15.9265 9.8065 -0.0544 2174.1567
79.2600 -6.7361 54.3172 15.9286 9.8200 -0.0068 1052.9192
79.2800 -6.9290 54.2796 15.9304 9.7625 0.5867 -655.8126
79.3000 -7.1202 54.2400 15.9330 9.7810 0.7306 5399.3071
79.3200 -7.3114 54.1985 15.9364 9.7734 -0.3411 1622.4683
79.3400 -7.5027 54.1582 15.9381 9.7501 0.7107 2471.0278
79.3600 -7.6931 54.1159 15.9407 9.7484 0.1419 565.6994
79.3800 -7.8831 54.0721 15.9438 9.7974 0.1480 4371.3716
79.4000 -8.0736 54.0265 15.9475 9.7289 0.8000 -448.5167
79.4200 -8.2624 53.9791 15.9522 9.7372 0.0670 703.3958
79.4400 -8.4511 53.9310 15.9568 9.7671 0.2234 3449.0034
79.4600 -8.6399 53.8810 15.9621 9.7936 0.0678 2025.5071
79.4800 -8.8291 53.8301 15.9674 9.8354 -0.0318 3202.1125
79.5000 -9.0192 53.7795 15.9717 9.7959 0.6828 1145.6252
79.5200 -9.2079 53.7270 15.9769 9.8127 0.1322 1706.9030
79.5400 -9.3966 53.6731 15.9825 9.7793 0.5517 880.9596
79.5600 -9.5841 53.6174 15.9890 9.7999 -0.1729 2508.7383
79.5800 -9.7723 53.5626 15.9939 9.8362 -0.0915 3113.2134
79.6000 -9.9614 53.5084 15.9976 9.8883 0.0159 3927.2644
79.6200 -10.1514 53.4535 16.0010 9.8558 -0.2103 -1154.0793
79.6400 -10.3412 53.4000 16.0028 9.8250 -0.7614 2160.1133
79.6600 -10.5307 53.3478 16.0030 9.8240 0.2465 1476.0621
79.6800 -10.7196 53.2938 16.0042 9.8035 0.2554 83.1487
79.7000 -10.9076 53.2379 16.0063 9.8232 0.0123 1494.3617
79.7200 -11.0958 53.1816 16.0082 9.8219 0.0527 25.5035
79.7400 -11.2838 53.1245 16.0102 9.8455 -0.0307 1832.7650
79.7600 -11.4722 53.0674 16.0117 9.8779 -0.0548 2565.6526
79.7800 -11.6614 53.0105 16.0125 9.9012 -0.0841 2020.0681
79.8000 -11.8513 52.9541 16.0125 9.9156 0.1193 1641.6688
79.8200 -12.0409 52.8962 16.0133 9.8855 -0.6102 1469.7220
79.8400 -12.2305 52.8399 16.0126 9.8907 0.3864 2791.2639
79.8600 -12.4196 52.7819 16.0130 9.8655 -0.3331 242.0275
79.8800 -12.6087 52.7255 16.0120 9.8877 -0.1066 2015.7415
79.9000 -12.7985 52.6698 16.0103 9.8822 -0.1742 418.1860
79.9200 -12.9885 52.6153 16.0076 9.8641 0.3439 797.7584
79.9400 -13.1777 52.5592 16.0061 9.8572 0.0089 -518.6923
79.9600 -13.3666 52.5028 16.0049 9.8856 -0.0384 2163.3113
79.9800 -13.5561 52.4465 16.0035 9.8709 0.0075 -1102.2611
80.0000 -13.7453 52.3901 16.0023 9.8853 -0.8000 5354.8057
80.0200 -13.9352 52.3351 16.0000 9.8501 0.5854 947.6924
80.0400 -14.1240 52.2787 15.9991 9.8609 0.0385 882.5176
80.0600 -14.3129 52.2218 15.9986 9.8699 0.1715 1600.0767
80.0800 -14.5015 52.1636 15.9992 9.8791 -0.0131 703.5197
80.1000 -14.6904 52.1056 15.9996 9.8974 -0.1368 2039.3137
80.1200 -14.8800 52.0489 15.9991 9.9414 -0.0481 3391.3665
80.1400 -15.0706 51.9924 15.9982 9.9112 0.2862 -438.0016
80.1600 -15.2602 51.9345 15.9987 9.8996 0.1714 22.6526
80.1800 -15.4492 51.8754 16.0002 9.9089 -0.1461 1458.4590
80.2000 -15.6388 51.8176 16.0006 9.8758 -0.4583 403.8394
80.2200 -15.8282 51.7616 15.9999 9.8494 0.3546 293.5253
80.2400 -16.0166 51.7041 16.0004 9.8349 -0.2578 521.8442
80.2600 -16.2052 51.6484 15.9996 9.8605 -0.6354 5449.3330
80.2800 -16.3948 51.5940 15.9978 9.8465 0.0290 -1004.0962
80.3000 -16.5840 51.5391 15.9964 9.8269 0.1949 -330.5913
80.3200 -16.7723 51.4829 15.9962 9.8426 0.1429 1875.5596
80.3400 -16.9605 51.4254 15.9969 9.8849 0.0414 3218.3264
80.3600 -17.1495 51.3673 15.9979 9.9222 0.1898 3794.7019
80.3800 -17.3388 51.3077 16.0000 9.9430 0.1974 2581.3806
80.4000 -17.5281 51.2466 16.0031 9.9341 0.0410 -707.8406
80.4200 -17.7172 51.1855 16.0062 9.9373 -0.5488 3482.9878
80.4400 -17.9068 51.1259 16.0080 9.9541 -0.1059 1725.2761
80.4600 -18.0971 51.0673 16.0088 9.9915 -0.0444 2895.4407
80.4800 -18.2882 51.0089 16.0092 9.9996 -0.0535 733.5038
80.5000 -18.4796 50.9509 16.0090 9.9668 -0.6624 1528.7124
80.5200 -18.6708 50.8947 16.0075 9.9770 -0.2441 2192.9194
80.5400 -18.8628 50.8399 16.0049 9.9318 0.8000 1234.2889
80.5600 -19.0533 50.7837 16.0035 9.8945 -0.3022 -897.4442
80.5800 -19.2436 50.7293 16.0008 9.9384 0.0586 3470.9258
80.6000 -19.4345 50.6739 15.9989 9.9271 0.1542 -24.3608
80.6200 -19.6247 50.6171 15.9980 9.9050 -0.3861 802.7332
80.6400 -19.8151 50.5622 15.9960 9.9218 -0.2039 2363.2979
80.6600 -20.0062 50.5087 15.9930 9.9527 -0.0602 2362.1877
80.6800 -20.1980 50.4555 15.9898 9.9882 0.1999 3806.7039
80.7000 -20.3901 50.4006 15.9879 10.0107 0.1137 2196.2612
80.7200 -20.5823 50.3446 15.9870 10.0592 -0.2128 4832.2734
80.7400 -20.7759 50.2899 15.9852 10.0509 -0.1516 93.6685
80.7600 -20.9698 50.2366 15.9825 10.0352 0.3590 1090.5024
80.7800 -21.1628 50.1818 15.9812 10.0220 -0.1702 -92.9816
80.8000 -21.3561 50.1286 15.9790 10.0321 0.0973 1166.3549
80.8200 -21.5493 50.0744 15.9778 10.0038 -0.8000 2482.7742
80.8400 -21.7424 50.0222 15.9755 9.9720 0.0439 -2279.5728
80.8600 -21.9348 49.9696 15.9738 9.9952 0.1314 2372.1655
80.8800 -22.1273 49.9157 15.9732 9.9680 0.2086 -824.2616
80.9000 -22.3189 49.8607 15.9739 9.9665 0.1589 642.9070
80.9200 -22.5102 49.8045 15.9755 9.9533 0.4993 2079.0098
80.9400 -22.7008 49.7468 15.9786 9.9455 0.5620 2762.0581
80.9600 -22.8908 49.6876 15.9828 9.9410 0.0524 -447.7655
80.9800 -23.0807 49.6285 15.9871 9.9248 0.5744 2202.2356
81.0000 -23.2698 49.5677 15.9925 9.9481 0.2188 2716.3149
81.0200 -23.4589 49.5054 15.9987 9.8992 0.6961 363.3514
81.0400 -23.6464 49.4416 16.0061 9.8993 0.3343 1846.5708
81.0600 -23.8334 49.3760 16.0145 9.8800 0.7065 2481.8184
81.0800 -24.0193 49.3085 16.0238 9.9232 0.3625 5053.5312
81.1000 -24.2054 49.2391 16.0339 9.9727 0.0521 3284.1394
81.1200 -24.3924 49.1694 16.0433 9.9791 0.4495 3030.7588
81.1400 -24.5788 49.0977 16.0535 9.9314 0.5525 -388.7775
81.1600 -24.7634 49.0243 16.0644 9.9848 0.1087 3789.5269
81.1800 -24.9488 48.9498 16.0749 9.9739 0.8000 3499.3699
81.2000 -25.1331 48.8733 16.0862 9.9693 0.6045 3051.0005
81.2200 -25.3164 48.7947 16.0980 9.9518 -0.0378 -1377.0922
81.2400 -25.4996 48.7168 16.1084 9.8931 0.8000 196.7347
81.2600 -25.6807 48.6371 16.1194 9.9479 0.0830 4002.1179
81.2800 -25.8625 48.5563 16.1297 9.8861 0.6746 -607.4512
81.3000 -26.0422 48.4737 16.1406 9.8561 0.8000 2298.9229
81.3200 -26.2202 48.3891 16.1521 9.8055 0.2573 -2507.6335
81.3400 -26.3964 48.3029 16.1639 9.8260 0.2157 2433.6890
81.3600 -26.5720 48.2147 16.1759 9.8387 -0.1685 1913.1074
81.3800 -26.7483 48.1272 16.1859 9.8787 0.0966 3236.0781
81.4000 -26.9246 48.0381 16.1956 9.8848 0.5059 3573.9175
81.4200 -27.0999 47.9467 16.2057 9.8946 0.1260 1165.0999
81.4400 -27.2746 47.8537 16.2156 9.9236 0.0990 2449.9375
81.4600 -27.4492 47.7593 16.2252 9.8844 0.3188 -860.6912
81.4800 -27.6219 47.6630 16.2352 9.8944 0.3957 3249.8206
81.5000 -27.7934 47.5644 16.2457 9.8533 0.4271 -327.3901
81.5200 -27.9630 47.4639 16.2567 9.8545 0.0725 142.9071
81.5400 -28.1321 47.3627 16.2670 9.8607 0.2265 1745.5883
81.5600 -28.3001 47.2593 16.2775 9.8611 0.3530 2300.4053
81.5800 -28.4667 47.1538 16.2885 9.8246 0.8000 1938.8225
81.6000 -28.6313 47.0466 16.3000 9.8398 0.1083 1371.4287
81.6200 -28.7954 46.9379 16.3110 9.8885 0.2490 5041.1631
81.6400 -28.9591 46.8269 16.3222 9.8681 -0.4278 1228.2948
81.6600 -29.1229 46.7167 16.3314 9.8063 0.8000 208.0200
81.6800 -29.2842 46.6051 16.3411 9.8154 0.0955 1037.4950
81.7000 -29.4448 46.4921 16.3504 9.7924 0.6759 2432.3638
81.7200 -29.6034 46.3772 16.3601 9.7542 0.8000 1891.9281
81.7400 -29.7600 46.2608 16.3703 9.7640 0.1322 1256.8519
81.7600 -29.9156 46.1428 16.3803 9.7631 0.0389 17.6756
81.7800 -30.0707 46.0241 16.3894 9.8121 -0.0591 4023.6582
81.8000 -30.2267 45.9050 16.3970 9.7898 0.8000 3052.7759
81.8200 -30.3808 45.7841 16.4051 9.7923 -0.1311 999.7289
81.8400 -30.5353 45.6635 16.4114 9.8278 -0.0210 2844.4500
81.8600 -30.6900 45.5421 16.4168 9.8652 0.1041 3377.8555
81.8800 -30.8441 45.4187 16.4222 9.8468 0.7770 3203.2576
81.9000 -30.9964 45.2936 16.4281 9.8444 -0.2064 1157.5894
81.9200 -31.1492 45.1693 16.4322 9.8857 -0.0467 3286.0532
81.9400 -31.3024 45.0441 16.4354 9.8831 -0.0215 -101.9807
81.9600 -31.4552 44.9184 16.4379 9.9309 0.0976 4078.6443
81.9800 -31.6075 44.7908 16.4407 9.9362 0.1387 1170.8434
82.0000 -31.7586 44.6616 16.4439 9.9224 0.2398 500.9460
82.0200 -31.9080 44.5309 16.4479 9.8688 0.6543 9.7900
82.0400 -32.0551 44.3993 16.4526 9.8632 -0.3550 1868.0046
82.0600 -32.2029 44.2686 16.4555 9.8748 -0.0422 987.4615
82.0800 -32.3509 44.1378 16.4577 9.8619 0.2704 782.2062
82.1000 -32.4973 44.0055 16.4607 9.8808 -0.1485 2197.7388
82.1200 -32.6445 43.8736 16.4623 9.8867 0.4356 3144.4004
82.1400 -32.7904 43.7401 16.4648 9.8884 -0.0160 171.3492
82.1600 -32.9362 43.6064 16.4668 9.8573 0.5038 837.3210
82.1800 -33.0801 43.4717 16.4697 9.8419 -0.2630 515.0015
82.2000 -33.2247 43.3381 16.4710 9.8670 0.0921 2253.9453
82.2200 -33.3688 43.2033 16.4728 9.8680 0.4374 2794.3569
82.2400 -33.5115 43.0669 16.4756 9.8531 0.3124 877.1024
82.2600 -33.6525 42.9293 16.4794 9.8747 0.0437 1633.4915
82.2800 -33.7936 42.7911 16.4830 9.8418 0.1883 -1497.2996
82.3000 -33.9330 42.6521 16.4874 9.8365 0.1066 -108.3908
82.3200 -34.0716 42.5124 16.4920 9.8847 -0.0043 3587.3813
82.3400 -34.2109 42.3722 16.4960 9.8840 0.1098 291.9148
82.3600 -34.3494 42.2312 16.5004 9.8965 0.1227 1348.0164
82.3800 -34.4872 42.0891 16.5052 9.8626 -0.8000 2067.1658
82.4000 -34.6255 41.9484 16.5084 9.8738 0.2193 2105.1616
82.4200 -34.7626 41.8063 16.5124 9.8897 0.0131 1173.6360
82.4400 -34.8998 41.6638 16.5160 9.8546 0.3584 -340.0082
82.4600 -35.0351 41.5204 16.5205 9.8771 0.2720 3286.7302
82.4800 -35.1692 41.3754 16.5259 9.8817 0.1241 696.3402
82.5000 -35.3025 41.2295 16.5316 9.9086 0.1534 2570.6614
82.5200 -35.4351 41.0822 16.5377 9.9186 0.0840 811.3453
82.5400 -35.5672 40.9342 16.5438 9.9470 0.0171 2048.8711
82.5600 -35.6997 40.7858 16.5492 9.9792 -0.0104 2413.3945
82.5800 -35.8328 40.6371 16.5538 9.9561 0.0415 -1704.9690
82.6000 -35.9651 40.4882 16.5582 9.9591 0.1760 1112.8767
82.6200 -36.0961 40.3382 16.5632 9.9918 0.1300 2930.3743
82.6400 -36.2265 40.1868 16.5685 9.9990 0.0864 706.5165
82.6600 -36.3563 40.0346 16.5739 10.0134 -0.1554 1941.2236
82.6800 -36.4870 39.8829 16.5778 10.0038 -0.3741 1669.3333
82.7000 -36.6186 39.7322 16.5801 9.9575 0.6051 277.0428
82.7200 -36.7480 39.5808 16.5832 9.9156 0.8000 1538.1130
82.7400 -36.8752 39.4286 16.5873 9.9548 -0.0815 3263.5791
82.7600 -37.0035 39.2763 16.5903 9.9656 -0.1184 1366.1227
82.7800 -37.1325 39.1244 16.5920 10.0161 -0.1565 4566.5234
82.8000 -37.2629 38.9723 16.5925 10.0050 0.7712 3566.5825
82.8200 -37.3917 38.8191 16.5940 10.0329 -0.0283 2138.5579
82.8400 -37.5208 38.6654 16.5949 10.0119 0.4112 1040.7394
82.8600 -37.6481 38.5109 16.5969 9.9512 -0.8000 146.2402
82.8800 -37.7757 38.3582 16.5974 9.9772 -0.1692 2814.2451
82.9000 -37.9046 38.2058 16.5967 9.9865 -0.0619 792.4436
82.9200 -38.0338 38.0534 16.5955 9.9072 -0.8000 -1300.8622
82.9400 -38.1633 37.9033 16.5929 9.9264 -0.1363 1876.0815
82.9600 -38.2936 37.7534 16.5895 9.9056 -0.2770 30.7029
82.9800 -38.4248 37.6048 16.5849 9.9375 -0.0525 2251.0605
83.0000 -38.5564 37.4557 16.5804 9.9709 0.0375 2540.2974
83.0200 -38.6877 37.3056 16.5767 9.9150 0.4814 -1232.1737
83.0400 -38.8170 37.1552 16.5743 9.8883 0.3577 269.8400
83.0600 -38.9447 37.0042 16.5732 9.8926 0.2730 2031.6619
83.0800 -39.0713 36.8521 16.5735 9.8597 0.3372 -310.7654
83.1000 -39.1962 36.6995 16.5752 9.8698 0.1393 1305.6406
83.1200 -39.3205 36.5461 16.5777 9.8839 -0.1491 1846.7273
83.1400 -39.4461 36.3934 16.5792 9.9118 -0.1846 3132.8428
83.1600 -39.5733 36.2414 16.5796 9.9388 -0.0137 2036.5320
83.1800 -39.7010 36.0891 16.5799 9.9858 0.0949 3867.6917
83.2000 -39.8286 35.9354 16.5808 9.9483 0.5505 598.0034
83.2200 -39.9543 35.7812 16.5829 9.9627 -0.4961 4023.6802
83.2400 -40.0815 35.6278 16.5838 9.9238 -0.2880 -1087.0001
83.2600 -40.2095 35.4761 16.5835 9.9329 0.0988 1075.8804
83.2800 -40.3367 35.3235 16.5839 9.9166 0.8000 3317.7407
83.3000 -40.4624 35.1701 16.5854 9.9059 -0.5363 2465.1401
83.3200 -40.5893 35.0179 16.5857 9.8952 0.0745 -570.4830
83.3400 -40.7153 34.8654 16.5866 9.8820 0.0051 -998.8511
83.3600 -40.8412 34.7130 16.5873 9.9037 0.2632 3229.4810
83.3800 -40.9660 34.5592 16.5893 9.8977 0.2357 930.9364
83.4000 -41.0895 34.4044 16.5922 9.8828 0.1207 -742.2621
83.4200 -41.2120 34.2493 16.5958 9.9008 0.1284 1753.4232
83.4400 -41.3339 34.0932 16.6000 9.8772 -0.5340 1474.3717
83.4600 -41.4568 33.9385 16.6027 9.8965 -0.3055 3333.7473
83.4800 -41.5810 33.7844 16.6041 9.8578 0.3625 -583.9683
83.5000 -41.7033 33.6298 16.6066 9.8751 -0.1769 2295.9526
83.5200 -41.8269 33.4757 16.6078 9.8941 -0.1803 2421.8088
83.5400 -41.9517 33.3221 16.6079 9.8707 0.3538 507.3748
83.5600 -42.0747 33.1677 16.6090 9.8796 0.2574 2246.5588
83.5800 -42.1965 33.0121 16.6112 9.8358 0.3628 -978.7029
83.6000 -42.3162 32.8560 16.6146 9.7647 -0.4541 -2555.3350
83.6200 -42.4363 32.7020 16.6165 9.7952 0.0643 2424.9827
83.6400 -42.5562 32.5470 16.6188 9.8010 -0.2020 1632.1396
83.6600 -42.6772 32.3929 16.6197 9.8301 -0.1027 2582.5396
83.6800 -42.7993 32.2388 16.6198 9.8311 -0.2395 1520.5171
83.7000 -42.9226 32.0855 16.6185 9.8387 -0.1537 1247.2960
83.7200 -43.0468 31.9329 16.6163 9.8378 0.3955 2368.4829
83.7400 -43.1697 31.7791 16.6152 9.8733 0.1846 3697.9983
83.7600 -43.2917 31.6239 16.6152 9.8529 0.3938 975.6241
83.7800 -43.4120 31.4678 16.6164 9.8402 0.0142 -962.0190
83.8000 -43.5322 31.3120 16.6176 9.8449 -0.1925 1467.5916
83.8200 -43.6536 31.1570 16.6176 9.8398 -0.3895 2068.6868
83.8400 -43.7763 31.0031 16.6163 9.8516 -0.0732 1044.5831
83.8600 -43.8996 30.8494 16.6146 9.8642 0.1456 1706.1643
83.8800 -44.0219 30.6946 16.6139 9.8397 0.4114 766.8889
83.9000 -44.1426 30.5391 16.6144 9.8506 0.0209 831.3257
83.9200 -44.2633 30.3834 16.6151 9.8232 -0.7411 2290.5720
83.9400 -44.3850 30.2292 16.6145 9.8413 0.0316 1410.5715
83.9600 -44.5065 30.0743 16.6143 9.8292 -0.8000 3604.3770
83.9800 -44.6292 29.9207 16.6129 9.8234 0.1866 642.0992
84.0000 -44.7506 29.7663 16.6126 9.8494 0.1016 2343.6157
84.0200 -44.8716 29.6108 16.6131 9.8180 0.8000 2263.0745
84.0400 -44.9908 29.4547 16.6148 9.8433 0.0271 1887.0927
84.0600 -45.1103 29.2983 16.6166 9.8632 0.0086 1468.8418
84.0800 -45.2301 29.1416 16.6182 9.8625 0.0853 175.7399
84.1000 -45.3494 28.9844 16.6204 9.8603 0.1100 194.9020
84.1200 -45.4678 28.8267 16.6231 9.8477 0.5622 2450.6877
84.1400 -45.5846 28.6681 16.6270 9.8377 0.0875 -644.9354
84.1600 -45.7009 28.5093 16.6311 9.8463 -0.4226 3186.0239
84.1800 -45.8184 28.3513 16.6339 9.8495 -0.0957 646.6948
84.2000 -45.9368 28.1938 16.6357 9.8312 0.5840 2181.4446
84.2200 -46.0534 28.0355 16.6386 9.8245 0.3417 1645.0200
84.2400 -46.1684 27.8762 16.6426 9.8345 0.0784 845.3987
84.2600 -46.2831 27.7163 16.6467 9.8417 -0.0917 920.2680
84.2800 -46.3986 27.5570 16.6497 9.8837 0.3052 4942.5464
84.3000 -46.5131 27.3958 16.6537 9.8698 0.0532 -1028.3123
84.3200 -46.6271 27.2346 16.6577 9.8749 0.3210 2357.6641
84.3400 -46.7395 27.0723 16.6626 9.8884 -0.3057 2870.8247
84.3600 -46.8533 26.9105 16.6661 9.8760 0.3466 1265.4816
84.3800 -46.9652 26.7478 16.6705 9.8671 0.6511 3146.9624
84.4000 -47.0755 26.5840 16.6759 9.9339 0.0680 5009.7764
84.4200 -47.1860 26.4189 16.6812 9.9364 0.2434 1526.8704
84.4400 -47.2950 26.2527 16.6874 9.9183 -0.3176 606.3813
84.4600 -47.4049 26.0876 16.6919 9.9185 0.3377 2123.7280
84.4800 -47.5132 25.9214 16.6973 9.8569 -0.7900 -14.7035
84.5000 -47.6218 25.7569 16.7012 9.8390 0.8000 3216.6606
84.5200 -47.7286 25.5916 16.7059 9.8258 0.3625 1297.7122
84.5400 -47.8334 25.4253 16.7115 9.8596 0.1700 3241.1235
84.5600 -47.9373 25.2577 16.7177 9.8468 0.8000 3504.3523
84.5800 -48.0392 25.0892 16.7246 9.8814 0.2577 3939.9697
84.6000 -48.1399 24.9191 16.7323 9.8567 0.1008 -1804.4700
84.6200 -48.2396 24.7489 16.7399 9.8704 0.0806 1005.8653
84.6400 -48.3388 24.5782 16.7472 9.8031 0.5453 -1755.5747
84.6600 -48.4353 24.4076 16.7553 9.7972 0.3956 1948.0616
84.6800 -48.5299 24.2359 16.7642 9.8022 0.1909 1056.8082
84.7000 -48.6230 24.0634 16.7734 9.8055 0.2910 1818.6548
84.7200 -48.7143 23.8897 16.7832 9.8591 0.2623 5232.7817
84.7400 -48.8043 23.7142 16.7935 9.8838 0.1763 2316.4653
84.7600 -48.8931 23.5376 16.8039 9.9114 0.2585 3292.2092
84.7800 -48.9803 23.3596 16.8148 9.9279 0.2372 2265.0002
84.8000 -49.0658 23.1803 16.8261 9.8889 0.8000 1577.2175
84.8200 -49.1488 23.0008 16.8379 9.9349 0.1800 3898.1951
84.8400 -49.2307 22.8197 16.8498 9.9465 -0.2411 2257.0869
84.8600 -49.3135 22.6388 16.8597 9.9566 0.2603 2246.6216
84.8800 -49.3943 22.4568 16.8701 9.9277 -0.4809 841.9042
84.9000 -49.4757 22.2757 16.8785 9.9088 0.7060 2809.1738
84.9200 -49.5547 22.0939 16.8874 9.9135 0.0870 584.2450
84.9400 -49.6326 21.9116 16.8959 9.9105 0.3828 2262.6177
84.9600 -49.7081 21.7283 16.9050 9.9077 0.1249 238.9093
84.9800 -49.7821 21.5445 16.9140 9.8694 -0.2640 -1130.5261
85.0000 -49.8566 21.3616 16.9210 9.8013 0.8000 -294.4529
85.0200 -49.9284 21.1792 16.9286 9.8150 0.2025 2199.1948
85.0400 -49.9981 20.9957 16.9365 9.7901 0.1959 -772.1110
85.0600 -50.0657 20.8119 16.9447 9.7487 0.3661 -716.3774
85.0800 -50.1307 20.6281 16.9535 9.6850 0.5805 -1163.2637
85.1000 -50.1928 20.4446 16.9628 9.6917 -0.1052 1054.9788
85.1200 -50.2557 20.2612 16.9704 9.7367 -0.0851 3819.6760
85.1400 -50.3191 20.0771 16.9766 9.7322 -0.2249 1140.1426
85.1600 -50.3834 19.8932 16.9809 9.7485 -0.1170 1810.9026
85.1800 -50.4482 19.7092 16.9838 9.7589 -0.2878 2636.0969
85.2000 -50.5140 19.5252 16.9848 9.7614 0.2070 1500.6296
85.2200 -50.5776 19.3404 16.9865 9.7758 0.4938 4073.4980
85.2400 -50.6391 19.1548 16.9889 9.7973 -0.1082 2055.5620
85.2600 -50.7013 18.9688 16.9901 9.8529 -0.1676 4988.6924
85.2800 -50.7645 18.7820 16.9899 9.8869 -0.1383 3071.0264
85.3000 -50.8284 18.5948 16.9887 9.8829 0.3127 1656.3318
85.3200 -50.8903 18.4070 16.9883 9.8798 -0.2289 1069.5216
85.3400 -50.9534 18.2196 16.9866 9.9274 0.0019 3530.0767
85.3600 -51.0160 18.0311 16.9850 9.8944 0.2783 -725.7090
85.3800 -51.0765 17.8426 16.9845 9.9198 -0.0777 2092.7644
85.4000 -51.1376 17.6538 16.9834 9.9648 0.1970 4494.0122
85.4200 -51.1974 17.4637 16.9832 9.9739 -0.2680 2332.6304
85.4400 -51.2587 17.2739 16.9818 9.9569 -0.2184 -59.7372
85.4600 -51.3213 17.0848 16.9792 9.9605 -0.5514 3526.4507
85.4800 -51.3855 16.8961 16.9753 9.9488 0.3517 1280.1667
85.5000 -51.4480 16.7072 16.9727 9.9958 -0.0174 3482.5173
85.5200 -51.5106 16.5173 16.9703 9.9743 -0.4278 1074.6504
85.5400 -51.5748 16.3284 16.9667 9.9647 -0.3874 1670.6323
85.5600 -51.6407 16.1402 16.9619 9.9552 0.6725 3153.6724
85.5800 -51.7051 15.9518 16.9585 9.9779 -0.0293 1669.6359
85.6000 -51.7697 15.7630 16.9553 9.9822 0.2938 2158.4846
85.6200 -51.8329 15.5736 16.9535 9.9669 0.6143 2552.2805
85.6400 -51.8945 15.3840 16.9531 9.8967 0.6499 -1321.5997
85.6600 -51.9543 15.1953 16.9540 9.9287 0.0065 2378.4470
85.6800 -52.0146 15.0061 16.9550 9.9233 0.4739 2512.8779
85.7000 -52.0733 14.8164 16.9573 9.9533 0.0809 2367.0828
85.7200 -52.1318 14.6261 16.9600 9.9606 0.1503 1116.1611
85.7400 -52.1894 14.4353 16.9636 9.9989 -0.1912 3940.7722
85.7600 -52.2487 14.2443 16.9660 9.9866 0.4579 1908.3619
85.7800 -52.3062 14.0530 16.9696 9.9237 -0.6583 -775.4231
85.8000 -52.3649 13.8634 16.9719 9.8436 -0.7726 -1490.4911
85.8200 -52.4247 13.6758 16.9728 9.7949 0.6952 539.8505
85.8400 -52.4824 13.4886 16.9749 9.8320 -0.0277 2826.2493
85.8600 -52.5407 13.3008 16.9764 9.8624 0.0024 2279.1084
85.8800 -52.5993 13.1125 16.9778 9.8153 -0.8000 1136.2867
85.9000 -52.6591 12.9255 16.9778 9.7967 0.4106 1202.8987
85.9200 -52.7170 12.7383 16.9790 9.7989 0.1199 663.7230
85.9400 -52.7738 12.5507 16.9809 9.8204 0.0375 1645.0450
85.9600 -52.8303 12.3626 16.9828 9.8318 0.1020 1188.2717
85.9800 -52.8860 12.1740 16.9853 9.7695 0.8000 -1.5481
86.0000 -52.9395 11.9861 16.9889 9.7648 0.2382 974.6715
86.0200 -52.9913 11.7978 16.9935 9.7901 0.1367 2295.0210
86.0400 -53.0423 11.6086 16.9987 9.8138 -0.0520 1900.1409
86.0600 -53.0941 11.4193 17.0028 9.8078 0.2907 1308.3629
86.0800 -53.1441 11.2296 17.0079 9.7725 -0.5520 705.3004
86.1000 -53.1953 11.0410 17.0116 9.7750 -0.8000 4566.5654
86.1200 -53.2479 10.8527 17.0138 9.7674 -0.3994 1950.9451
86.1400 -53.3018 10.6649 17.0146 9.7714 -0.0096 310.3208
86.1600 -53.3555 10.4770 17.0151 9.7621 -0.3178 1327.2947
86.1800 -53.4105 10.2896 17.0141 9.7704 0.1261 1244.7826
86.2000 -53.4642 10.1017 17.0140 9.7841 0.0856 1356.2491
86.2200 -53.5167 9.9132 17.0145 9.7472 0.0515 -2638.6196
86.2400 -53.5683 9.7252 17.0153 9.7361 0.5998 2778.3594
86.2600 -53.6181 9.5369 17.0172 9.7452 0.3690 2967.9719
86.2800 -53.6662 9.3480 17.0202 9.7388 0.0933 -257.8551
86.3000 -53.7134 9.1591 17.0236 9.7397 0.1272 491.8645
86.3200 -53.7595 8.9698 17.0276 9.7826 -0.0272 3248.6165
86.3400 -53.8064 8.7798 17.0309 9.8001 0.1252 1754.3127
86.3600 -53.8522 8.5892 17.0346 9.8098 -0.0545 889.9514
86.3800 -53.8988 8.3986 17.0376 9.8098 0.0856 214.6413
86.4000 -53.9445 8.2078 17.0408 9.8370 -0.0794 2340.6262
86.4200 -53.9911 8.0167 17.0431 9.8644 -0.2092 3288.6367
86.4400 -54.0391 7.8253 17.0440 9.8935 -0.1601 2992.8535
86.4600 -54.0883 7.6337 17.0437 9.9147 -0.3569 3776.8142
86.4800 -54.1391 7.4419 17.0421 9.9706 0.0084 4177.4375
86.5000 -54.1896 7.2490 17.0407 9.9788 -0.2321 1930.6714
86.5200 -54.2414 7.0562 17.0381 9.9431 -0.1761 -1898.3860
86.5400 -54.2943 6.8644 17.0345 9.8983 0.6840 691.1067
86.5600 -54.3452 6.6730 17.0322 9.9307 -0.1019 2700.8835
86.5800 -54.3971 6.4813 17.0293 9.9293 0.3015 1784.2034
86.6000 -54.4473 6.2892 17.0277 9.9103 0.4018 1117.5090
86.6200 -54.4959 6.0970 17.0274 9.8915 0.4793 1581.4324
86.6400 -54.5427 5.9048 17.0285 9.8294 0.8000 24.9286
86.6600 -54.5876 5.7133 17.0308 9.8207 0.8000 3804.3730
86.6800 -54.6309 5.5217 17.0344 9.8192 0.4843 2789.6755
86.7000 -54.6724 5.3296 17.0392 9.7827 0.8000 1798.0321
86.7200 -54.7121 5.1379 17.0452 9.7573 -0.6762 1987.6241
86.7400 -54.7532 4.9471 17.0498 9.7366 0.4665 1302.7581
86.7600 -54.7923 4.7563 17.0555 9.7409 0.1559 777.9185
86.7800 -54.8302 4.5651 17.0617 9.7945 0.0800 3953.9087
86.8000 -54.8680 4.3728 17.0678 9.7836 0.8000 3588.8757
86.8200 -54.9038 4.1804 17.0748 9.7881 0.2410 1477.0017
86.8400 -54.9378 3.9875 17.0826 9.8041 0.6509 4731.9277
86.8600 -54.9700 3.7940 17.0913 9.7734 0.5898 1121.6387
86.8800 -54.9999 3.6007 17.1008 9.7318 0.3310 -1357.2625
86.9000 -55.0276 3.4080 17.1111 9.7065 0.7919 2414.9224
86.9200 -55.0531 3.2154 17.1221 9.6930 0.3024 415.6331
86.9400 -55.0764 3.0228 17.1338 9.7046 0.0935 492.8693
86.9600 -55.0993 2.8300 17.1448 9.7153 0.5911 4058.3152
86.9800 -55.1199 2.6367 17.1564 9.7470 0.0549 2033.5546
87.0000 -55.1405 2.4428 17.1671 9.6866 0.7126 -382.6161
87.0200 -55.1586 2.2499 17.1783 9.7504 0.2193 5595.3647
87.0400 -55.1748 2.0556 17.1898 9.7274 0.4990 1254.5873
87.0600 -55.1886 1.8615 17.2019 9.7028 0.3005 -260.7986
87.0800 -55.1999 1.6677 17.2143 9.7164 0.4349 3507.2600
87.1000 -55.2089 1.4735 17.2273 9.6916 -0.2961 -127.5397
87.1200 -55.2187 1.2800 17.2383 9.7553 0.0911 4865.5293
87.1400 -55.2274 1.0850 17.2488 9.7271 0.4387 692.5742
87.1600 -55.2336 0.8906 17.2597 9.6552 0.7343 -1008.9302
87.1800 -55.2371 0.6975 17.2711 9.6556 0.4063 2557.2590
87.2000 -55.2380 0.5044 17.2830 9.6972 0.1435 3491.5791
87.2200 -55.2374 0.3105 17.2946 9.6234 0.6339 -1688.3558
87.2400 -55.2341 0.1180 17.3067 9.6087 0.8000 3422.7749
87.2600 -55.2283 -0.0740 17.3192 9.6325 0.0267 1700.9247
87.2800 -55.2221 -0.2666 17.3304 9.6157 0.2828 489.6209
87.3000 -55.2134 -0.4587 17.3419 9.6350 0.1151 1751.2733
87.3200 -55.2032 -0.6512 17.3530 9.6900 0.0782 4276.0376
87.3400 -55.1918 -0.8447 17.3635 9.7325 0.1303 3730.3257
87.3600 -55.1786 -1.0389 17.3738 9.7482 -0.4261 3878.6042
87.3800 -55.1660 -1.2335 17.3820 9.7183 0.3774 349.4842
87.4000 -55.1509 -1.4274 17.3907 9.7353 -0.0447 1571.6335
87.4200 -55.1356 -1.6216 17.3980 9.7412 0.2438 2093.4929
87.4400 -55.1178 -1.8157 17.4057 9.7460 -0.1057 989.4708
87.4600 -55.1004 -2.0099 17.4118 9.7203 0.4881 1284.8824
87.4800 -55.0804 -2.2034 17.4183 9.7065 0.3336 1234.9146
87.5000 -55.0579 -2.3963 17.4253 9.7409 0.2738 4329.1016
87.5200 -55.0330 -2.5895 17.4328 9.7363 0.1724 591.7831
87.5400 -55.0060 -2.7824 17.4405 9.7522 0.0618 1361.9955
87.5600 -54.9779 -2.9754 17.4478 9.7765 0.1777 2794.8926
87.5800 -54.9476 -3.1686 17.4554 9.7912 0.1080 1506.9009
87.6000 -54.9157 -3.3619 17.4629 9.7505 0.5025 170.6061
87.6200 -54.8815 -3.5538 17.4709 9.7675 0.0595 1367.1394
87.6400 -54.8462 -3.7460 17.4785 9.7662 0.1133 325.5920
87.6600 -54.8095 -3.9379 17.4860 9.7426 -0.3563 565.2496
87.6800 -54.7738 -4.1295 17.4916 9.7687 0.2928 3835.3184
87.7000 -54.7357 -4.3211 17.4977 9.7479 0.0165 -1488.7108
87.7200 -54.6971 -4.5123 17.5032 9.7918 -0.0728 3618.9124
87.7400 -54.6585 -4.7043 17.5075 9.7657 -0.6614 2089.0527
87.7600 -54.6211 -4.8961 17.5099 9.7635 -0.0747 76.9936
87.7800 -54.5837 -5.0880 17.5113 9.7720 0.0670 925.0354
87.8000 -54.5448 -5.2796 17.5130 9.7740 0.6076 3767.4563
87.8200 -54.5037 -5.4707 17.5154 9.7875 -0.8000 5334.6133
87.8400 -54.4636 -5.6624 17.5162 9.7950 -0.2222 1843.3257
87.8600 -54.4246 -5.8546 17.5155 9.8083 0.2805 2741.1899
87.8800 -54.3835 -6.0464 17.5157 9.8381 0.1194 2820.5962
87.9000 -54.3407 -6.2385 17.5166 9.8442 0.1545 1284.8979
87.9200 -54.2961 -6.4303 17.5181 9.8111 -0.7257 1827.5050
87.9400 -54.2532 -6.6218 17.5183 9.8080 -0.3049 1688.0040
87.9600 -54.2116 -6.8136 17.5169 9.8210 0.2942 2800.8237
87.9800 -54.1682 -7.0052 17.5166 9.8306 -0.1214 1195.2397
88.0000 -54.1256 -7.1971 17.5154 9.8814 0.1563 4625.0542
88.0200 -54.0812 -7.3897 17.5151 9.8861 -0.0760 556.0532
88.0400 -54.0374 -7.5826 17.5142 9.9263 0.0929 3392.6475
88.0600 -53.9923 -7.7759 17.5140 9.9238 0.1206 355.1889
88.0800 -53.9460 -7.9689 17.5147 9.9526 -0.0595 2323.9624
88.1000 -53.9001 -8.1626 17.5147 9.9561 -0.0786 504.4661
88.1200 -53.8550 -8.3565 17.5141 9.9684 -0.0241 936.6890
88.1400 -53.8100 -8.5508 17.5134 9.9794 0.0236 851.9868
88.1600 -53.7644 -8.7451 17.5129 9.9837 -0.2618 1940.6799
88.1800 -53.7205 -8.9399 17.5113 9.9865 -0.2158 1415.1992
88.2000 -53.6780 -9.1351 17.5085 10.0238 0.0540 2947.8237
88.2200 -53.6345 -9.3308 17.5065 10.0275 -0.2155 1471.5601
88.2400 -53.5925 -9.5269 17.5034 10.0176 0.3599 1510.5603
88.2600 -53.5489 -9.7225 17.5016 10.0152 0.3033 1740.1465
88.2800 -53.5038 -9.9176 17.5012 9.9825 0.2838 -654.1538
88.3000 -53.4572 -10.1118 17.5021 10.0342 0.1096 4259.3691
88.3200 -53.4096 -10.3068 17.5037 10.0142 0.2316 -178.0486
88.3400 -53.3605 -10.5010 17.5065 10.0019 0.3551 1288.1603
88.3600 -53.3099 -10.6946 17.5106 9.9985 0.3339 1743.7968
88.3800 -53.2576 -10.8877 17.5158 10.0432 -0.0478 3423.0950
88.4000 -53.2061 -11.0819 17.5202 10.0061 0.5011 286.0555
88.4200 -53.1530 -11.2749 17.5258 10.0085 -0.4181 2661.8682
88.4400 -53.1013 -11.4683 17.5299 10.0409 -0.0130 2419.2385
88.4600 -53.0498 -11.6625 17.5334 9.9814 -0.7352 -99.6755
88.4800 -53.0001 -11.8558 17.5355 9.9111 0.6534 -1313.7927
88.5000 -52.9489 -12.0473 17.5385 9.8971 -0.2166 272.2073
88.5200 -52.8991 -12.2389 17.5402 9.8542 0.4742 -224.3802
88.5400 -52.8476 -12.4291 17.5430 9.8901 -0.0478 2823.3264
88.5600 -52.7964 -12.6202 17.5450 9.9243 0.1692 3426.6023
88.5800 -52.7435 -12.8115 17.5478 9.9478 -0.0805 2065.1238
88.6000 -52.6913 -13.0035 17.5496 9.9401 -0.1358 92.6512
88.6200 -52.6402 -13.1956 17.5503 9.9176 0.5133 1503.8077
88.6400 -52.5873 -13.3868 17.5521 9.9180 0.1377 659.4431
88.6600 -52.5331 -13.5776 17.5545 9.9014 0.1328 -687.8309
88.6800 -52.4776 -13.7677 17.5576 9.9360 0.0377 2592.6138
88.7000 -52.4217 -13.9584 17.5607 9.9215 0.3023 803.2773
88.7200 -52.3640 -14.1483 17.5648 9.9135 0.0607 -571.8591
88.7400 -52.3059 -14.3378 17.5688 9.8536 0.8000 159.5537
88.7600 -52.2462 -14.5257 17.5740 9.8796 -0.2262 3279.2075
88.7800 -52.1877 -14.7144 17.5777 9.9224 -0.0249 3254.6323
88.8000 -52.1292 -14.9041 17.5806 9.9539 0.0583 2468.6392
88.8200 -52.0699 -15.0941 17.5837 9.9838 0.1347 2806.1663
88.8400 -52.0090 -15.2842 17.5874 9.9545 0.3463 -2.0845
88.8600 -51.9464 -15.4732 17.5920 9.9684 0.1673 1763.7688
88.8800 -51.8823 -15.6620 17.5973 9.9602 -0.2611 995.9395
88.9000 -51.8195 -15.8511 17.6010 9.9263 0.3804 -118.2766
88.9200 -51.7551 -16.0389 17.6057 9.9373 0.1091 1124.5448
88.9400 -51.6895 -16.2265 17.6107 9.9663 0.0632 2207.9456
88.9600 -51.6231 -16.4144 17.6156 9.9480 0.6783 2621.9180
88.9800 -51.5548 -16.6014 17.6214 9.9584 0.2041 1760.2703
89.0000 -51.4849 -16.7879 17.6278 9.9481 -0.1470 1.6344
89.0200 -51.4162 -16.9746 17.6328 9.9632 -0.1103 1655.4045
89.0400 -51.3481 -17.1619 17.6365 9.9657 -0.1363 890.6225
89.0600 -51.2810 -17.3496 17.6388 9.9253 -0.5132 204.7203
89.0800 -51.2154 -17.5370 17.6396 9.9284 0.0640 462.7167
89.1000 -51.1486 -17.7240 17.6406 9.8795 0.4893 -581.1228
89.1200 -51.0803 -17.9094 17.6427 9.8967 0.2439 2767.3728
89.1400 -51.0100 -18.0945 17.6456 9.9120 -0.2211 2492.2063
89.1600 -50.9409 -18.2803 17.6471 9.8539 -0.4443 -1559.3949
89.1800 -50.8735 -18.4655 17.6471 9.8670 -0.0855 1222.0043
89.2000 -50.8065 -18.6512 17.6464 9.9272 -0.1267 4978.6362
89.2200 -50.7398 -18.8383 17.6448 9.9202 -0.5687 2882.1152
89.2400 -50.6747 -19.0258 17.6417 9.9479 0.0094 2027.2031
89.2600 -50.6085 -19.2135 17.6391 9.9512 0.1539 1075.3093
89.2800 -50.5409 -19.4007 17.6375 9.9447 -0.3848 1923.2058
89.3000 -50.4749 -19.5884 17.6347 9.9069 -0.8000 1768.5785
89.3200 -50.4109 -19.7759 17.6306 9.8871 -0.2136 -451.1912
89.3400 -50.3483 -19.9636 17.6255 9.8753 0.3645 1321.4335
89.3600 -50.2843 -20.1505 17.6218 9.8741 0.2304 1311.9043
89.3800 -50.2188 -20.3368 17.6195 9.8437 0.5629 1190.8322
89.4000 -50.1521 -20.5220 17.6185 9.8726 -0.1113 2624.5603
89.4200 -50.0863 -20.7082 17.6169 9.7959 -0.7095 -1520.5978
89.4400 -50.0229 -20.8936 17.6142 9.7987 0.1707 1166.7977
89.4600 -49.9581 -21.0785 17.6128 9.8013 -0.5994 3732.7068
89.4800 -49.8950 -21.2641 17.6102 9.7217 0.8000 -1317.3135
89.5000 -49.8310 -21.4477 17.6091 9.7238 0.1678 1058.1560
89.5200 -49.7658 -21.6310 17.6092 9.7658 0.0736 3340.5498
89.5400 -49.6997 -21.8148 17.6098 9.7698 0.2060 1444.2693
89.5600 -49.6324 -21.9982 17.6117 9.7471 0.2324 -392.4179
89.5800 -49.5638 -22.1808 17.6148 9.7371 -0.0553 -595.6373
89.6000 -49.4963 -22.3635 17.6171 9.7323 -0.1217 223.8249
89.6200 -49.4301 -22.5465 17.6185 9.7112 -0.4227 1081.6580
89.6400 -49.3656 -22.7298 17.6186 9.7221 -0.1390 1478.1921
89.6600 -49.3023 -22.9136 17.6178 9.7549 0.4865 5254.9492
89.6800 -49.2372 -23.0975 17.6180 9.7412 0.2006 126.1838
89.7000 -49.1707 -23.2807 17.6194 9.7420 0.3847 2463.0671
89.7200 -49.1026 -23.4632 17.6220 9.7435 0.4366 2782.5854
89.7400 -49.0328 -23.6453 17.6258 9.6763 0.8000 -412.6514
89.7600 -48.9618 -23.8254 17.6308 9.6847 -0.0286 628.4570
89.7800 -48.8915 -24.0059 17.6349 9.6499 -0.2818 -861.5472
89.8000 -48.8229 -24.1863 17.6377 9.6150 0.6476 1289.7911
89.8200 -48.7528 -24.3654 17.6416 9.6229 0.0594 613.2132
89.8400 -48.6821 -24.5444 17.6455 9.5982 0.5298 1400.6948
89.8600 -48.6099 -24.7223 17.6504 9.5993 0.2284 1259.8347
89.8800 -48.5360 -24.8995 17.6561 9.5956 0.3678 1936.6360
89.9000 -48.4603 -25.0760 17.6629 9.5600 -0.7453 1597.5254
89.9200 -48.3862 -25.2523 17.6681 9.5861 0.3308 3906.9780
89.9400 -48.3101 -25.4283 17.6742 9.5894 0.4300 2829.5747
89.9600 -48.2321 -25.6035 17.6813 9.6154 -0.3655 4057.6619
89.9800 -48.1551 -25.7798 17.6868 9.6301 0.0167 1037.0975
90.0000 -48.0779 -25.9562 17.6917 9.6524 -0.5971 5052.7158
90.0200 -48.0016 -26.1336 17.6950 9.6677 0.8000 5430.9766
90.0400 -47.9234 -26.3104 17.6992 9.6239 0.4526 -427.6720
90.0600 -47.8436 -26.4856 17.7043 9.6741 0.2857 5375.2061
90.0800 -47.7617 -26.6608 17.7101 9.6177 0.7372 118.4893
90.1000 -47.6782 -26.8342 17.7169 9.5410 0.8000 -1165.7424
90.1200 -47.5935 -27.0052 17.7245 9.5468 0.2416 1608.4111
90.1400 -47.5070 -27.1755 17.7327 9.5620 0.2049 1925.0980
90.1600 -47.4189 -27.3453 17.7414 9.5801 0.1437 1592.1436
90.1800 -47.3296 -27.5149 17.7502 9.6401 0.1146 4551.1777
90.2000 -47.2388 -27.6850 17.7588 9.6548 0.3526 3150.4741
90.2200 -47.1460 -27.8544 17.7682 9.6581 -0.4414 2830.0959
90.2400 -47.0541 -28.0243 17.7757 9.7320 0.1011 5714.5527
90.2600 -46.9606 -28.1950 17.7832 9.7098 0.8000 2887.3005
90.2800 -46.8652 -28.3642 17.7914 9.7340 0.0745 1821.0566
90.3000 -46.7689 -28.5334 17.7991 9.7504 0.0761 1285.7196
90.3200 -46.6717 -28.7024 17.8066 9.7135 0.8000 1870.5579
90.3400 -46.5728 -28.8696 17.8147 9.7202 0.5996 3982.7534
90.3600 -46.4719 -29.0358 17.8234 9.7151 0.3994 2062.0793
90.3800 -46.3691 -29.2007 17.8329 9.7166 0.1359 394.4479
90.4000 -46.2650 -29.3648 17.8422 9.7783 0.3373 6424.1880
90.4200 -46.1585 -29.5288 17.8521 9.7606 0.4826 1591.9343
90.4400 -46.0502 -29.6913 17.8626 9.7741 0.3254 2852.7446
90.4600 -45.9397 -29.8526 17.8737 9.7760 0.1916 785.6390
90.4800 -45.8278 -30.0129 17.8848 9.7862 -0.4192 3225.4634
90.5000 -45.7166 -30.1740 17.8941 9.7678 0.5180 1836.6948
90.5200 -45.6035 -30.3333 17.9040 9.8035 -0.0580 2915.3525
90.5400 -45.4903 -30.4934 17.9123 9.8137 -0.0507 1004.2314
90.5600 -45.3771 -30.6538 17.9193 9.8392 0.0649 2133.6113
90.5800 -45.2627 -30.8139 17.9259 9.8690 0.1692 3163.6062
90.6000 -45.1462 -30.9733 17.9328 9.8513 0.4938 1822.6931
90.6200 -45.0279 -31.1309 17.9403 9.8415 0.2811 1046.6750
90.6400 -44.9079 -31.2869 17.9484 9.8883 0.1695 4291.9673
90.6600 -44.7858 -31.4425 17.9566 9.9067 0.3315 3435.1340
90.6800 -44.6617 -31.5969 17.9655 9.9465 0.1568 3599.5864
90.7000 -44.5356 -31.7508 17.9744 9.9280 0.1930 -460.0403
90.7200 -44.4083 -31.9032 17.9836 9.9311 -0.1209 889.2038
90.7400 -44.2815 -32.0560 17.9911 9.9471 0.0429 1289.3523
90.7600 -44.1538 -32.2086 17.9981 9.9499 -0.5374 3515.8208
90.7800 -44.0267 -32.3619 18.0031 9.9291 0.0873 -1161.0457
90.8000 -43.8988 -32.5138 18.0082 9.9375 0.1171 1199.5865
90.8200 -43.7693 -32.6647 18.0135 9.9655 0.0579 2299.5381
90.8400 -43.6386 -32.8152 18.0186 10.0181 -0.0678 4233.2939
90.8600 -43.5073 -32.9667 18.0225 10.0485 0.2124 3583.2917
90.8800 -43.3740 -33.1171 18.0270 10.0310 -0.5968 2363.4817
90.9000 -43.2418 -33.2681 18.0297 10.0199 0.5688 2680.5813
90.9200 -43.1080 -33.4174 18.0332 10.0795 -0.1059 4935.9370
90.9400 -42.9739 -33.5679 18.0354 10.0576 0.2614 50.2489
90.9600 -42.8383 -33.7166 18.0384 10.0629 0.2049 1627.0061
90.9800 -42.7013 -33.8640 18.0421 10.0382 0.2736 -115.8618
91.0000 -42.5630 -34.0096 18.0466 10.0382 -0.4049 2542.8926
91.0200 -42.4257 -34.1560 18.0495 9.9817 -0.8000 477.9722
91.0400 -42.2901 -34.3026 18.0508 9.9876 -0.2772 2177.5793
91.0600 -42.1552 -34.4501 18.0505 10.0256 0.2605 4418.5996
91.0800 -42.0185 -34.5968 18.0510 10.0572 0.0862 2721.0535
91.1000 -41.8803 -34.7430 18.0520 10.0499 0.1186 3.8081
91.1200 -41.7412 -34.8881 18.0537 10.0735 0.0847 2060.3811
91.1400 -41.6009 -35.0327 18.0557 10.1013 0.0886 2381.1992
91.1600 -41.4594 -35.1769 18.0582 10.0647 0.5765 815.8271
91.1800 -41.3170 -35.3192 18.0617 10.0485 0.5098 1925.3199
91.2000 -41.1734 -35.4599 18.0662 10.0120 0.6438 1134.3109
91.2200 -41.0290 -35.5986 18.0717 10.0163 0.0914 411.9055
91.2400 -40.8840 -35.7368 18.0773 10.0140 0.1139 63.3754
91.2600 -40.7383 -35.8743 18.0832 10.0133 0.2656 1433.0060
91.2800 -40.5912 -36.0103 18.0899 10.0070 -0.2506 1039.8831
91.3000 -40.4453 -36.1472 18.0950 10.0043 -0.0981 229.5027
91.3200 -40.2999 -36.2848 18.0988 10.0150 0.0818 1027.3093
91.3400 -40.1537 -36.4216 18.1028 10.0220 -0.4485 3280.2932
91.3600 -40.0082 -36.5596 18.1053 10.0375 -0.2347 2593.6934
91.3800 -39.8634 -36.6986 18.1063 10.0063 0.1558 -1490.8763
91.4000 -39.7178 -36.8360 18.1080 10.0295 0.2722 3431.6257
91.4200 -39.5706 -36.9722 18.1106 10.0448 -0.1744 2119.2925
91.4400 -39.4239 -37.1095 18.1118 10.0261 0.3374 767.9979
91.4600 -39.2761 -37.2450 18.1141 9.9826 -0.2153 -1965.3616
91.4800 -39.1299 -37.3810 18.1149 9.9922 0.2830 2498.7307
91.5000 -38.9822 -37.5156 18.1168 9.9405 -0.4097 -1278.7812
91.5200 -38.8363 -37.6507 18.1172 9.9654 -0.0170 1873.3486
91.5400 -38.6899 -37.7860 18.1173 9.9755 -0.1928 1817.7108
91.5600 -38.5442 -37.9224 18.1163 9.9852 0.0796 1028.8787
91.5800 -38.3976 -38.0580 18.1158 10.0250 0.0252 3027.3962
91.6000 -38.2500 -38.1937 18.1156 9.9931 0.8000 2229.4287
91.6200 -38.1016 -38.3276 18.1166 10.0017 0.1517 1386.8280
91.6400 -37.9521 -38.4605 18.1184 10.0321 -0.1252 2876.5803
91.6600 -37.8030 -38.5948 18.1192 10.0695 -0.0233 2832.2576
91.6800 -37.6535 -38.7297 18.1196 10.0159 -0.8000 668.7007
91.7000 -37.5059 -38.8651 18.1188 10.0221 -0.1588 1217.5177
91.7200 -37.3590 -39.0015 18.1169 10.0077 -0.1753 -237.5090
91.7400 -37.2132 -39.1387 18.1140 10.0034 0.0798 -24.3897
91.7600 -37.0666 -39.2749 18.1120 10.0242 0.0532 1710.6462
91.7800 -36.9192 -39.4108 18.1106 9.9881 0.2127 -1438.7474
91.8000 -36.7713 -39.5451 18.1104 10.0022 0.1374 1712.3757
91.8200 -36.6223 -39.6786 18.1111 9.9905 0.4347 1844.3597
91.8400 -36.4724 -39.8107 18.1132 9.9743 0.1983 -185.3811
91.8600 -36.3217 -39.9416 18.1162 10.0034 -0.0454 2285.6345
91.8800 -36.1713 -40.0735 18.1186 9.9700 0.3329 -406.0592
91.9000 -36.0201 -40.2036 18.1222 9.9824 -0.1755 1913.2954
91.9200 -35.8698 -40.3349 18.1246 9.9799 0.0915 58.7386
91.9400 -35.7189 -40.4656 18.1274 9.9531 -0.2044 -789.9957
91.9600 -35.5694 -40.5971 18.1289 9.9488 0.0918 -22.2338
91.9800 -35.4193 -40.7277 18.1310 9.9804 0.1323 2921.8491
92.0000 -35.2679 -40.8578 18.1337 9.9612 -0.6714 2535.2522
92.0200 -35.1179 -40.9888 18.1350 9.9723 0.1068 1244.6420
92.0400 -34.9668 -41.1191 18.1370 9.9168 -0.4317 -1449.6541
92.0600 -34.8177 -41.2499 18.1376 9.9238 -0.2623 2152.3530
92.0800 -34.6694 -41.3819 18.1368 9.8485 -0.8000 -984.2148
92.1000 -34.5234 -41.5141 18.1347 9.8351 -0.4677 1881.7117
92.1200 -34.3786 -41.6474 18.1312 9.8750 -0.1924 3830.9736
92.1400 -34.2340 -41.7821 18.1268 9.8686 -0.4224 2061.6436
92.1600 -34.0907 -41.9180 18.1212 9.8798 -0.2463 2012.3092
92.1800 -33.9483 -42.0552 18.1146 9.8451 -0.7293 1540.6676
92.2000 -33.8077 -42.1933 18.1069 9.8594 0.0773 1241.9476
92.2200 -33.6662 -42.3306 18.1004 9.8753 -0.1326 1424.8689
92.2400 -33.5251 -42.4689 18.0936 9.8489 -0.5127 1086.5623
92.2600 -33.3858 -42.6084 18.0859 9.8739 0.1736 2769.5010
92.2800 -33.2453 -42.7472 18.0796 9.9461 0.0632 5599.0649
92.3000 -33.1032 -42.8864 18.0745 9.9319 -0.0393 -1078.0380
92.3200 -32.9617 -43.0258 18.0697 9.9336 0.1035 606.0648
92.3400 -32.8195 -43.1646 18.0662 9.9628 -0.0252 2221.2427
92.3600 -32.6773 -43.3042 18.0629 9.9999 -0.0796 3016.8010
92.3800 -32.5354 -43.4451 18.0595 10.0086 0.3294 2739.9009
92.4000 -32.3924 -43.5852 18.0576 9.9947 0.2117 211.7278
92.4200 -32.2487 -43.7242 18.0571 9.9583 0.5351 614.7047
92.4400 -32.1045 -43.8618 18.0582 9.9397 0.3365 714.7457
92.4600 -31.9596 -43.9980 18.0608 9.9522 -0.0225 929.8917
92.4800 -31.8152 -44.1352 18.0630 9.9580 0.3186 2368.4648
92.5000 -31.6697 -44.2713 18.0665 9.9467 -0.0257 -856.2683
92.5200 -31.5250 -44.4080 18.0695 9.9663 -0.0100 1434.0758
92.5400 -31.3806 -44.5454 18.0721 9.9933 0.0858 2182.1008
92.5600 -31.2353 -44.6827 18.0751 10.0064 0.1366 1452.2611
92.5800 -31.0892 -44.8195 18.0789 9.9723 0.3977 -88.4951
92.6000 -30.9423 -44.9545 18.0838 9.9416 0.0279 -2440.6233
92.6200 -30.7960 -45.0892 18.0883 9.9477 0.1220 755.0957
92.6400 -30.6489 -45.2233 18.0933 9.9189 0.8000 2368.4023
92.6600 -30.5010 -45.3556 18.0993 9.9385 0.4847 4232.5669
92.6800 -30.3515 -45.4868 18.1063 9.9382 0.2111 827.4286
92.7000 -30.2010 -45.6167 18.1140 9.8571 0.4828 -3317.6289
92.7200 -30.0504 -45.7441 18.1226 9.9162 0.2714 5637.6821
92.7400 -29.8978 -45.8709 18.1318 9.9505 -0.0461 2548.4849
92.7600 -29.7452 -45.9987 18.1398 9.9091 0.3750 -845.5566
92.7800 -29.5918 -46.1243 18.1486 9.8758 0.7778 1889.3918
92.8000 -29.4376 -46.2478 18.1582 9.8361 0.5760 398.2241
92.8200 -29.2825 -46.3690 18.1686 9.8212 0.3237 614.6970
92.8400 -29.1263 -46.4882 18.1796 9.8310 0.4297 3138.8643
92.8600 -28.9686 -46.6057 18.1913 9.8047 0.5552 1205.6826
92.8800 -28.8098 -46.7210 18.2037 9.8153 0.2754 1975.0564
92.9000 -28.6497 -46.8347 18.2165 9.7811 0.2320 -1802.5122
92.9200 -28.4890 -46.9464 18.2294 9.7825 0.6609 3711.7180
92.9400 -28.3269 -47.0560 18.2429 9.8010 0.3423 3156.4624
92.9600 -28.1632 -47.1640 18.2569 9.7729 0.7324 1970.9086
92.9800 -27.9986 -47.2694 18.2713 9.7261 0.7575 737.5203
93.0000 -27.8333 -47.3721 18.2862 9.7886 0.0472 4314.6772
93.0200 -27.6670 -47.4754 18.2998 9.7531 0.8000 1900.0308
93.0400 -27.4998 -47.5760 18.3137 9.7610 -0.4456 3241.6560
93.0600 -27.3330 -47.6773 18.3257 9.7520 0.1376 -168.2324
93.0800 -27.1653 -47.7770 18.3373 9.7118 0.5897 727.2932
93.1000 -26.9970 -47.8740 18.3493 9.6992 0.2322 376.0123
93.1200 -26.8278 -47.9688 18.3615 9.7210 -0.1500 2606.3875
93.1400 -26.6584 -48.0644 18.3717 9.7171 0.2788 1597.6842
93.1600 -26.4878 -48.1576 18.3822 9.7097 0.3574 1864.7585
93.1800 -26.3161 -48.2483 18.3930 9.7123 0.1501 929.1731
93.2000 -26.1434 -48.3373 18.4038 9.6756 0.3563 -329.9587
93.2200 -25.9701 -48.4236 18.4149 9.6718 0.1503 405.2571
93.2400 -25.7961 -48.5081 18.4258 9.7088 0.0016 2914.1746
93.2600 -25.6212 -48.5926 18.4355 9.7433 0.3375 4782.1543
93.2800 -25.4446 -48.6750 18.4455 9.7403 0.0955 173.4049
93.3000 -25.2673 -48.7560 18.4552 9.7283 -0.1638 213.9264
93.3200 -25.0905 -48.8374 18.4629 9.7651 0.2127 4160.5107
93.3400 -24.9120 -48.9169 18.4708 9.7869 -0.0912 2190.1133
93.3600 -24.7331 -48.9968 18.4772 9.7706 0.1237 -476.6050
93.3800 -24.5537 -49.0746 18.4836 9.7448 -0.5090 1404.9828
93.4000 -24.3750 -49.1530 18.4880 9.7669 -0.1160 2241.5964
93.4200 -24.1960 -49.2318 18.4909 9.6943 0.8000 -647.4360
93.4400 -24.0174 -49.3077 18.4944 9.6755 0.0017 -1293.0941
93.4600 -23.8387 -49.3825 18.4975 9.6985 0.3770 4103.8452
93.4800 -23.6588 -49.4553 18.5011 9.6976 0.1453 757.0892
93.5000 -23.4782 -49.5262 18.5051 9.6891 0.5774 2913.3835
93.5200 -23.2970 -49.5949 18.5098 9.7389 -0.0898 4139.5498
93.5400 -23.1149 -49.6643 18.5132 9.7641 -0.1094 2386.8972
93.5600 -22.9325 -49.7343 18.5153 9.7880 0.0661 2059.3052
93.5800 -22.7492 -49.8032 18.5176 9.7514 -0.8000 1937.7144
93.6000 -22.5670 -49.8729 18.5182 9.7516 0.4234 2662.0510
93.6200 -22.3840 -49.9407 18.5196 9.7034 0.1878 -2519.4233
93.6400 -22.2014 -50.0063 18.5218 9.7018 -0.0065 -96.1987
93.6600 -22.0186 -50.0716 18.5236 9.7093 -0.0059 586.6231
93.6800 -21.8356 -50.1366 18.5250 9.7296 -0.2474 3028.2122
93.7000 -21.6526 -50.2030 18.5250 9.7188 0.6635 3097.6333
93.7200 -21.4692 -50.2674 18.5259 9.6789 0.8000 1674.6294
93.7400 -21.2860 -50.3297 18.5279 9.7128 -0.0229 2581.0000
93.7600 -21.1021 -50.3924 18.5294 9.6832 0.2984 -315.6632
93.7800 -20.9181 -50.4530 18.5319 9.7006 0.4243 3871.3452
93.8000 -20.7333 -50.5119 18.5354 9.7092 -0.0351 719.1780
93.8200 -20.5484 -50.5714 18.5382 9.7316 0.1258 2174.8521
93.8400 -20.3628 -50.6297 18.5415 9.7129 0.8000 3134.6658
93.8600 -20.1769 -50.6861 18.5458 9.6855 0.4756 893.4248
93.8800 -19.9909 -50.7405 18.5512 9.7335 -0.0374 3652.6594
93.9000 -19.8042 -50.7957 18.5556 9.7558 -0.0791 1975.5245
93.9200 -19.6174 -50.8520 18.5590 9.7713 -0.0255 1213.0933
93.9400 -19.4303 -50.9085 18.5617 9.7588 -0.3851 1509.2678
93.9600 -19.2439 -50.9664 18.5628 9.7343 0.2119 -561.7111
93.9800 -19.0574 -51.0223 18.5649 9.7459 0.0599 1007.6475
94.0000 -18.8705 -51.0774 18.5672 9.7418 0.2290 1056.8821
94.0200 -18.6831 -51.1308 18.5704 9.7717 0.1019 2553.7373
94.0400 -18.4948 -51.1833 18.5740 9.7701 -0.4645 2725.5298
94.0600 -18.3070 -51.2372 18.5761 9.7584 0.1363 -259.2129
94.0800 -18.1190 -51.2896 18.5789 9.7328 0.2445 -449.6195
94.1000 -17.9310 -51.3401 18.5826 9.7275 -0.3658 1891.0961
94.1200 -17.7435 -51.3919 18.5849 9.7784 0.0069 3819.7415
94.1400 -17.5549 -51.4439 18.5869 9.7927 0.0133 1082.5389
94.1600 -17.3660 -51.4956 18.5887 9.7842 0.3041 1298.7157
94.1800 -17.1768 -51.5454 18.5915 9.7921 0.1281 1102.0637
94.2000 -16.9870 -51.5939 18.5949 9.8446 -0.3070 5697.4082
94.2200 -16.7966 -51.6441 18.5970 9.8503 -0.1603 1285.7109
94.2400 -16.6064 -51.6954 18.5978 9.7880 -0.6637 -642.0776
94.2600 -16.4178 -51.7479 18.5972 9.8105 -0.0591 1779.7441
94.2800 -16.2288 -51.8007 18.5961 9.8077 0.2767 1533.8135
94.3000 -16.0394 -51.8517 18.5961 9.8529 -0.1816 4336.5825
94.3200 -15.8494 -51.9041 18.5950 9.8413 -0.6053 2750.2295
94.3400 -15.6600 -51.9581 18.5926 9.8259 0.1738 -167.4843
94.3600 -15.4706 -52.0104 18.5912 9.8434 0.0185 1331.9318
94.3800 -15.2807 -52.0623 18.5902 9.8483 0.1886 1451.0853
94.4000 -15.0903 -52.1127 18.5903 9.8330 -0.1146 -661.4227
94.4200 -14.9005 -52.1641 18.5895 9.8072 -0.2316 -553.4292
94.4400 -14.7116 -52.2170 18.5876 9.8184 -0.2252 2111.4724
94.4600 -14.5228 -52.2714 18.5847 9.8204 0.0265 182.3411
94.4800 -14.3339 -52.3252 18.5822 9.7439 0.8000 -1082.1943
94.5000 -14.1461 -52.3770 18.5811 9.7299 0.3417 1125.2489
94.5200 -13.9580 -52.4271 18.5814 9.7351 0.2989 2264.8845
94.5400 -13.7695 -52.4757 18.5829 9.7420 0.1062 843.7460
94.5600 -13.5805 -52.5235 18.5851 9.7618 0.2506 2920.0911
94.5800 -13.3908 -52.5700 18.5885 9.7634 -0.2202 1444.5974
94.6000 -13.2016 -52.6180 18.5906 9.7324 0.8000 2269.3008
94.6200 -13.0124 -52.6642 18.5939 9.7681 -0.0347 2741.1948
94.6400 -12.8228 -52.7113 18.5966 9.7500 -0.2769 391.9152
94.6600 -12.6340 -52.7598 18.5979 9.7586 0.2833 2401.0325
94.6800 -12.4445 -52.8067 18.6003 9.7783 0.0158 1457.1794
94.7000 -12.2546 -52.8536 18.6026 9.8128 -0.1616 3454.8291
94.7200 -12.0644 -52.9020 18.6036 9.8326 -0.3148 3438.4980
94.7400 -11.8742 -52.9520 18.6034 9.8421 -0.0423 762.4700
94.7600 -11.6839 -53.0023 18.6028 9.8510 0.3151 2644.5730
94.7800 -11.4930 -53.0508 18.6033 9.8803 -0.0221 2224.8667
94.8000 -11.3015 -53.0997 18.6035 9.8829 -0.0669 378.2869
94.8200 -11.1102 -53.1493 18.6032 9.8385 -0.8000 1336.7524
94.8400 -10.9201 -53.2003 18.6015 9.8741 0.0193 2684.9619
94.8600 -10.7292 -53.2508 18.6002 9.8427 -0.5585 1088.1394
94.8800 -10.5393 -53.3029 18.5976 9.8762 0.0184 2525.2061
94.9000 -10.3486 -53.3546 18.5955 9.8586 -0.2624 257.0895
94.9200 -10.1588 -53.4079 18.5922 9.8308 0.4662 802.2726
94.9400 -9.9690 -53.4593 18.5903 9.8404 -0.0304 725.2135
94.9600 -9.7791 -53.5111 18.5883 9.8117 0.4067 426.3777
94.9800 -9.5893 -53.5611 18.5877 9.7899 -0.5595 1799.5767
95.0000 -9.4005 -53.6128 18.5859 9.7746 -0.5861 2402.7302
95.0200 -9.2124 -53.6662 18.5830 9.7940 -0.1187 1840.7234
95.0400 -9.0242 -53.7206 18.5796 9.8156 0.0928 2002.5044
95.0600 -8.8354 -53.7742 18.5771 9.8177 0.2349 1605.5964
95.0800 -8.6460 -53.8263 18.5760 9.8231 -0.0158 416.0847
95.1000 -8.4567 -53.8787 18.5749 9.8203 -0.0669 -24.9811
95.1200 -8.2677 -53.9320 18.5735 9.8726 -0.0711 4112.3149
95.1400 -8.0778 -53.9864 18.5716 9.9320 0.0913 4804.0376
95.1600 -7.8866 -54.0402 18.5707 9.9146 0.3673 1036.3918
95.1800 -7.6953 -54.0924 18.5711 9.9314 -0.2047 2465.4473
95.2000 -7.5042 -54.1463 18.5705 9.9655 -0.0826 2831.0034
95.2200 -7.3126 -54.2014 18.5693 9.9912 -0.1158 2393.1946
95.2400 -7.1209 -54.2577 18.5675 9.9544 0.8000 1880.1758
95.2600 -6.9294 -54.3123 18.5670 9.9517 0.3703 2127.5454
95.2800 -6.7376 -54.3653 18.5678 9.9650 0.2526 2510.6421
95.3000 -6.5450 -54.4169 18.5699 9.9575 0.5893 2945.5576
95.3200 -6.3522 -54.4669 18.5732 9.9539 0.2176 829.6267
95.3400 -6.1590 -54.5155 18.5776 9.9205 0.8000 2035.7341
95.3600 -5.9661 -54.5622 18.5832 9.8814 0.6474 859.2090
95.3800 -5.7734 -54.6069 18.5900 9.8664 0.2158 -303.3007
95.4000 -5.5807 -54.6502 18.5975 9.8710 0.3815 2497.1965
95.4200 -5.3875 -54.6916 18.6060 9.8749 0.6050 3607.9619
95.4400 -5.1938 -54.7311 18.6155 9.9145 0.2007 3437.1387
95.4600 -4.9991 -54.7694 18.6254 9.8610 0.8000 385.9807
95.4800 -4.8050 -54.8053 18.6362 9.8600 0.8000 4056.3613
95.5000 -4.6106 -54.8392 18.6477 9.8180 0.6317 360.2667
95.5200 -4.4166 -54.8706 18.6600 9.8782 0.0029 4132.0728
95.5400 -4.2216 -54.9027 18.6710 9.8340 0.5423 -158.6750
95.5600 -4.0271 -54.9324 18.6827 9.8325 -0.2298 1133.8658
95.5800 -3.8328 -54.9631 18.6925 9.8177 0.3118 720.2288
95.6000 -3.6385 -54.9914 18.7029 9.7516 0.4566 -2210.4243
95.6200 -3.4452 -55.0171 18.7139 9.7746 0.1207 1818.3389
95.6400 -3.2512 -55.0416 18.7246 9.7223 0.8000 687.7198
95.6600 -3.0580 -55.0636 18.7358 9.7465 0.2323 2866.9229
95.6800 -2.8641 -55.0835 18.7473 9.7637 0.1159 1377.5525
95.7000 -2.6697 -55.1023 18.7584 9.7744 -0.2457 2312.6323
95.7200 -2.4752 -55.1219 18.7675 9.7545 0.8000 3124.9438
95.7400 -2.2809 -55.1391 18.7772 9.7836 -0.0178 2281.4189
95.7600 -2.0859 -55.1563 18.7855 9.7611 0.8000 2971.9604
95.7800 -1.8912 -55.1709 18.7943 9.7241 0.8000 1938.9259
95.8000 -1.6971 -55.1830 18.8037 9.7434 0.6422 5097.0366
95.8200 -1.5025 -55.1927 18.8134 9.7326 0.8000 3717.9512
95.8400 -1.3080 -55.2000 18.8237 9.7772 0.3386 5318.9751
95.8600 -1.1125 -55.2049 18.8344 9.7975 0.0678 1525.5699
95.8800 -0.9166 -55.2089 18.8444 9.7846 0.1997 44.4968
95.9000 -0.7209 -55.2108 18.8546 9.8350 -0.0008 3819.5540
95.9200 -0.5242 -55.2126 18.8636 9.8051 0.3972 379.0982
95.9400 -0.3281 -55.2118 18.8730 9.8377 0.6117 5870.5947
95.9600 -0.1313 -55.2086 18.8829 9.8888 0.1720 4613.4468
95.9800 0.0664 -55.2035 18.8929 9.9089 -0.2922 3381.0864
96.0000 0.2645 -55.1992 18.9009 9.8948 0.6397 2875.9734
96.0200 0.4624 -55.1924 18.9094 9.9099 0.0834 1417.2512
96.0400 0.6604 -55.1841 18.9175 9.9248 0.0550 1291.9093
96.0600 0.8587 -55.1748 18.9252 9.8574 0.6860 -803.3673
96.0800 1.0555 -55.1629 18.9333 9.8304 0.3412 246.2038
96.1000 1.2516 -55.1487 18.9420 9.8389 0.1918 1658.1030
96.1200 1.4477 -55.1322 18.9510 9.8677 0.0341 2196.9387
96.1400 1.6444 -55.1151 18.9591 9.8439 -0.2877 154.3553
96.1600 1.8407 -55.0990 18.9653 9.8775 0.2150 3864.3809
96.1800 2.0374 -55.0805 18.9718 9.7905 0.8000 -1770.7616
96.2000 2.2321 -55.0597 18.9790 9.7662 0.6704 2262.1270
96.2200 2.4261 -55.0366 18.9867 9.7386 0.4636 904.0630
96.2400 2.6192 -55.0111 18.9949 9.7821 0.0679 3373.1143
96.2600 2.8130 -54.9845 19.0028 9.7843 -0.0257 287.0417
96.2800 3.0069 -54.9579 19.0094 9.8074 0.1415 2416.3523
96.3000 3.2010 -54.9293 19.0163 9.7962 0.0670 -653.4154
96.3200 3.3947 -54.8996 19.0228 9.7482 0.7606 969.9139
96.3400 3.5870 -54.8677 19.0299 9.7281 -0.1193 -858.3008
96.3600 3.7791 -54.8365 19.0355 9.7224 0.2442 1124.2849
96.3800 3.9707 -54.8031 19.0416 9.6833 -0.0463 -2734.5479
96.4000 4.1615 -54.7699 19.0466 9.6715 0.1814 152.7798
96.4200 4.3517 -54.7348 19.0520 9.6838 0.3396 3091.8037
96.4400 4.5418 -54.6973 19.0581 9.7386 -0.0628 4372.7993
96.4600 4.7329 -54.6599 19.0629 9.7579 -0.0424 1601.4762
96.4800 4.9245 -54.6225 19.0668 9.7879 -0.0220 2336.7966
96.5000 5.1167 -54.5848 19.0699 9.8188 0.0847 2665.3296
96.5200 5.3091 -54.5454 19.0732 9.7831 0.3526 -369.5692
96.5400 5.5003 -54.5041 19.0773 9.7623 0.5766 1988.8674
96.5600 5.6907 -54.4606 19.0822 9.7925 0.0592 2365.7808
96.5800 5.8814 -54.4162 19.0870 9.7989 -0.0561 678.9349
96.6000 6.0724 -54.3721 19.0907 9.7944 0.0631 -163.2581
96.6200 6.2631 -54.3271 19.0944 9.8136 -0.1027 1896.5396
96.6400 6.4542 -54.2826 19.0969 9.8032 -0.4167 1875.5437
96.6600 6.6456 -54.2394 19.0978 9.7953 0.4091 1990.4075
96.6800 6.8362 -54.1942 19.0996 9.8261 0.3288 4327.0649
96.7000 7.0270 -54.1469 19.1022 9.8117 -0.3549 1193.2839
96.7200 7.2178 -54.1011 19.1033 9.8092 -0.5311 3044.8987
96.7400 7.4089 -54.0566 19.1029 9.7797 0.2371 -728.3438
96.7600 7.5990 -54.0104 19.1035 9.7793 0.1624 858.0363
96.7800 7.7887 -53.9625 19.1049 9.7718 -0.2049 638.8101
96.8000 7.9785 -53.9160 19.1050 9.8232 0.0277 3908.9917
96.8200 8.1691 -53.8685 19.1052 9.8341 -0.1116 1252.7010
96.8400 8.3602 -53.8218 19.1046 9.8008 0.6885 1614.3229
96.8600 8.5502 -53.7735 19.1051 9.8228 0.1537 2431.3086
96.8800 8.7402 -53.7236 19.1064 9.8315 0.1100 1079.9763
96.9000 8.9301 -53.6726 19.1084 9.8506 0.1732 2298.7847
96.9200 9.1200 -53.6200 19.1112 9.8499 0.4294 2596.2036
96.9400 9.3094 -53.5657 19.1152 9.8871 -0.4079 5124.0913
96.9600 9.4999 -53.5126 19.1178 9.8997 -0.1244 1542.6885
96.9800 9.6909 -53.4605 19.1194 9.8954 0.1371 309.6154
97.0000 9.8815 -53.4071 19.1216 9.8879 0.0790 -362.8208
97.0200 10.0716 -53.3529 19.1243 9.9562 0.0518 5183.7090
97.0400 10.2630 -53.2977 19.1270 9.9692 -0.2783 2708.5437
97.0600 10.4550 -53.2440 19.1283 9.9639 0.2474 1125.2183
97.0800 10.6464 -53.1885 19.1307 9.9711 0.0998 869.6304
97.1000 10.8376 -53.1320 19.1335 9.9949 0.0407 1801.2064
97.1200 11.0292 -53.0749 19.1363 9.9780 0.1466 -628.4540
97.1400 11.2201 -53.0166 19.1398 9.9420 0.4363 40.5300
97.1600 11.4097 -52.9566 19.1444 9.9835 -0.0616 3303.5059
97.1800 11.6003 -52.8972 19.1480 9.9800 -0.5764 3172.9839
97.2000 11.7913 -52.8392 19.1502 10.0199 -0.0209 3026.5444
97.2200 11.9831 -52.7810 19.1518 9.9561 0.4525 -1951.9460
97.2400 12.1731 -52.7214 19.1545 9.9425 -0.1931 118.7978
97.2600 12.3632 -52.6631 19.1559 9.9735 -0.0968 2688.9346
97.2800 12.5541 -52.6054 19.1563 9.9910 -0.1315 1896.4819
97.3000 12.7457 -52.5485 19.1557 9.9895 0.1263 501.2336
97.3200 12.9368 -52.4902 19.1559 9.9404 0.4537 -819.3760
97.3400 13.1264 -52.4304 19.1573 9.9997 0.0649 4610.1523
97.3600 13.3169 -52.3694 19.1589 9.9706 0.4214 487.8906
97.3800 13.5063 -52.3069 19.1617 9.9706 -0.2216 1347.1229
97.4000 13.6961 -52.2458 19.1632 9.9535 0.1419 -621.4232
97.4200 13.8851 -52.1835 19.1655 9.9203 0.5788 1067.3558
97.4400 14.0730 -52.1195 19.1688 9.9470 0.1516 2630.4880
97.4600 14.2609 -52.0542 19.1728 9.9152 0.6423 1456.4861
97.4800 14.4476 -51.9872 19.1779 9.9581 -0.2815 4825.7368
97.5000 14.6356 -51.9213 19.1817 9.9788 -0.2280 2930.1748
97.5200 14.8244 -51.8566 19.1840 9.9404 -0.7741 1654.4198
97.5400 15.0129 -51.7936 19.1849 9.8981 -0.8000 1498.1274
97.5600 15.2012 -51.7322 19.1843 9.9047 -0.1892 1482.7117
97.5800 15.3899 -51.6719 19.1825 9.9106 -0.1216 815.3112
97.6000 15.5791 -51.6123 19.1800 9.8737 0.5694 704.4033
97.6200 15.7669 -51.5513 19.1785 9.8503 -0.0119 -1781.8503
97.6400 15.9542 -51.4901 19.1772 9.8671 0.4563 3995.9304
97.6600 16.1412 -51.4272 19.1770 9.8797 0.4225 3524.1387
97.6800 16.3280 -51.3627 19.1780 9.8775 -0.2920 1680.3865
97.7000 16.5152 -51.2997 19.1777 9.9353 -0.0787 4568.5312
97.7200 16.7038 -51.2371 19.1768 9.9010 -0.2953 -704.5408
97.7400 16.8923 -51.1763 19.1747 9.9337 -0.1670 3209.2651
97.7600 17.0818 -51.1165 19.1717 9.8593 0.8000 -940.6880
97.7800 17.2694 -51.0556 19.1700 9.8313 -0.6570 1841.4105
97.8000 17.4569 -50.9966 19.1671 9.8082 -0.3253 301.9548
97.8200 17.6446 -50.9394 19.1630 9.8297 -0.0176 1517.1018
97.8400 17.8327 -50.8819 19.1593 9.8226 -0.3727 1783.2999
97.8600 18.0211 -50.8262 19.1545 9.7826 -0.5185 160.8697
97.8800 18.2093 -50.7726 19.1486 9.8016 -0.1493 1811.7271
97.9000 18.3983 -50.7200 19.1422 9.8034 0.0368 151.1034
97.9200 18.5870 -50.6666 19.1369 9.8326 -0.1431 2643.8123
97.9400 18.7765 -50.6143 19.1311 9.8975 -0.0001 4788.3667
97.9600 18.9673 -50.5613 19.1260 9.9220 0.0031 1808.0945
97.9800 19.1584 -50.5080 19.1216 9.9268 0.3711 2666.0952
98.0000 19.3493 -50.4534 19.1188 9.9314 0.2041 1562.7384
98.0200 19.5400 -50.3976 19.1174 9.8914 -0.6391 907.9087
98.0400 19.7304 -50.3439 19.1150 9.8720 0.7659 2970.0344
98.0600 19.9201 -50.2890 19.1142 9.8707 -0.1213 474.0752
98.0800 20.1101 -50.2356 19.1126 9.8754 0.0731 585.7676
98.1000 20.3001 -50.1817 19.1120 9.8993 0.1109 2226.8926
98.1200 20.4904 -50.1268 19.1122 9.8592 -0.2012 -1815.8447
98.1400 20.6804 -50.0739 19.1115 9.8356 -0.8000 2815.1333
98.1600 20.8704 -50.0229 19.1098 9.7901 -0.8000 1259.5286
98.1800 21.0600 -49.9741 19.1069 9.8141 0.2030 2986.0835
98.2000 21.2497 -49.9237 19.1054 9.8263 0.2755 2637.5376
98.2200 21.4393 -49.8718 19.1052 9.8426 0.1672 2079.4331
98.2400 21.6288 -49.8186 19.1061 9.8136 0.8000 2421.8545
98.2600 21.8174 -49.7641 19.1084 9.8108 0.2015 796.3028
98.2800 22.0057 -49.7084 19.1118 9.7990 -0.0151 -913.5151
98.3000 22.1938 -49.6534 19.1147 9.7922 0.0953 -334.3706
98.3200 22.3817 -49.5979 19.1181 9.7649 0.3597 195.4553
98.3400 22.5685 -49.5408 19.1227 9.8107 0.1427 3825.8418
98.3600 22.7560 -49.4824 19.1278 9.7498 0.7810 -76.5021
98.3800 22.9417 -49.4227 19.1341 9.7421 0.8000 3762.9546
98.4000 23.1267 -49.3611 19.1414 9.7651 0.0348 1458.6947
98.4200 23.3122 -49.2998 19.1481 9.7773 -0.0278 883.1641
98.4400 23.4981 -49.2391 19.1538 9.7926 0.3142 2996.0427
98.4600 23.6837 -49.1763 19.1604 9.7865 0.2524 849.6285
98.4800 23.8685 -49.1119 19.1678 9.8022 0.3164 2949.5740
98.5000 24.0531 -49.0455 19.1760 9.8287 -0.2102 3132.6384
98.5200 24.2385 -48.9800 19.1827 9.8035 0.4749 1033.4951
98.5400 24.4226 -48.9127 19.1901 9.7604 -0.1688 -2315.0505
98.5600 24.6064 -48.8468 19.1960 9.7729 0.3938 3346.8618
98.5800 24.7896 -48.7788 19.2027 9.7506 0.4728 1251.8555
98.6000 24.9717 -48.7088 19.2102 9.7652 -0.1685 2030.9404
98.6200 25.1544 -48.6397 19.2161 9.7276 0.8000 1820.2805
98.6400 25.3355 -48.5689 19.2227 9.7025 0.5885 1688.2170
98.6600 25.5154 -48.4961 19.2302 9.6985 -0.1853 779.7059
98.6800 25.6957 -48.4244 19.2359 9.6844 0.3546 1210.0078
98.7000 25.8748 -48.3507 19.2425 9.6705 0.0123 -1082.8228
98.7200 26.0536 -48.2770 19.2482 9.6913 0.2282 2844.8496
98.7400 26.2320 -48.2012 19.2546 9.6227 0.7883 -518.7624
98.7600 26.4083 -48.1239 19.2618 9.5822 0.7244 1234.0175
98.7800 26.5829 -48.0449 19.2697 9.5900 0.4694 3363.8750
98.8000 26.7567 -47.9637 19.2783 9.5928 0.4101 2657.8545
98.8200 26.9296 -47.8805 19.2877 9.5893 0.7377 3813.5811
98.8400 27.1014 -47.7952 19.2977 9.5777 0.8000 3489.1208
98.8600 27.2720 -47.7080 19.3084 9.5896 0.2557 2035.9414
98.8800 27.4419 -47.6189 19.3195 9.6018 0.4817 3633.3967
98.9000 27.6109 -47.5276 19.3312 9.5738 0.6159 1438.0432
98.9200 27.7783 -47.4344 19.3435 9.5589 0.4107 1228.2756
98.9400 27.9442 -47.3392 19.3564 9.6431 0.1878 6654.2925
98.9600 28.1107 -47.2418 19.3692 9.5916 -0.8000 613.2863
98.9800 28.2768 -47.1458 19.3801 9.6232 0.1797 3051.4800
99.0000 28.4425 -47.0479 19.3910 9.5835 0.8000 1651.0150
99.0200 28.6061 -46.9481 19.4025 9.5968 -0.1002 1500.1606
99.0400 28.7704 -46.8488 19.4121 9.5330 0.8000 -34.5522
99.0600 28.9322 -46.7479 19.4222 9.5330 0.5895 3538.5024
99.0800 29.0926 -46.6449 19.4327 9.5918 0.1487 4917.5508
99.1000 29.2531 -46.5398 19.4432 9.6219 0.8000 6381.6602
99.1200 29.4128 -46.4325 19.4540 9.6336 0.5073 3921.1064
99.1400 29.5713 -46.3230 19.4653 9.6694 0.1307 3013.4080
99.1600 29.7295 -46.2117 19.4763 9.7569 -0.0258 6679.4629
99.1800 29.8892 -46.0996 19.4859 9.7607 0.0573 421.0889
99.2000 30.0484 -45.9865 19.4949 9.7097 0.2457 -2280.4143
99.2200 30.2054 -45.8721 19.5042 9.6612 0.5154 -311.4130
99.2400 30.3600 -45.7561 19.5140 9.6909 0.0223 2279.6504
99.2600 30.5147 -45.6394 19.5227 9.7149 0.1759 2749.5459
99.2800 30.6686 -45.5207 19.5316 9.7566 -0.0591 3453.6855
99.3000 30.8232 -45.4016 19.5390 9.8000 0.1689 4213.1709
99.3200 30.9772 -45.2803 19.5466 9.7874 0.2826 936.4229
99.3400 31.1294 -45.1571 19.5547 9.7405 0.3601 -1123.1991
99.3600 31.2793 -45.0327 19.5634 9.7496 0.0867 935.4441
99.3800 31.4284 -44.9070 19.5716 9.7238 -0.4874 1201.2272
99.4000 31.5778 -44.7824 19.5780 9.7340 0.2503 2397.2217
99.4200 31.7258 -44.6559 19.5847 9.7333 0.4354 2749.3564
99.4400 31.8722 -44.5275 19.5921 9.7055 0.7377 2321.5981
99.4600 32.0165 -44.3976 19.6000 9.6912 0.0271 -1032.5118
99.4800 32.1602 -44.2675 19.6071 9.7250 0.0065 2607.4365
99.5000 32.3041 -44.1366 19.6133 9.7706 -0.0309 3573.6760
99.5200 32.4486 -44.0050 19.6185 9.8026 -0.1709 3410.6333
99.5400 32.5940 -43.8734 19.6220 9.8049 -0.1996 1372.4180
99.5600 32.7402 -43.7424 19.6239 9.8485 -0.1283 3811.1536
99.5800 32.8872 -43.6110 19.6245 9.8747 0.1078 2515.8628
99.6000 33.0333 -43.4779 19.6255 9.8558 0.4100 1205.3591
99.6200 33.1776 -43.3435 19.6273 9.8398 -0.2292 191.2335
99.6400 33.3224 -43.2101 19.6276 9.8586 0.2048 2650.7083
99.6600 33.4660 -43.0750 19.6286 9.8270 0.1726 -1381.7317
99.6800 33.6079 -42.9389 19.6304 9.8250 0.3460 2059.0310
99.7000 33.7484 -42.8015 19.6332 9.7922 0.3952 70.5891
99.7200 33.8868 -42.6630 19.6369 9.7887 -0.4874 2731.5493
99.7400 34.0263 -42.5255 19.6390 9.7740 -0.2640 568.3091
99.7600 34.1665 -42.3893 19.6397 9.8085 0.1491 3364.0093
99.7800 34.3060 -42.2513 19.6411 9.7929 0.1357 -510.4319
99.8000 34.4441 -42.1125 19.6432 9.7649 -0.4492 735.4218
99.8200 34.5830 -41.9752 19.6438 9.7834 0.0655 1599.2220
99.8400 34.7214 -41.8368 19.6448 9.7750 0.1683 280.3134
99.8600 34.8585 -41.6974 19.6466 9.7286 0.4598 -575.4261
99.8800 34.9935 -41.5574 19.6495 9.7295 -0.2850 1856.4664
99.9000 35.1297 -41.4183 19.6510 9.7637 -0.2038 3735.3394
99.9200 35.2672 -41.2797 19.6512 9.7899 -0.0414 2025.6404
99.9400 35.4053 -41.1409 19.6510 9.7543 0.2797 -894.2659
99.9600 35.5416 -41.0012 19.6519 9.7578 -0.1767 1230.4624
99.9800 35.6788 -40.8625 19.6516 9.7964 -0.1553 3638.7500
100.0000 35.8174 -40.7240 19.6503 9.7811 0.7566 3186.6057
