Time x y psi vx steer throttle
----------------------------------------------------------
0.0000 50.0000 0.2000 1.5708 9.9890 -0.1341 -195.0320
0.0200 50.0013 0.3998 1.5699 9.9873 0.0878 199.6789
0.0400 50.0015 0.5995 1.5697 9.9542 -0.3671 -130.0812
0.0600 50.0035 0.7986 1.5683 9.9229 0.3487 -127.4255
0.0800 50.0037 0.9971 1.5682 9.8911 -0.4000 161.9160
0.1000 50.0058 1.1949 1.5668 9.8821 0.1944 461.2280
0.1200 50.0063 1.3925 1.5667 9.8631 -0.2999 485.3373
0.1400 50.0085 1.5898 1.5652 9.8229 -0.4000 -474.1114
0.1600 50.0126 1.7862 1.5626 9.7848 -0.4000 -336.8608
0.1800 50.0184 1.9819 1.5588 9.7838 0.0794 217.5635
0.2000 50.0232 2.1775 1.5560 9.7780 0.0995 -8.5990
0.2200 50.0268 2.3730 1.5541 9.7514 0.3921 500.0000
0.2400 50.0288 2.5681 1.5536 9.7189 0.3682 -80.2572
0.2600 50.0292 2.7625 1.5545 9.6927 -0.2493 -404.0622
0.2800 50.0315 2.9563 1.5542 9.6746 0.2907 489.3376
0.3000 50.0320 3.1498 1.5553 9.6466 0.3829 329.4406
0.3200 50.0309 3.3428 1.5577 9.6160 -0.2847 -500.0000
0.3400 50.0316 3.5351 1.5588 9.5961 0.2707 177.4294
0.3600 50.0305 3.7271 1.5612 9.5655 -0.4000 220.5256
0.3800 50.0312 3.9184 1.5623 9.5666 -0.0690 304.8821
0.4000 50.0328 4.1097 1.5628 9.5608 0.0043 -434.0823
0.4200 50.0343 4.3009 1.5632 9.5422 -0.2971 500.0000
0.4400 50.0375 4.4917 1.5623 9.5132 -0.4000 367.2263
0.4600 50.0423 4.6820 1.5602 9.4920 0.2508 -27.6873
0.4800 50.0455 4.8718 1.5593 9.4843 -0.0966 -252.9373
0.5000 50.0496 5.0614 1.5577 9.4543 -0.3338 -130.1452
0.5200 50.0554 5.2505 1.5550 9.4360 0.2079 -121.5298
0.5400 50.0596 5.4391 1.5534 9.4230 -0.1744 -88.2718
0.5600 50.0653 5.6275 1.5510 9.3947 -0.4000 402.3909
0.5800 50.0728 5.8153 1.5473 9.3626 0.4000 92.6113
0.6000 50.0787 6.0025 1.5451 9.3399 0.3465 500.0000
0.6200 50.0829 6.1892 1.5442 9.3017 0.4000 -318.6342
0.6400 50.0855 6.3752 1.5446 9.2796 -0.2059 -422.3159
0.6600 50.0898 6.5608 1.5441 9.2628 -0.2784 500.0000
0.6800 50.0959 6.7460 1.5423 9.2323 -0.4000 248.1721
0.7000 50.1039 6.9304 1.5395 9.2096 -0.3100 220.1737
0.7200 50.1136 7.1144 1.5355 9.1720 -0.3996 -335.4048
0.7400 50.1252 7.2976 1.5303 9.1461 0.4000 500.0000
0.7600 50.1352 7.4802 1.5266 9.1216 0.2187 -500.0000
0.7800 50.1437 7.6625 1.5243 9.1190 -0.0049 -208.4261
0.8000 50.1523 7.8446 1.5223 9.0980 0.2920 293.0359
0.8200 50.1593 8.0265 1.5217 9.0893 0.0618 -499.3573
0.8400 50.1659 8.2082 1.5217 9.0722 0.2599 323.4397
0.8600 50.1709 8.3896 1.5231 9.0368 -0.4000 -128.6227
0.8800 50.1778 8.5702 1.5234 9.0099 -0.2443 -500.0000
0.9000 50.1864 8.7502 1.5225 8.9755 0.4000 -31.5100
0.9200 50.1933 8.9296 1.5229 8.9740 -0.1216 449.6124
0.9400 50.2016 9.1089 1.5226 8.9450 -0.4000 370.6923
0.9600 50.2116 9.2875 1.5210 8.9257 -0.1823 -500.0000
0.9800 50.2231 9.4656 1.5185 8.9075 0.1715 -392.0209
1.0000 50.2331 9.6435 1.5172 8.8684 0.4000 -387.9211
1.0200 50.2414 9.8207 1.5172 8.8383 -0.4000 290.9662
1.0400 50.2515 9.9972 1.5160 8.8094 0.4000 370.9173
1.0600 50.2600 10.1732 1.5162 8.7745 -0.4000 -69.3985
1.0800 50.2702 10.3484 1.5152 8.7506 0.3592 500.0000
1.1000 50.2786 10.5232 1.5155 8.7427 -0.0412 -500.0000
1.1200 50.2878 10.6978 1.5154 8.7291 0.1904 49.7883
1.1400 50.2954 10.8722 1.5165 8.6949 0.3979 -40.0401
1.1600 50.3014 11.0460 1.5188 8.6692 -0.3546 313.9161
1.1800 50.3090 11.2193 1.5199 8.6651 0.1644 500.0000
1.2000 50.3153 11.3925 1.5219 8.6433 0.2334 -299.1023
1.2200 50.3199 11.5653 1.5250 8.6313 0.2485 500.0000
1.2400 50.3230 11.7380 1.5292 8.6167 0.2148 -72.7195
1.2600 50.3245 11.9104 1.5343 8.5845 -0.3889 -43.5745
1.2800 50.3276 12.0821 1.5380 8.5659 -0.3012 500.0000
1.3000 50.3322 12.2534 1.5403 8.5423 -0.3095 210.0381
1.3200 50.3384 12.4241 1.5411 8.5075 -0.4000 -58.9177
1.3400 50.3462 12.5941 1.5406 8.4758 0.3818 47.8036
1.3600 50.3520 12.7635 1.5412 8.4408 -0.4000 -76.7206
1.3800 50.3595 12.9322 1.5404 8.4411 -0.0521 91.5115
1.4000 50.3672 13.1008 1.5392 8.4105 0.4000 246.3436
1.4200 50.3731 13.2689 1.5392 8.3833 0.4000 500.0000
1.4400 50.3772 13.4366 1.5405 8.3666 -0.1953 -108.3498
1.4600 50.3828 13.6038 1.5406 8.3458 0.3155 465.3519
1.4800 50.3866 13.7707 1.5418 8.3158 0.2807 -500.0000
1.5000 50.3887 13.9370 1.5443 8.2918 -0.3089 163.6897
1.5200 50.3924 14.1028 1.5454 8.2929 0.1111 500.0000
1.5400 50.3950 14.2686 1.5472 8.2571 -0.4000 -147.1246
1.5600 50.3993 14.4337 1.5476 8.2414 0.1990 -37.8182
1.5800 50.4019 14.5985 1.5491 8.2233 0.2515 166.2202
1.6000 50.4029 14.7630 1.5517 8.1844 -0.3841 -500.0000
1.6200 50.4054 14.9267 1.5529 8.1892 0.0635 500.0000
1.6400 50.4072 15.0905 1.5545 8.1576 -0.3923 124.1974
1.6600 50.4107 15.2536 1.5547 8.1587 -0.0742 300.3743
1.6800 50.4149 15.4167 1.5543 8.1386 0.2352 -53.9349
1.7000 50.4173 15.5795 1.5550 8.1064 -0.4000 134.9229
1.7200 50.4214 15.7416 1.5544 8.0677 -0.3774 -500.0000
1.7400 50.4272 15.9028 1.5525 8.0472 0.2018 -329.9669
1.7600 50.4313 16.0637 1.5518 8.0096 0.4000 -272.9960
1.7800 50.4336 16.2239 1.5523 7.9795 -0.4000 284.0492
1.8000 50.4377 16.3835 1.5515 7.9494 0.4000 284.0026
1.8200 50.4400 16.5424 1.5521 7.9300 0.2834 336.9724
1.8400 50.4406 16.7010 1.5538 7.8896 0.4000 -500.0000
1.8600 50.4394 16.8589 1.5568 7.8504 0.4000 -439.3409
1.8800 50.4365 17.0159 1.5609 7.8217 0.3354 -138.2449
1.9000 50.4317 17.1724 1.5663 7.8265 0.0907 279.1888
1.9200 50.4266 17.3290 1.5716 7.7922 0.4000 -146.9688
1.9400 50.4197 17.4848 1.5779 7.7918 0.1669 313.2291
1.9600 50.4117 17.6406 1.5847 7.7670 0.4000 487.2706
1.9800 50.4017 17.7958 1.5925 7.7362 -0.3977 -2.6366
2.0000 50.3932 17.9504 1.5987 7.7217 -0.2383 329.6974
2.0200 50.3861 18.1047 1.6034 7.6835 0.3795 -500.0000
2.0400 50.3769 18.2582 1.6091 7.6685 -0.1473 -331.4331
2.0600 50.3690 18.4113 1.6133 7.6494 -0.1673 -478.0724
2.0800 50.3624 18.5642 1.6160 7.6212 -0.4000 431.8586
2.1000 50.3572 18.7165 1.6172 7.5963 0.3699 500.0000
2.1200 50.3501 18.8683 1.6194 7.5967 -0.0138 48.4327
2.1400 50.3430 19.0200 1.6211 7.5694 0.4000 500.0000
2.1600 50.3340 19.1712 1.6238 7.5726 0.0968 500.0000
2.1800 50.3241 19.3223 1.6269 7.5398 0.3156 -500.0000
2.2000 50.3122 19.4727 1.6310 7.5012 0.4000 -398.9014
2.2200 50.2984 19.6221 1.6361 7.5001 0.1059 -14.4446
2.2400 50.2840 19.7715 1.6413 7.4819 0.2056 -500.0000
2.2600 50.2681 19.9204 1.6472 7.4839 0.1471 429.8969
2.2800 50.2512 20.0692 1.6533 7.4753 0.1597 -289.7556
2.3000 50.2332 20.2178 1.6597 7.4654 -0.1554 83.1967
2.3200 50.2166 20.3662 1.6647 7.4452 0.2877 148.7270
2.3400 50.1980 20.5140 1.6705 7.4194 0.4000 500.0000
2.3600 50.1774 20.6611 1.6773 7.4253 -0.0126 341.9659
2.3800 50.1576 20.8083 1.6830 7.3999 -0.3142 31.0902
2.4000 50.1392 20.9552 1.6871 7.3701 0.3945 243.7665
2.4200 50.1187 21.1012 1.6921 7.3476 0.2410 -438.0353
2.4400 50.0965 21.2465 1.6979 7.3491 0.0845 48.8322
2.4600 50.0739 21.3918 1.7034 7.3169 0.4000 42.5443
2.4800 50.0493 21.5361 1.7099 7.2991 -0.1580 -486.6724
2.5000 50.0261 21.6803 1.7149 7.2880 -0.1756 192.4708
2.5200 50.0041 21.8244 1.7183 7.2853 -0.0722 76.6819
2.5400 49.9829 21.9685 1.7206 7.2683 0.2389 154.2261
2.5600 49.9598 22.1121 1.7239 7.2292 0.4000 -404.3896
2.5800 49.9348 22.2545 1.7281 7.1894 0.4000 -492.2616
2.6000 49.9080 22.3958 1.7333 7.1799 0.2438 500.0000
2.6200 49.8795 22.5367 1.7393 7.1888 0.0215 487.3171
2.6400 49.8513 22.6777 1.7444 7.1521 0.3684 -500.0000
2.6600 49.8213 22.8177 1.7506 7.1342 0.2804 109.2274
2.6800 49.7896 22.9570 1.7575 7.1030 0.4000 16.0815
2.7000 49.7559 23.0952 1.7653 7.0907 0.2339 -153.2361
2.7200 49.7209 23.2328 1.7737 7.0997 -0.0149 500.0000
2.7400 49.6866 23.3707 1.7807 7.0993 0.0989 -180.6565
2.7600 49.6520 23.5085 1.7874 7.0943 0.1108 -407.6794
2.7800 49.6168 23.6461 1.7939 7.0746 -0.2354 -72.7434
2.8000 49.5830 23.7835 1.7988 7.0518 0.2895 -14.4028
2.8200 49.5473 23.9200 1.8045 7.0189 -0.3198 -500.0000
2.8400 49.5131 24.0561 1.8085 6.9957 0.3276 300.8212
2.8600 49.4769 24.1913 1.8135 6.9707 -0.3618 373.3139
2.8800 49.4422 24.3264 1.8169 6.9427 0.4000 431.8524
2.9000 49.4057 24.4604 1.8212 6.9085 0.3508 -393.6423
2.9200 49.3673 24.5932 1.8265 6.9013 -0.1109 5.3386
2.9400 49.3301 24.7261 1.8304 6.8711 0.4000 242.4171
2.9600 49.2911 24.8579 1.8353 6.8785 0.0257 436.4916
2.9800 49.2523 24.9899 1.8395 6.8426 0.4000 -200.6245
3.0000 49.2117 25.1207 1.8447 6.8429 0.1643 500.0000
3.0200 49.1699 25.2511 1.8503 6.8256 0.2778 170.6333
3.0400 49.1265 25.3807 1.8567 6.8287 0.0028 71.8574
3.0600 49.0837 25.5104 1.8621 6.7910 0.3875 -458.7716
3.0800 49.0391 25.6389 1.8685 6.7708 0.3322 350.6725
3.1000 48.9928 25.7663 1.8757 6.7370 0.4000 -216.9713
3.1200 48.9448 25.8925 1.8838 6.7099 0.4000 202.9397
3.1400 48.8949 26.0174 1.8929 6.6831 0.4000 132.6664
3.1600 48.8433 26.1410 1.9027 6.6875 0.1640 -4.7449
3.1800 48.7912 26.2646 1.9122 6.6701 0.3215 74.0320
3.2000 48.7375 26.3871 1.9223 6.6609 0.2828 170.7248
3.2200 48.6823 26.5087 1.9329 6.6702 0.1143 42.5095
3.2400 48.6272 26.6305 1.9425 6.6385 0.4000 -243.9836
3.2600 48.5703 26.7508 1.9528 6.6058 -0.3620 -500.0000
3.2800 48.5148 26.8709 1.9615 6.5707 0.4000 -361.8525
3.3000 48.4575 26.9894 1.9708 6.5687 0.2404 458.6913
3.3200 48.3988 27.1072 1.9804 6.5380 0.3896 -240.2841
3.3400 48.3384 27.2236 1.9907 6.5132 0.4000 195.3552
3.3600 48.2762 27.3385 2.0017 6.4834 0.4000 -286.5382
3.3800 48.2124 27.4518 2.0133 6.4664 -0.1949 -471.7246
3.4000 48.1497 27.5653 2.0232 6.4313 0.4000 -500.0000
3.4200 48.0854 27.6770 2.0337 6.3980 0.4000 -461.7430
3.4400 48.0195 27.7871 2.0449 6.3751 0.4000 218.1437
3.4600 47.9518 27.8957 2.0566 6.3662 0.3194 285.9472
3.4800 47.8826 28.0031 2.0688 6.3690 0.2567 351.4985
3.5000 47.8124 28.1099 2.0808 6.3460 0.4000 72.8179
3.5200 47.7405 28.2151 2.0934 6.3156 -0.3802 -392.2982
3.5400 47.6699 28.3202 2.1041 6.2838 -0.3480 -500.0000
3.5600 47.6006 28.4253 2.1130 6.2603 0.3397 -20.5878
3.5800 47.5297 28.5288 2.1225 6.2491 -0.1931 157.7757
3.6000 47.4599 28.6326 2.1301 6.2506 0.1213 13.0746
3.6200 47.3896 28.7360 2.1374 6.2152 0.4000 -264.2023
3.6400 47.3177 28.8376 2.1453 6.2219 -0.0355 500.0000
3.6600 47.2465 28.9398 2.1518 6.2139 0.1300 -500.0000
3.6800 47.1746 29.0412 2.1581 6.1761 0.4000 -415.6748
3.7000 47.1014 29.1409 2.1652 6.1700 -0.0237 -500.0000
3.7200 47.0289 29.2408 2.1710 6.1508 0.2573 -168.2777
3.7400 46.9551 29.3393 2.1774 6.1119 -0.4000 -500.0000
3.7600 46.8828 29.4380 2.1822 6.1124 0.1559 500.0000
3.7800 46.8095 29.5359 2.1873 6.0862 0.4000 500.0000
3.8000 46.7347 29.6321 2.1933 6.0811 0.1836 98.0803
3.8200 46.6591 29.7275 2.1996 6.0784 0.1271 -238.9766
3.8400 46.5830 29.8225 2.2057 6.0803 0.0019 11.9583
3.8600 46.5075 29.9179 2.2108 6.0780 0.0482 -336.8451
3.8800 46.4321 30.0133 2.2152 6.0638 0.2351 102.7860
3.9000 46.3555 30.1075 2.2203 6.0321 0.3832 -47.8135
3.9200 46.2777 30.1999 2.2264 6.0048 0.4000 321.5879
3.9400 46.1986 30.2906 2.2335 5.9811 0.4000 500.0000
3.9600 46.1183 30.3796 2.2415 5.9493 0.3756 -412.3884
3.9800 46.0368 30.4669 2.2504 5.9534 0.0166 -93.8210
4.0000 45.9562 30.5548 2.2579 5.9282 -0.3451 104.6979
4.0200 45.8769 30.6431 2.2638 5.9294 0.1591 350.7973
4.0400 45.7968 30.7307 2.2699 5.9038 -0.4000 500.0000
4.0600 45.7182 30.8189 2.2744 5.8676 -0.4000 -228.6572
4.0800 45.6411 30.9074 2.2773 5.8377 0.4000 286.3364
4.1000 45.5628 30.9941 2.2812 5.8107 0.4000 471.2543
4.1200 45.4834 31.0790 2.2861 5.8015 0.2130 150.8836
4.1400 45.4030 31.1629 2.2916 5.7758 -0.4000 500.0000
4.1600 45.3241 31.2473 2.2957 5.7720 -0.0597 -59.9686
4.1800 45.2459 31.3323 2.2985 5.7398 0.4000 106.9939
4.2000 45.1667 31.4155 2.3025 5.7260 -0.1728 -22.0558
4.2200 45.0888 31.4995 2.3050 5.7206 -0.0220 -360.1808
4.2400 45.0114 31.5837 2.3068 5.7174 0.0634 -143.4185
4.2600 44.9335 31.6674 2.3087 5.6864 0.3363 -198.7624
4.2800 44.8547 31.7495 2.3118 5.6819 -0.1487 500.0000
4.3000 44.7769 31.8324 2.3135 5.6751 -0.0305 -435.3945
4.3200 44.6997 31.9155 2.3147 5.6684 0.0242 -500.0000
4.3400 44.6224 31.9985 2.3158 5.6660 -0.0469 -55.0476
4.3600 44.5456 32.0818 2.3162 5.6278 0.4000 -320.8825
4.3800 44.4680 32.1633 2.3179 5.6022 -0.2824 -118.7502
4.4000 44.3919 32.2456 2.3182 5.5625 -0.4000 -427.4752
4.4200 44.3176 32.3284 2.3172 5.5531 -0.1237 -249.4466
4.4400 44.2441 32.4117 2.3155 5.5403 0.2023 275.6209
4.4600 44.1696 32.4938 2.3149 5.5310 0.1820 337.5704
4.4800 44.0941 32.5746 2.3155 5.5297 0.0302 -69.7137
4.5000 44.0185 32.6553 2.3162 5.5259 0.0331 -262.4825
4.5200 43.9427 32.7357 2.3170 5.5087 0.2026 -172.7339
4.5400 43.8661 32.8149 2.3189 5.4764 0.3763 -39.6583
4.5600 43.7886 32.8924 2.3220 5.4450 -0.4000 141.8123
4.5800 43.7127 32.9706 2.3238 5.4487 0.0828 429.3444
4.6000 43.6364 33.0484 2.3260 5.4240 0.3199 137.9482
4.6200 43.5591 33.1247 2.3292 5.4237 0.0692 -89.2954
4.6400 43.4818 33.2008 2.3323 5.3837 -0.4000 -500.0000
4.6600 43.4062 33.2775 2.3341 5.3668 -0.1981 -69.9189
4.6800 43.3320 33.3551 2.3346 5.3280 0.4000 -363.8683
4.7000 43.2570 33.4308 2.3363 5.3283 -0.1024 500.0000
4.7200 43.1828 33.5073 2.3370 5.3327 -0.0175 357.6599
4.7400 43.1088 33.5841 2.3373 5.3116 0.1932 -500.0000
4.7600 43.0339 33.6595 2.3387 5.2798 -0.4000 154.9943
4.7800 42.9607 33.7356 2.3388 5.2824 0.0873 500.0000
4.8000 42.8868 33.8111 2.3395 5.2469 -0.4000 -123.9743
4.8200 42.8146 33.8872 2.3389 5.2416 0.0228 -357.7133
4.8400 42.7421 33.9630 2.3387 5.2030 0.4000 -349.7252
4.8600 42.6689 34.0369 2.3397 5.1790 0.2960 61.6083
4.8800 42.5948 34.1093 2.3419 5.1525 0.3946 500.0000
4.9000 42.5197 34.1801 2.3453 5.1391 -0.1611 -68.4148
4.9200 42.4460 34.2518 2.3474 5.1140 0.3526 338.6031
4.9400 42.3714 34.3218 2.3507 5.0915 0.3575 500.0000
4.9600 42.2958 34.3903 2.3552 5.0950 0.1049 161.0022
4.9800 42.2201 34.4587 2.3595 5.0985 0.1511 500.0000
5.0000 42.1438 34.5266 2.3640 5.0955 0.1054 -337.8792
5.0200 42.0675 34.5944 2.3685 5.0593 -0.3724 -424.1978
5.0400 41.9929 34.6628 2.3715 5.0489 0.1410 -382.2694
5.0600 41.9177 34.7303 2.3749 5.0365 0.2583 424.5176
5.0800 41.8416 34.7965 2.3792 5.0122 -0.2792 -100.9562
5.1000 41.7669 34.8634 2.3822 4.9803 0.4000 112.3456
5.1200 41.6914 34.9285 2.3862 4.9456 0.3525 -500.0000
5.1400 41.6151 34.9918 2.3913 4.9352 -0.1937 358.2148
5.1600 41.5401 35.0561 2.3950 4.9094 -0.3205 69.4310
5.1800 41.4665 35.1212 2.3973 4.8790 0.4000 246.3277
5.2000 41.3921 35.1844 2.4007 4.8550 -0.3605 457.0990
5.2200 41.3191 35.2485 2.4027 4.8489 0.0260 -500.0000
5.2400 41.2463 35.3125 2.4044 4.8222 0.3645 311.3899
5.2600 41.1726 35.3749 2.4072 4.8191 0.1207 2.2874
5.2800 41.0985 35.4367 2.4104 4.7871 -0.4000 97.9077
5.3000 41.0260 35.4992 2.4122 4.7827 0.1408 191.7143
5.3200 40.9528 35.5608 2.4146 4.7876 0.0963 500.0000
5.3400 40.8792 35.6221 2.4172 4.7718 0.2495 160.9675
5.3600 40.8047 35.6820 2.4208 4.7658 -0.1205 208.0963
5.3800 40.7313 35.7429 2.4232 4.7562 -0.0849 -331.6849
5.4000 40.6589 35.8045 2.4245 4.7458 0.1188 -370.2049
5.4200 40.5859 35.8652 2.4264 4.7354 0.1470 -232.7789
5.4400 40.5123 35.9250 2.4290 4.6982 0.4000 -278.3899
5.4600 40.4382 35.9828 2.4327 4.6959 0.0489 -340.9211
5.4800 40.3643 36.0410 2.4359 4.6991 0.0751 163.5451
5.5000 40.2904 36.0992 2.4390 4.7005 0.0051 49.8206
5.5200 40.2169 36.1579 2.4413 4.6900 -0.1582 131.2523
5.5400 40.1446 36.2176 2.4424 4.6552 0.4000 -64.7721
5.5600 40.0716 36.2754 2.4447 4.6248 0.4000 235.0858
5.5800 39.9979 36.3315 2.4481 4.6333 0.0605 500.0000
5.6000 39.9242 36.3878 2.4512 4.6055 -0.3375 35.9890
5.6200 39.8520 36.4450 2.4528 4.5757 0.4000 296.5173
5.6400 39.7791 36.5005 2.4557 4.5468 -0.4000 341.9644
5.6600 39.7077 36.5568 2.4572 4.5236 0.2261 -485.2398
5.6800 39.6356 36.6116 2.4597 4.4941 -0.2701 -500.0000
5.7000 39.5651 36.6673 2.4609 4.4920 0.0933 93.2863
5.7200 39.4941 36.7223 2.4625 4.4787 -0.1546 -118.5305
5.7400 39.4242 36.7784 2.4630 4.4521 -0.2990 -86.6190
5.7600 39.3557 36.8354 2.4621 4.4559 0.0619 500.0000
5.7800 39.2866 36.8916 2.4619 4.4286 0.4000 500.0000
5.8000 39.2169 36.9462 2.4630 4.4223 -0.0498 -319.5309
5.8200 39.1477 37.0014 2.4634 4.4152 -0.0221 -500.0000
5.8400 39.0789 37.0567 2.4635 4.3854 -0.2858 -419.6092
5.8600 39.0117 37.1130 2.4624 4.3683 0.2783 500.0000
5.8800 38.9436 37.1678 2.4625 4.3545 0.2365 402.5562
5.9000 38.8747 37.2211 2.4637 4.3141 0.4000 -500.0000
5.9200 38.8053 37.2725 2.4663 4.3036 -0.2066 500.0000
5.9400 38.7372 37.3251 2.4675 4.2979 0.1866 500.0000
5.9600 38.6682 37.3766 2.4697 4.2785 -0.1890 -297.2808
5.9800 38.6006 37.4290 2.4706 4.2380 -0.4000 -500.0000
6.0000 38.5347 37.4823 2.4702 4.2197 -0.2957 500.0000
6.0200 38.4701 37.5366 2.4686 4.2148 -0.0034 -390.3066
6.0400 38.4052 37.5905 2.4673 4.1807 0.4000 -21.2786
6.0600 38.3398 37.6426 2.4674 4.1565 0.2633 -170.2386
6.0800 38.2737 37.6931 2.4687 4.1506 -0.0940 -9.6759
6.1000 38.2085 37.7445 2.4690 4.1511 -0.0574 202.1911
6.1200 38.1438 37.7964 2.4688 4.1276 0.3027 171.8564
6.1400 38.0783 37.8467 2.4699 4.0931 -0.3415 -398.8039
6.1600 38.0145 37.8980 2.4696 4.0861 0.1715 417.9653
6.1800 37.9498 37.9480 2.4705 4.0856 -0.0218 4.6438
6.2000 37.8855 37.9984 2.4709 4.0580 0.3520 176.7468
6.2200 37.8205 38.0471 2.4725 4.0286 -0.3682 135.4756
6.2400 37.7571 38.0967 2.4729 3.9880 0.4000 -500.0000
6.2600 37.6932 38.1445 2.4745 3.9609 0.4000 500.0000
6.2800 37.6286 38.1905 2.4773 3.9229 -0.4000 -345.0670
6.3000 37.5657 38.2374 2.4788 3.9285 0.0285 383.7288
6.3200 37.5027 38.2845 2.4800 3.8980 0.3462 -92.6403
6.3400 37.4392 38.3298 2.4825 3.8857 -0.1228 -236.7142
6.3600 37.3768 38.3761 2.4838 3.8646 0.2070 -500.0000
6.3800 37.3138 38.4210 2.4861 3.8421 -0.3456 500.0000
6.4000 37.2522 38.4670 2.4870 3.8305 0.1922 133.0532
6.4200 37.1899 38.5116 2.4889 3.8013 0.3165 -250.2858
6.4400 37.1270 38.5545 2.4920 3.7857 -0.2175 189.3281
6.4600 37.0654 38.5986 2.4937 3.7696 0.1716 -500.0000
6.4800 37.0033 38.6415 2.4962 3.7573 0.1907 -180.3139
6.5000 36.9407 38.6833 2.4994 3.7438 -0.1002 -476.0199
6.5200 36.8792 38.7261 2.5014 3.7216 0.3164 266.1799
6.5400 36.8171 38.7672 2.5045 3.6857 -0.3681 -390.9723
6.5600 36.7565 38.8093 2.5063 3.6612 -0.3117 151.6155
6.5800 36.6973 38.8524 2.5067 3.6263 -0.4000 -66.0362
6.6000 36.6396 38.8964 2.5059 3.6158 -0.1458 -182.9878
6.6200 36.5828 38.9412 2.5042 3.6088 -0.0699 -500.0000
6.6400 36.5263 38.9861 2.5025 3.5833 -0.3566 326.8604
6.6600 36.4711 39.0321 2.4996 3.5768 0.0820 -74.8644
6.6800 36.4153 39.0768 2.4978 3.5727 0.1202 348.6019
6.7000 36.3586 39.1203 2.4971 3.5503 0.2499 -104.2903
6.7200 36.3013 39.1623 2.4977 3.5266 0.2880 23.9998
6.7400 36.2434 39.2026 2.4995 3.4933 0.4000 29.6116
6.7600 36.1849 39.2411 2.5025 3.4619 -0.4000 140.1238
6.7800 36.1279 39.2805 2.5043 3.4588 0.1469 250.1759
6.8000 36.0705 39.3192 2.5066 3.4625 -0.0151 307.0645
6.8200 36.0135 39.3586 2.5081 3.4304 0.4000 127.8432
6.8400 35.9561 39.3963 2.5108 3.4080 -0.1899 -500.0000
6.8600 35.8999 39.4349 2.5123 3.3796 0.3591 139.8654
6.8800 35.8432 39.4719 2.5149 3.3579 0.3347 362.5372
6.9000 35.7858 39.5071 2.5186 3.3410 -0.2068 -1.4898
6.9200 35.7297 39.5435 2.5210 3.3008 -0.4000 -500.0000
6.9400 35.6751 39.5808 2.5221 3.2742 -0.3415 188.7491
6.9600 35.6221 39.6191 2.5219 3.2400 0.4000 -15.9059
6.9800 35.5685 39.6556 2.5229 3.2061 0.4000 -1.9623
7.0000 35.5145 39.6903 2.5251 3.1835 -0.2678 9.6335
7.0200 35.4618 39.7261 2.5261 3.1652 0.1806 -500.0000
7.0400 35.4087 39.7606 2.5279 3.1535 0.1825 -156.6224
7.0600 35.3551 39.7940 2.5305 3.1504 0.2033 500.0000
7.0800 35.3009 39.8265 2.5337 3.1230 -0.3425 85.9505
7.1000 35.2482 39.8601 2.5356 3.0940 -0.3482 34.6699
7.1200 35.1968 39.8946 2.5363 3.0764 -0.2491 259.9023
7.1400 35.1468 39.9304 2.5356 3.0626 0.1207 -440.3412
7.1600 35.0962 39.9649 2.5359 3.0376 0.3584 415.5633
7.1800 35.0450 39.9977 2.5375 3.0410 0.0542 207.3155
7.2000 34.9938 40.0307 2.5389 3.0329 0.1599 -4.8111
7.2200 34.9422 40.0626 2.5410 3.0119 -0.2730 164.2239
7.2400 34.8919 40.0958 2.5419 2.9740 0.4000 -300.1415
7.2600 34.8412 40.1270 2.5439 2.9434 -0.3427 -118.9819
7.2800 34.7919 40.1593 2.5447 2.9145 0.4000 376.2044
7.3000 34.7422 40.1898 2.5466 2.8839 -0.4000 231.6984
7.3200 34.6939 40.2213 2.5473 2.8510 0.3121 -500.0000
7.3400 34.6452 40.2511 2.5492 2.8191 -0.4000 139.4995
7.3600 34.5979 40.2819 2.5498 2.8199 0.1210 500.0000
7.3800 34.5501 40.3119 2.5511 2.8041 0.1928 -292.7067
7.4000 34.5019 40.3406 2.5532 2.8105 -0.0022 459.4986
7.4200 34.4541 40.3702 2.5546 2.7829 0.2989 -261.1630
7.4400 34.4058 40.3982 2.5571 2.7749 0.1550 -362.3841
7.4600 34.3574 40.4255 2.5599 2.7673 0.2026 -5.1082
7.4800 34.3086 40.4521 2.5632 2.7361 0.4000 33.3614
7.5000 34.2594 40.4769 2.5676 2.7373 0.2258 187.3150
7.5200 34.2100 40.5013 2.5721 2.7328 -0.0886 125.9264
7.5400 34.1616 40.5271 2.5753 2.7377 0.0976 96.8302
7.5600 34.1134 40.5533 2.5779 2.7384 -0.0287 162.5433
7.5800 34.0659 40.5806 2.5796 2.6995 -0.3814 -500.0000
7.6000 34.0200 40.6090 2.5799 2.6679 0.4000 175.0877
7.6200 33.9736 40.6355 2.5815 2.6451 0.3485 458.2579
7.6400 33.9268 40.6604 2.5842 2.6302 -0.1623 -108.9343
7.6600 33.8810 40.6864 2.5857 2.6151 -0.1605 -168.0760
7.6800 33.8364 40.7137 2.5860 2.6115 0.1221 227.9620
7.7000 33.7912 40.7400 2.5870 2.6159 -0.0468 500.0000
7.7200 33.7465 40.7672 2.5873 2.6117 -0.1374 379.0211
7.7400 33.7026 40.7955 2.5866 2.5989 -0.1576 -263.5547
7.7600 33.6596 40.8247 2.5851 2.5585 -0.4000 -500.0000
7.7800 33.6181 40.8550 2.5824 2.5536 0.1287 407.6612
7.8000 33.5759 40.8838 2.5809 2.5239 -0.4000 301.2277
7.8200 33.5352 40.9138 2.5782 2.5240 -0.0708 -227.1834
7.8400 33.4941 40.9433 2.5762 2.4842 -0.4000 -500.0000
7.8600 33.4546 40.9738 2.5729 2.4855 -0.2180 500.0000
7.8800 33.4154 41.0048 2.5693 2.4633 0.3485 500.0000
7.9000 33.3758 41.0342 2.5670 2.4290 0.3835 -157.6365
7.9200 33.3358 41.0618 2.5660 2.4013 -0.3185 -92.0022
7.9400 33.2972 41.0906 2.5638 2.3941 0.0633 -217.0279
7.9600 33.2579 41.1180 2.5627 2.3603 0.4000 6.8925
7.9800 33.2183 41.1437 2.5629 2.3632 -0.0794 500.0000
8.0000 33.1791 41.1701 2.5624 2.3589 -0.1706 500.0000
8.0200 33.1407 41.1976 2.5610 2.3412 0.2702 405.7473
8.0400 33.1017 41.2235 2.5609 2.3021 -0.4000 -385.1617
8.0600 33.0643 41.2504 2.5595 2.2876 0.1503 -179.7988
8.0800 33.0262 41.2758 2.5593 2.2739 -0.2183 243.0817
8.1000 32.9892 41.3023 2.5580 2.2714 -0.0734 -204.3893
8.1200 32.9523 41.3289 2.5567 2.2649 0.0276 -388.2013
8.1400 32.9150 41.3545 2.5562 2.2275 0.4000 -260.2304
8.1600 32.8773 41.3783 2.5570 2.1919 0.3428 -500.0000
8.1800 32.8392 41.4002 2.5589 2.1573 -0.4000 -70.2417
8.2000 32.8026 41.4231 2.5596 2.1243 -0.3099 -480.4319
8.2200 32.7676 41.4471 2.5590 2.1205 0.1347 434.3762
8.2400 32.7318 41.4699 2.5594 2.1099 -0.1290 -131.6954
8.2600 32.6970 41.4938 2.5589 2.0865 0.2049 -500.0000
8.2800 32.6616 41.5160 2.5596 2.0919 0.0329 384.2969
8.3000 32.6262 41.5383 2.5601 2.0523 0.4000 -423.5993
8.3200 32.5905 41.5587 2.5619 2.0412 0.2569 392.4775
8.3400 32.5543 41.5779 2.5646 2.0127 -0.3141 -157.3807
8.3600 32.5195 41.5981 2.5660 2.0084 -0.0869 144.2023
8.3800 32.4855 41.6196 2.5663 1.9960 -0.2301 500.0000
8.4000 32.4526 41.6423 2.5654 1.9881 -0.1433 -99.6829
8.4200 32.4204 41.6657 2.5639 1.9655 -0.2581 -379.6798
8.4400 32.3894 41.6901 2.5615 1.9533 0.1062 -272.1419
8.4600 32.3577 41.7130 2.5603 1.9315 0.2040 -341.9689
8.4800 32.3254 41.7342 2.5603 1.8930 -0.4000 -342.6592
8.5000 32.2947 41.7564 2.5591 1.8538 -0.4000 -411.6833
8.5200 32.2657 41.7797 2.5567 1.8562 0.0086 190.7101
8.5400 32.2358 41.8018 2.5554 1.8460 0.1289 8.8139
8.5600 32.2052 41.8225 2.5552 1.8128 -0.4000 53.7036
8.5800 32.1761 41.8443 2.5538 1.7828 -0.3226 -348.4084
8.6000 32.1484 41.8670 2.5512 1.7528 0.2770 -500.0000
8.6200 32.1204 41.8881 2.5500 1.7230 0.3371 -81.4016
8.6400 32.0918 41.9074 2.5500 1.6951 0.3113 -100.1497
8.6600 32.0627 41.9248 2.5513 1.6784 -0.2124 112.4516
8.6800 32.0348 41.9435 2.5512 1.6418 -0.4000 -201.8083
8.7000 32.0085 41.9633 2.5500 1.6125 -0.3554 -17.3864
8.7200 31.9837 41.9841 2.5475 1.6076 0.0943 205.4654
8.7400 31.9580 42.0036 2.5464 1.5877 -0.2762 11.5618
8.7600 31.9335 42.0240 2.5442 1.5930 -0.1896 448.1724
8.7800 31.9090 42.0446 2.5419 1.5572 0.4000 -166.7149
8.8000 31.8841 42.0634 2.5410 1.5519 -0.0826 -408.7639
8.8200 31.8593 42.0821 2.5400 1.5468 0.0780 22.0674
8.8400 31.8338 42.0997 2.5401 1.5291 0.2303 61.9053
8.8600 31.8077 42.1156 2.5413 1.4973 0.4000 128.2079
8.8800 31.7810 42.1297 2.5437 1.4996 -0.0564 500.0000
8.9000 31.7553 42.1452 2.5448 1.4599 0.4000 -462.3402
8.9200 31.7292 42.1588 2.5471 1.4341 0.4000 239.3257
8.9400 31.7027 42.1708 2.5505 1.4064 -0.4000 411.3945
8.9600 31.6776 42.1838 2.5526 1.3920 0.3182 264.8369
8.9800 31.6521 42.1958 2.5555 1.3745 0.3329 -500.0000
9.0000 31.6265 42.2069 2.5589 1.3375 -0.4000 -290.0231
9.0200 31.6024 42.2190 2.5609 1.3049 0.4000 -247.1591
9.0400 31.5781 42.2295 2.5641 1.2783 -0.4000 500.0000
9.0600 31.5551 42.2410 2.5659 1.2507 0.4000 185.6924
9.0800 31.5318 42.2510 2.5690 1.2457 -0.0612 -16.9152
9.1000 31.5094 42.2623 2.5706 1.2113 0.3760 -500.0000
9.1200 31.4869 42.2720 2.5734 1.1989 -0.0723 -500.0000
9.1400 31.4654 42.2830 2.5749 1.1836 -0.2056 172.8357
9.1600 31.4452 42.2953 2.5752 1.1452 0.4000 -330.6174
9.1800 31.4247 42.3058 2.5767 1.1500 0.0072 305.4414
9.2000 31.4048 42.3174 2.5772 1.1482 0.1617 500.0000
9.2200 31.3845 42.3282 2.5784 1.1173 0.4000 125.3583
9.2400 31.3637 42.3372 2.5809 1.0905 -0.3131 -27.3085
9.2600 31.3443 42.3472 2.5820 1.0619 -0.3509 102.2783
9.2800 31.3263 42.3586 2.5819 1.0219 0.4000 -457.0119
9.3000 31.3081 42.3681 2.5831 1.0218 0.1351 -111.1603
9.3200 31.2900 42.3776 2.5840 1.0121 0.1622 -500.0000
9.3400 31.2719 42.3867 2.5853 1.0167 0.1734 396.3984
9.3600 31.2535 42.3958 2.5866 0.9762 -0.4000 -500.0000
9.3800 31.2368 42.4059 2.5867 0.9515 0.3581 435.1491
9.4000 31.2197 42.4143 2.5881 0.9243 -0.4000 500.0000
9.4200 31.2038 42.4239 2.5881 0.9224 -0.1047 306.4836
9.4400 31.1887 42.4345 2.5874 0.9262 0.0448 500.0000
9.4600 31.1728 42.4440 2.5876 0.9321 -0.0186 483.7898
9.4800 31.1571 42.4540 2.5874 0.9345 0.0096 196.7999
9.5000 31.1411 42.4637 2.5876 0.9080 -0.3718 390.5878
9.5200 31.1265 42.4746 2.5864 0.8830 -0.3582 142.2133
9.5400 31.1132 42.4866 2.5843 0.8905 -0.1654 -288.9215
9.5600 31.0990 42.4976 2.5831 0.8607 0.4000 302.3441
9.5800 31.0844 42.5067 2.5831 0.8354 0.3128 103.4201
9.6000 31.0693 42.5140 2.5844 0.8132 -0.3108 326.7813
9.6200 31.0555 42.5226 2.5843 0.7925 0.2899 289.6393
9.6400 31.0411 42.5296 2.5856 0.7749 -0.2205 103.4333
9.6600 31.0279 42.5376 2.5854 0.7414 -0.4000 37.8427
9.6800 31.0163 42.5471 2.5843 0.7462 -0.0240 208.0176
9.7000 31.0038 42.5552 2.5841 0.7215 -0.3365 291.0476
9.7200 30.9926 42.5645 2.5827 0.6810 0.4000 -500.0000
9.7400 30.9812 42.5720 2.5826 0.6424 -0.4000 -351.4174
9.7600 30.9713 42.5804 2.5811 0.6093 0.4000 58.0300
9.7800 30.9612 42.5873 2.5812 0.5985 -0.1478 -174.6099
9.8000 30.9517 42.5945 2.5800 0.5842 0.1651 -4.1969
9.8200 30.9418 42.6008 2.5806 0.5452 0.4000 -384.8669
9.8400 30.9312 42.6044 2.5818 0.5351 -0.1541 241.2952
9.8600 30.9221 42.6101 2.5824 0.5058 -0.3415 -7.3622
9.8800 30.9140 42.6162 2.5810 0.4803 -0.3579 -500.0000
9.9000 30.9075 42.6239 2.5797 0.4487 0.4000 162.9147
9.9200 30.9000 42.6288 2.5788 0.4212 -0.3192 -363.7495
9.9400 30.8943 42.6356 2.5778 0.4275 -0.0874 -105.0672
9.9600 30.8870 42.6400 2.5770 0.4223 0.0337 -242.2013
9.9800 30.8798 42.6444 2.5782 0.4266 0.1041 -8.9296
10.0000 30.8722 42.6485 2.5776 0.4282 -0.0909 403.3357
10.0200 30.8658 42.6543 2.5775 0.3973 0.3503 -73.7595
10.0400 30.8583 42.6573 2.5776 0.3999 -0.0488 500.0000
10.0600 30.8523 42.6628 2.5776 0.3893 -0.2543 21.4294
10.0800 30.8463 42.6678 2.5759 0.3858 -0.4000 70.5825
10.1000 30.8411 42.6741 2.5751 0.3891 -0.4000 -112.1083
10.1200 30.8351 42.6791 2.5734 0.3855 -0.3804 -225.5357
10.1400 30.8299 42.6853 2.5729 0.3883 0.0448 500.0000
10.1600 30.8230 42.6889 2.5724 0.3692 -0.3014 500.0000
10.1800 30.8180 42.6948 2.5718 0.3303 0.3804 -500.0000
10.2000 30.8120 42.6978 2.5713 0.3258 -0.0073 -327.7367
10.2200 30.8071 42.7021 2.5717 0.2951 -0.4000 244.1388
10.2400 30.8028 42.7064 2.5697 0.2698 0.2662 -182.7003
10.2600 30.7988 42.7101 2.5702 0.2634 -0.0774 -454.2641
10.2800 30.7942 42.7127 2.5694 0.2334 0.4000 297.1330
10.3000 30.7899 42.7146 2.5710 0.1956 -0.4000 -286.2611
10.3200 30.7864 42.7164 2.5702 0.1669 -0.4000 216.1761
10.3400 30.7850 42.7205 2.5694 0.1691 -0.0447 -138.8351
10.3600 30.7820 42.7220 2.5687 0.1626 0.0634 -122.7794
10.3800 30.7789 42.7232 2.5703 0.1526 -0.1790 412.2274
10.4000 30.7762 42.7247 2.5694 0.1313 -0.4000 197.3636
10.4200 30.7753 42.7281 2.5688 0.0966 0.4000 -61.5902
10.4400 30.7732 42.7285 2.5683 0.0710 0.3142 24.6349
10.4600 30.7715 42.7284 2.5702 0.1090 0.4000 293.8475
10.4800 30.7693 42.7290 2.5696 0.0728 -0.3457 -500.0000
10.5000 30.7694 42.7318 2.5690 0.0576 0.2409 410.5126
10.5200 30.7680 42.7318 2.5685 0.0372 -0.2737 192.3831
10.5400 30.7687 42.7343 2.5679 0.0501 -0.1683 -129.6008
10.5600 30.7675 42.7342 2.5673 0.0229 -0.4000 500.0000
10.5800 30.7684 42.7364 2.5668 0.0150 0.0591 -210.9153
10.6000 30.7677 42.7360 2.5662 -0.0253 -0.4000 -471.2046
10.6200 30.7694 42.7377 2.5657 -0.0563 -0.3028 -379.4019
10.6400 30.7734 42.7417 2.5651 -0.0372 0.1434 483.0750
10.6600 30.7787 42.7486 2.5646 -0.0251 0.0709 430.6464
10.6800 30.7856 42.7582 2.5640 -0.0365 -0.1160 -126.6456
10.7000 30.7944 42.7703 2.5635 -0.0077 0.2718 372.7838
10.7200 30.8044 42.7854 2.5629 0.0250 0.3620 102.0463
10.7400 30.8156 42.8034 2.5624 -0.0058 0.4000 194.9171
10.7600 30.8255 42.8185 2.5618 0.0318 0.4000 234.2500
10.7800 30.8366 42.8366 2.5613 0.0658 -0.4000 -44.6340
10.8000 30.8454 42.8524 2.5607 0.1031 -0.3535 500.0000
10.8200 30.8519 42.8660 2.5602 0.1198 -0.1886 -3.0648
10.8400 30.8564 42.8772 2.5596 0.1208 -0.0188 -71.2142
10.8600 30.8591 42.8858 2.5590 0.1049 0.1330 -346.8210
10.8800 30.8604 42.8915 2.5585 0.1428 -0.4000 283.9295
10.9000 30.8594 42.8951 2.5579 0.1501 -0.1609 -500.0000
10.9200 30.8564 42.8961 2.5574 0.1229 -0.4000 500.0000
10.9400 30.8557 42.8995 2.5568 0.0980 0.2107 -500.0000
10.9600 30.8536 42.8999 2.5563 0.0905 -0.0859 -160.6728
10.9800 30.8532 42.9025 2.5561 0.0728 0.1580 -296.8782
11.0000 30.8513 42.9022 2.5559 0.0973 0.4000 -431.8024
11.0200 30.8506 42.9047 2.5558 0.0680 0.4000 350.6483
11.0400 30.8487 42.9043 2.5557 0.0989 0.3725 -60.6848
11.0600 30.8480 42.9068 2.5557 0.1125 -0.1856 -190.4696
11.0800 30.8453 42.9069 2.5556 0.0832 -0.4000 350.8384
11.1000 30.8448 42.9092 2.5555 0.0522 0.4000 215.6969
11.1200 30.8432 42.9086 2.5555 0.0450 -0.1044 142.0621
11.1400 30.8434 42.9105 2.5554 0.0722 -0.4000 -500.0000
11.1600 30.8414 42.9101 2.5553 0.0791 0.0764 13.6924
11.1800 30.8410 42.9124 2.5553 0.0761 0.0439 63.2070
11.2000 30.8389 42.9120 2.5552 0.0657 -0.0669 -341.5811
11.2200 30.8388 42.9142 2.5551 0.0931 -0.2479 453.1531
11.2400 30.8364 42.9140 2.5551 0.1216 0.3844 -199.4883
11.2600 30.8353 42.9167 2.5551 0.0837 0.4000 -295.8477
11.2800 30.8331 42.9164 2.5551 0.0929 0.1830 -500.0000
11.3000 30.8324 42.9187 2.5551 0.0541 0.3767 -500.0000
11.3200 30.8307 42.9181 2.5550 0.0814 0.4000 -500.0000
11.3400 30.8302 42.9203 2.5550 0.0768 0.0301 -147.2022
11.3600 30.8281 42.9199 2.5550 0.0550 -0.1836 -441.3076
11.3800 30.8281 42.9219 2.5550 0.0822 -0.3221 -30.6800
11.4000 30.8259 42.9215 2.5550 0.1118 0.3554 -53.9569
11.4200 30.8249 42.9241 2.5550 0.1408 -0.4000 -199.3301
11.4400 30.8218 42.9245 2.5549 0.1144 -0.3548 288.1682
11.4600 30.8208 42.9272 2.5548 0.1010 0.2212 429.3579
11.4800 30.8184 42.9271 2.5547 0.1112 0.1444 -176.2053
11.5000 30.8175 42.9298 2.5546 0.1104 0.0328 154.8859
11.5200 30.8149 42.9299 2.5546 0.1276 0.4000 -500.0000
11.5400 30.8134 42.9323 2.5548 0.0931 0.3704 -218.6435
11.5600 30.8108 42.9317 2.5551 0.0550 -0.4000 -311.9942
11.5800 30.8106 42.9333 2.5554 0.0398 0.2413 422.8047
11.6000 30.8088 42.9322 2.5557 0.0768 0.3552 500.0000
11.6200 30.8082 42.9341 2.5559 0.0750 0.0274 44.3060
11.6400 30.8059 42.9333 2.5562 0.0851 0.1604 -283.2145
11.6600 30.8052 42.9352 2.5565 0.1047 -0.4000 233.1097
11.6800 30.8029 42.9355 2.5561 0.0669 -0.4000 -285.6168
11.7000 30.8029 42.9380 2.5558 0.0822 -0.2541 -500.0000
11.7200 30.8010 42.9381 2.5554 0.0987 0.2249 299.4162
11.7400 30.8002 42.9404 2.5555 0.0581 0.4000 -500.0000
11.7600 30.7983 42.9397 2.5556 0.0344 -0.2392 -233.7855
11.7800 30.7986 42.9413 2.5556 0.0559 -0.3295 -500.0000
11.8000 30.7967 42.9406 2.5557 0.0690 0.0738 500.0000
11.8200 30.7964 42.9426 2.5558 0.0462 0.1855 -500.0000
11.8400 30.7947 42.9418 2.5559 0.0562 0.0791 226.6463
11.8600 30.7946 42.9436 2.5559 0.0575 -0.0220 -40.5198
11.8800 30.7928 42.9429 2.5560 0.0367 -0.2779 232.1575
11.9000 30.7930 42.9446 2.5561 0.0292 0.1632 500.0000
11.9200 30.7916 42.9435 2.5562 0.0569 0.2718 319.5524
11.9400 30.7915 42.9454 2.5562 0.0304 0.2290 -500.0000
11.9600 30.7901 42.9444 2.5563 0.0614 0.3845 -134.0626
11.9800 30.7899 42.9463 2.5564 0.1012 -0.4000 444.5978
12.0000 30.7873 42.9461 2.5565 0.0715 -0.4000 314.2433
12.0200 30.7869 42.9482 2.5565 0.0807 -0.0692 242.7962
12.0400 30.7847 42.9477 2.5566 0.0450 -0.3399 -500.0000
12.0600 30.7848 42.9494 2.5567 0.0522 -0.0064 500.0000
12.0800 30.7830 42.9487 2.5568 0.0350 -0.2229 150.7462
12.1000 30.7833 42.9503 2.5568 0.0115 0.2587 -84.7360
12.1200 30.7822 42.9491 2.5569 0.0466 0.4000 85.4788
12.1400 30.7822 42.9509 2.5570 0.0359 0.1507 173.3546
12.1600 30.7807 42.9499 2.5571 0.0421 0.0256 303.4899
12.1800 30.7809 42.9516 2.5571 0.0395 0.0529 146.9448
12.2000 30.7793 42.9507 2.5572 0.0077 -0.3899 99.6179
12.2200 30.7800 42.9521 2.5573 -0.0197 0.4000 492.0009
12.2400 30.7795 42.9505 2.5574 0.0087 -0.4000 -415.2162
12.2600 30.7767 42.9466 2.5574 -0.0257 -0.4000 -31.9778
12.2800 30.7762 42.9450 2.5575 -0.0370 0.0583 -471.1143
12.3000 30.7742 42.9406 2.5576 -0.0304 0.0004 500.0000
12.3200 30.7704 42.9337 2.5577 -0.0070 -0.2651 38.3186
12.3400 30.7644 42.9244 2.5578 0.0032 -0.1486 -204.8890
12.3600 30.7565 42.9126 2.5578 0.0431 0.4000 439.4004
12.3800 30.7497 42.9039 2.5579 0.0737 0.3935 -217.2770
12.4000 30.7441 42.8981 2.5580 0.0586 -0.1801 35.8860
12.4200 30.7405 42.8948 2.5581 0.0477 -0.1227 -18.6140
12.4400 30.7389 42.8939 2.5581 0.0122 -0.4000 -109.0101
12.4600 30.7395 42.8953 2.5582 -0.0093 0.2196 -191.9916
12.4800 30.7388 42.8939 2.5583 -0.0208 0.1183 -89.8626
12.5000 30.7365 42.8897 2.5584 -0.0469 0.3117 44.0383
12.5200 30.7329 42.8826 2.5585 -0.0765 0.3314 -94.2141
12.5400 30.7281 42.8725 2.5585 -0.1003 0.2486 -175.6931
12.5600 30.7220 42.8596 2.5586 -0.0667 -0.4000 -32.1891
12.5800 30.7136 42.8444 2.5587 -0.0722 0.0695 36.8818
12.6000 30.7035 42.8265 2.5588 -0.0785 -0.0037 -500.0000
12.6200 30.6918 42.8060 2.5588 -0.0810 0.0316 7.5541
12.6400 30.6785 42.7828 2.5589 -0.0663 -0.0919 500.0000
12.6600 30.6632 42.7571 2.5590 -0.0782 0.1212 -113.3805
12.6800 30.6463 42.7287 2.5591 -0.0654 -0.1931 -307.1873
12.7000 30.6275 42.6978 2.5592 -0.0277 -0.3800 391.3413
12.7200 30.6064 42.6647 2.5592 -0.0285 -0.0382 -316.6908
12.7400 30.5835 42.6289 2.5593 -0.0235 0.0216 500.0000
12.7600 30.5589 42.5906 2.5594 -0.0027 -0.2114 172.5474
12.7800 30.5321 42.5499 2.5595 -0.0014 0.0042 112.3356
12.8000 30.5037 42.5066 2.5596 -0.0232 0.2255 -188.5033
12.8200 30.4738 42.4604 2.5596 -0.0457 0.3432 500.0000
12.8400 30.4426 42.4114 2.5597 -0.0743 0.3514 83.7310
12.8600 30.4102 42.3594 2.5598 -0.0586 -0.1011 500.0000
12.8800 30.3758 42.3050 2.5599 -0.0474 -0.2041 -500.0000
12.9000 30.3395 42.2480 2.5600 -0.0671 0.2062 -165.4798
12.9200 30.3018 42.1882 2.5600 -0.0808 0.2039 275.4152
12.9400 30.2626 42.1257 2.5601 -0.0832 -0.0454 -500.0000
12.9600 30.2218 42.0605 2.5602 -0.0447 -0.4000 322.6265
12.9800 30.1785 41.9931 2.5603 -0.0118 -0.3302 322.0686
13.0000 30.1330 41.9234 2.5604 -0.0395 0.4000 438.2892
13.0200 30.0863 41.8508 2.5604 -0.0396 0.0667 407.0363
13.0400 30.0378 41.7756 2.5605 -0.0369 -0.1024 -500.0000
13.0600 29.9876 41.6978 2.5606 -0.0599 0.3010 189.1940
13.0800 29.9361 41.6170 2.5607 -0.0852 0.2740 -159.9757
13.1000 29.8832 41.5334 2.5608 -0.0902 0.1392 500.0000
13.1200 29.8287 41.4471 2.5609 -0.0799 -0.1911 -500.0000
13.1400 29.7724 41.3583 2.5610 -0.1124 0.4000 78.3002
13.1600 29.7148 41.2665 2.5610 -0.1418 0.4000 304.5042
13.1800 29.6561 41.1718 2.5611 -0.1636 0.2001 -370.8510
13.2000 29.5960 41.0742 2.5612 -0.1397 -0.3522 -500.0000
13.2200 29.5337 40.9742 2.5613 -0.1473 0.1223 192.0315
13.2400 29.4699 40.8715 2.5614 -0.1771 0.4000 266.9679
13.2600 29.4049 40.7659 2.5615 -0.2106 0.4000 -1.8603
13.2800 29.3388 40.6572 2.5616 -0.2447 0.3265 -500.0000
13.3000 29.2715 40.5456 2.5616 -0.2290 -0.1765 -17.4015
13.3200 29.2022 40.4314 2.5617 -0.2073 -0.2167 176.4348
13.3400 29.1308 40.3149 2.5618 -0.2405 0.3801 -108.8754
13.3600 29.0583 40.1954 2.5619 -0.1993 -0.4000 500.0000
13.3800 28.9834 40.0738 2.5620 -0.1820 -0.2187 -165.6882
13.4000 28.9065 39.9496 2.5621 -0.1408 -0.4000 500.0000
13.4200 28.8272 39.8233 2.5622 -0.1521 0.1124 -161.9250
13.4400 28.7464 39.6943 2.5623 -0.1191 -0.3175 380.8288
13.4600 28.6633 39.5629 2.5623 -0.1320 0.2026 296.3730
13.4800 28.5787 39.4288 2.5624 -0.1040 -0.4000 -500.0000
13.5000 28.4920 39.2924 2.5625 -0.0760 -0.4000 -500.0000
13.5200 28.4031 39.1536 2.5626 -0.0546 -0.1681 462.1304
13.5400 28.3121 39.0125 2.5627 -0.0429 -0.1937 -440.5222
13.5600 28.2192 38.8688 2.5628 -0.0144 -0.3827 -358.5297
13.5800 28.1242 38.7228 2.5629 0.0270 -0.4000 500.0000
13.6000 28.0267 38.5746 2.5630 -0.0046 -0.4000 117.0292
13.6200 27.9315 38.4287 2.5631 0.0269 -0.4000 -245.2295
13.6400 27.8341 38.2805 2.5632 0.0399 0.0825 369.9636
13.6600 27.7382 38.1351 2.5632 0.0756 0.4000 76.5215
13.6800 27.6434 37.9927 2.5633 0.0433 -0.4000 65.7264
13.7000 27.5509 37.8525 2.5634 0.0286 -0.1956 111.6739
13.7200 27.4604 37.7148 2.5635 0.0506 0.2990 -335.8414
13.7400 27.3712 37.5800 2.5636 0.0593 0.1104 -121.7478
13.7600 27.2836 37.4479 2.5637 0.0796 0.2441 -109.2807
13.7800 27.1974 37.3186 2.5638 0.0535 -0.3112 -12.3311
13.8000 27.1134 37.1917 2.5639 0.0528 -0.0927 500.0000
13.8200 27.0311 37.0673 2.5640 0.0732 0.2084 129.4606
13.8400 26.9501 36.9459 2.5641 0.0922 0.2692 -363.8076
13.8600 26.8706 36.8272 2.5642 0.1272 0.3242 500.0000
13.8800 26.7922 36.7116 2.5642 0.1017 -0.3521 290.8718
13.9000 26.7160 36.5983 2.5643 0.1397 0.4000 259.6319
13.9200 26.6409 36.4880 2.5644 0.1575 0.1843 91.9703
13.9400 26.5671 36.3806 2.5645 0.1541 -0.0814 235.7342
13.9600 26.4952 36.2757 2.5646 0.1291 -0.2929 -31.1716
13.9800 26.4254 36.1732 2.5647 0.1468 0.2029 -35.0890
14.0000 26.3570 36.0735 2.5648 0.1479 0.0210 -94.1592
14.0200 26.2903 35.9765 2.5649 0.1108 -0.4000 -276.6268
14.0400 26.2260 35.8816 2.5650 0.1423 0.4000 -216.4098
14.0600 26.1629 35.7898 2.5650 0.1585 0.1037 500.0000
14.0800 26.1012 35.7007 2.5651 0.1367 -0.1800 -500.0000
14.1000 26.0416 35.6140 2.5652 0.1178 -0.1801 -281.8429
14.1200 25.9840 35.5298 2.5653 0.1543 0.4000 158.3144
14.1400 25.9275 35.4485 2.5654 0.1318 -0.3160 311.6376
14.1600 25.8731 35.3697 2.5655 0.1595 0.4000 -500.0000
14.1800 25.8200 35.2938 2.5656 0.1259 -0.4000 -7.8119
14.2000 25.7692 35.2201 2.5657 0.1306 -0.0210 464.7386
14.2200 25.7200 35.1491 2.5657 0.1122 -0.2449 174.6671
14.2400 25.6728 35.0806 2.5658 0.1140 -0.0178 230.5809
14.2600 25.6273 35.0147 2.5659 0.1403 0.3835 -500.0000
14.2800 25.5830 34.9517 2.5660 0.1063 -0.3958 -55.1685
14.3000 25.5411 34.8909 2.5661 0.1100 0.1159 -500.0000
14.3200 25.5008 34.8329 2.5662 0.0697 -0.4000 -500.0000
14.3400 25.4629 34.7770 2.5663 0.0974 0.4000 -492.1663
14.3600 25.4263 34.7241 2.5663 0.0748 -0.1895 -479.9318
14.3800 25.3917 34.6735 2.5664 0.0912 0.1081 500.0000
14.4000 25.3585 34.6257 2.5665 0.1131 0.2261 159.3878
14.4200 25.3268 34.5809 2.5666 0.1231 0.0960 105.1722
14.4400 25.2965 34.5387 2.5667 0.1590 0.4000 129.0936
14.4600 25.2674 34.4996 2.5668 0.1698 0.1821 -384.0571
14.4800 25.2398 34.4632 2.5668 0.1580 -0.1305 -52.4119
14.5000 25.2141 34.4294 2.5669 0.1516 -0.1043 189.5659
14.5200 25.1902 34.3980 2.5670 0.1143 -0.4000 -262.6151
14.5400 25.1686 34.3690 2.5671 0.0812 -0.4000 53.6666
14.5600 25.1493 34.3422 2.5672 0.1167 0.4000 104.0849
14.5800 25.1312 34.3184 2.5672 0.0762 -0.4000 -500.0000
14.6000 25.1154 34.2968 2.5673 0.0396 -0.4000 -207.8515
14.6200 25.1019 34.2774 2.5674 0.0422 -0.0476 500.0000
14.6400 25.0901 34.2607 2.5675 0.0590 0.2714 -500.0000
14.6600 25.0797 34.2468 2.5676 0.0997 0.4000 500.0000
14.6800 25.0704 34.2360 2.5677 0.0776 -0.2513 -33.3846
14.7000 25.0631 34.2276 2.5677 0.0502 -0.4000 485.4809
14.7200 25.0580 34.2215 2.5678 0.0146 -0.3613 -362.4395
14.7400 25.0551 34.2177 2.5679 0.0196 0.0995 -269.0149
14.7600 25.0539 34.2166 2.5680 -0.0180 -0.4000 -280.7297
14.7800 25.0551 34.2177 2.5680 -0.0318 -0.1668 50.6742
14.8000 25.0581 34.2213 2.5681 -0.0217 0.1946 -500.0000
14.8200 25.0627 34.2276 2.5682 -0.0400 -0.1547 -366.4206
14.8400 25.0693 34.2363 2.5683 -0.0798 -0.4000 -437.2166
14.8600 25.0783 34.2473 2.5684 -0.0531 0.2596 329.8522
14.8800 25.0886 34.2612 2.5684 -0.0780 -0.2332 -347.3337
14.9000 25.1009 34.2775 2.5685 -0.0453 0.3039 500.0000
14.9200 25.1144 34.2967 2.5686 -0.0727 -0.4000 500.0000
14.9400 25.1301 34.3183 2.5687 -0.0911 -0.1537 -376.6744
14.9600 25.1477 34.3423 2.5687 -0.1170 -0.3099 62.5251
14.9800 25.1675 34.3687 2.5688 -0.1079 0.0660 258.0989
15.0000 25.1889 34.3978 2.5689 -0.1401 -0.3365 -240.8455
15.0200 25.2125 34.4292 2.5690 -0.1350 0.0438 101.1156
15.0400 25.2377 34.4633 2.5691 -0.1594 -0.2023 -500.0000
15.0600 25.2650 34.4998 2.5691 -0.1484 0.1344 -39.9415
15.0800 25.2938 34.5391 2.5692 -0.1691 -0.1959 -269.2213
15.1000 25.3247 34.5807 2.5693 -0.1653 0.0894 -279.7178
15.1200 25.3572 34.6251 2.5694 -0.1441 0.3010 -334.9374
15.1400 25.3910 34.6723 2.5694 -0.1562 -0.0886 -308.8953
15.1600 25.4267 34.7220 2.5695 -0.1533 0.0487 -88.1600
15.1800 25.4641 34.7744 2.5696 -0.1263 0.4000 -500.0000
15.2000 25.5027 34.8297 2.5696 -0.1153 0.1927 -406.6881
15.2200 25.5429 34.8878 2.5697 -0.1161 -0.0141 48.5133
15.2400 25.5847 34.9485 2.5698 -0.1259 -0.1443 227.8684
15.2600 25.6284 35.0117 2.5699 -0.1028 0.3388 -421.0540
15.2800 25.6734 35.0779 2.5699 -0.1374 -0.4000 -27.1284
15.3000 25.7207 35.1463 2.5700 -0.0971 0.4000 500.0000
15.3200 25.7690 35.2178 2.5701 -0.1380 -0.4000 -495.4836
15.3400 25.8196 35.2915 2.5702 -0.1213 0.1979 -7.6184
15.3600 25.8717 35.3680 2.5702 -0.1026 0.2512 -201.8899
15.3800 25.9252 35.4474 2.5703 -0.1310 -0.3775 307.3989
15.4000 25.9808 35.5291 2.5704 -0.1719 -0.4000 -500.0000
15.4200 26.0388 35.6129 2.5704 -0.1414 0.4000 -229.4058
15.4400 26.0980 35.6998 2.5705 -0.1628 -0.2220 -134.1597
15.4600 26.1592 35.7891 2.5706 -0.1967 -0.3980 18.5321
15.4800 26.2227 35.8807 2.5707 -0.1653 0.3190 338.5022
15.5000 26.2874 35.9752 2.5707 -0.1582 0.1625 -500.0000
15.5200 26.3536 36.0725 2.5708 -0.1852 -0.3034 -40.7911
15.5400 26.4220 36.1721 2.5709 -0.2246 -0.4000 -375.0333
15.5600 26.4927 36.2739 2.5709 -0.2209 0.0003 309.5327
15.5800 26.5650 36.3785 2.5710 -0.2356 -0.0868 -500.0000
15.6000 26.6393 36.4855 2.5711 -0.2009 0.4000 84.4318
15.6200 26.7147 36.5955 2.5712 -0.2265 -0.3728 500.0000
15.6400 26.7922 36.7079 2.5712 -0.2542 -0.4000 500.0000
15.6600 26.8718 36.8227 2.5713 -0.2423 0.1506 -52.4273
15.6800 26.9530 36.9402 2.5714 -0.2653 -0.2867 163.1859
15.7000 27.0362 37.0601 2.5714 -0.2969 -0.4000 207.4599
15.7200 27.1216 37.1823 2.5715 -0.3149 -0.1722 -187.6589
15.7400 27.2090 37.3070 2.5716 -0.2790 0.4000 185.3983
15.7600 27.2975 37.4347 2.5716 -0.2789 -0.0013 54.2268
15.7800 27.3877 37.5651 2.5717 -0.3070 -0.4000 480.8311
15.8000 27.4800 37.6978 2.5718 -0.2729 0.4000 50.4214
15.8200 27.5735 37.8335 2.5718 -0.2864 -0.2273 500.0000
15.8400 27.6688 37.9718 2.5719 -0.2482 0.3776 500.0000
15.8600 27.7652 38.1131 2.5720 -0.2309 0.1518 353.0143
15.8800 27.8630 38.2572 2.5720 -0.2007 0.3368 141.0082
15.9000 27.9620 38.4043 2.5721 -0.1638 0.4000 270.2086
15.9200 28.0620 38.5544 2.5722 -0.1565 0.1675 -500.0000
15.9400 28.1636 38.7073 2.5722 -0.1655 -0.1223 172.1604
15.9600 28.2670 38.8627 2.5723 -0.1264 0.4000 425.7415
15.9800 28.3714 39.0212 2.5724 -0.0900 0.4000 235.0314
16.0000 28.4769 39.1828 2.5724 -0.1113 -0.2892 311.0547
16.0200 28.5845 39.3467 2.5725 -0.0720 0.4000 449.6406
16.0400 28.6930 39.5138 2.5726 -0.0343 0.4000 332.7798
16.0600 28.8026 39.6838 2.5726 -0.0227 0.0642 500.0000
16.0800 28.9137 39.8567 2.5727 0.0114 0.4000 60.6694
16.1000 29.0259 40.0326 2.5728 0.0330 -0.1799 500.0000
16.1200 29.1360 40.2061 2.5728 0.0293 -0.0414 -500.0000
16.1400 29.2445 40.3769 2.5729 0.0127 0.2630 500.0000
16.1600 29.3516 40.5449 2.5729 0.0258 -0.1872 -185.8899
16.1800 29.4567 40.7104 2.5730 0.0517 -0.3910 -500.0000
16.2000 29.5598 40.8735 2.5731 0.0908 -0.4000 436.8368
16.2200 29.6604 41.0344 2.5731 0.0512 0.3833 -475.0825
16.2400 29.7600 41.1923 2.5732 0.0731 -0.2530 53.3074
16.2600 29.8576 41.3477 2.5733 0.0740 -0.0933 -500.0000
16.2800 29.9534 41.5006 2.5733 0.0848 -0.1399 -55.5807
16.3000 30.0474 41.6509 2.5734 0.0984 -0.0864 500.0000
16.3200 30.1394 41.7987 2.5735 0.1354 -0.3647 492.5433
16.3400 30.2291 41.9442 2.5735 0.1464 -0.2110 -500.0000
16.3600 30.3169 42.0873 2.5736 0.1190 0.3913 475.4848
16.3800 30.4035 42.2274 2.5737 0.1541 -0.3398 500.0000
16.4000 30.4878 42.3653 2.5738 0.1824 -0.4000 -378.7555
16.4200 30.5700 42.5008 2.5738 0.1653 0.1808 -64.1683
16.4400 30.6507 42.6335 2.5739 0.1766 -0.2138 -500.0000
16.4600 30.7295 42.7637 2.5740 0.2052 -0.4000 -361.5709
16.4800 30.8062 42.8916 2.5740 0.1917 0.1861 238.4457
16.5000 30.8814 43.0166 2.5741 0.2196 -0.4000 -416.5840
16.5200 30.9544 43.1394 2.5742 0.2317 -0.0684 500.0000
16.5400 31.0255 43.2596 2.5743 0.2129 0.2003 -70.4061
16.5600 31.0952 43.3770 2.5743 0.2190 -0.0414 222.6106
16.5800 31.1632 43.4918 2.5744 0.2443 -0.2877 75.3218
16.6000 31.2290 43.6042 2.5745 0.2145 0.4000 348.5516
16.6200 31.2937 43.7136 2.5745 0.2221 -0.1425 -324.9124
16.6400 31.3565 43.8206 2.5746 0.2187 0.1106 500.0000
16.6600 31.4176 43.9248 2.5747 0.1940 0.2884 40.1315
16.6800 31.4776 44.0261 2.5748 0.1821 0.1754 280.1775
16.7000 31.5360 44.1246 2.5748 0.2142 -0.3768 28.9804
16.7200 31.5921 44.2209 2.5749 0.2338 -0.1544 500.0000
16.7400 31.6463 44.3147 2.5750 0.2535 -0.1597 466.3276
16.7600 31.6984 44.4061 2.5751 0.2570 0.0009 296.5598
16.7800 31.7488 44.4949 2.5751 0.2862 -0.2840 387.9941
16.8000 31.7970 44.5813 2.5752 0.2524 0.3496 -263.5089
16.8200 31.8441 44.6648 2.5753 0.2308 0.1939 -339.0287
16.8400 31.8898 44.7454 2.5754 0.2413 -0.0677 372.6266
16.8600 31.9337 44.8234 2.5754 0.2120 0.3400 10.1400
16.8800 31.9764 44.8985 2.5755 0.2444 -0.4000 -94.5174
16.9000 32.0169 44.9713 2.5756 0.2759 -0.4000 -157.1448
16.9200 32.0551 45.0417 2.5757 0.2825 -0.1563 -500.0000
16.9400 32.0916 45.1096 2.5757 0.3228 -0.4000 500.0000
16.9600 32.1256 45.1753 2.5758 0.3498 -0.4000 -500.0000
16.9800 32.1576 45.2386 2.5759 0.3618 -0.0873 351.7367
17.0000 32.1876 45.2995 2.5760 0.3950 -0.4000 -37.2669
17.0200 32.2154 45.3580 2.5760 0.3728 0.3152 375.5547
17.0400 32.2419 45.4136 2.5761 0.3701 0.0377 67.3980
17.0600 32.2667 45.4666 2.5762 0.3549 0.0958 -500.0000
17.0800 32.2901 45.5167 2.5763 0.3363 0.2916 500.0000
17.1000 32.3122 45.5640 2.5763 0.3120 0.2714 -55.4360
17.1200 32.3330 45.6084 2.5764 0.3301 -0.1695 267.7947
17.1400 32.3517 45.6504 2.5765 0.3275 0.1038 500.0000
17.1600 32.3689 45.6896 2.5766 0.3564 -0.2757 400.7242
17.1800 32.3838 45.7266 2.5767 0.3480 0.0434 -334.5786
17.2000 32.3973 45.7608 2.5767 0.3166 0.4000 201.8868
17.2200 32.4096 45.7920 2.5768 0.3073 0.1049 -7.6876
17.2400 32.4203 45.8204 2.5769 0.2768 0.2756 -500.0000
17.2600 32.4299 45.8459 2.5770 0.3078 -0.4000 -211.1808
17.2800 32.4373 45.8691 2.5771 0.3125 -0.0051 327.7170
17.3000 32.4429 45.8896 2.5771 0.3431 -0.3158 270.7294
17.3200 32.4463 45.9079 2.5772 0.3635 -0.1589 500.0000
17.3400 32.4477 45.9237 2.5773 0.3584 -0.0158 -482.4684
17.3600 32.4475 45.9368 2.5774 0.3311 0.4000 500.0000
17.3800 32.4461 45.9469 2.5775 0.3659 -0.4000 66.6065
17.4000 32.4425 45.9548 2.5776 0.3611 0.1321 500.0000
17.4200 32.4372 45.9600 2.5776 0.3432 0.2852 500.0000
17.4400 32.4306 45.9624 2.5777 0.3170 0.4000 62.5059
17.4600 32.4244 45.9644 2.5800 0.3313 0.0854 500.0000
17.4800 32.4181 45.9669 2.5798 0.3241 -0.0123 -474.9313
17.5000 32.4134 45.9716 2.5799 0.3044 -0.3166 -371.8026
17.5200 32.4088 45.9758 2.5780 0.2697 0.4000 -61.9114
17.5400 32.4047 45.9793 2.5786 0.2576 0.1590 -82.6984
17.5600 32.3992 45.9803 2.5789 0.2749 0.4000 500.0000
17.5800 32.3945 45.9831 2.5802 0.2846 0.1209 108.5151
17.6000 32.3896 45.9861 2.5791 0.2538 0.4000 239.3976
17.6200 32.3851 45.9884 2.5806 0.2474 -0.0962 147.7747
17.6400 32.3808 45.9909 2.5796 0.2266 0.2068 -217.7758
17.6600 32.3768 45.9929 2.5811 0.2007 -0.3834 500.0000
17.6800 32.3733 45.9949 2.5800 0.1661 0.3939 -90.1686
17.7000 32.3702 45.9963 2.5815 0.1740 0.1376 -306.6270
17.7200 32.3672 45.9981 2.5805 0.1619 -0.4000 500.0000
17.7400 32.3657 46.0017 2.5801 0.1255 0.4000 -187.5304
17.7600 32.3631 46.0022 2.5796 0.0924 0.4000 -27.5754
17.7800 32.3609 46.0022 2.5816 0.0541 -0.3873 -414.8897
17.8000 32.3595 46.0021 2.5811 0.0251 -0.4000 377.0906
17.8200 32.3603 46.0043 2.5806 -0.0154 0.4000 -500.0000
17.8400 32.3601 46.0034 2.5801 -0.0461 0.4000 250.0194
17.8600 32.3587 45.9995 2.5796 -0.0698 0.2563 -117.1840
17.8800 32.3561 45.9928 2.5791 -0.0655 -0.0517 3.7421
17.9000 32.3518 45.9834 2.5786 -0.0497 -0.1851 0.1756
17.9200 32.3455 45.9715 2.5781 -0.0663 0.2378 313.8691
17.9400 32.3377 45.9568 2.5776 -0.0940 0.4000 500.0000
17.9600 32.3288 45.9392 2.5771 -0.0798 -0.2177 -305.7907
17.9800 32.3180 45.9191 2.5766 -0.0683 -0.1196 126.0430
18.0000 32.3052 45.8964 2.5761 -0.0787 0.0929 -127.8190
18.0200 32.2910 45.8710 2.5756 -0.0617 -0.1270 500.0000
18.0400 32.2747 45.8432 2.5751 -0.0655 0.0639 191.7425
18.0600 32.2569 45.8126 2.5746 -0.0561 -0.0478 462.4337
18.0800 32.2371 45.7796 2.5741 -0.0415 -0.2581 -500.0000
18.1000 32.2155 45.7440 2.5736 -0.0526 0.0500 -431.9818
18.1200 32.1923 45.7057 2.5731 -0.0205 -0.4000 -53.4336
18.1400 32.1668 45.6651 2.5726 -0.0181 0.0352 500.0000
18.1600 32.1396 45.6219 2.5721 -0.0555 0.4000 -167.4294
18.1800 32.1113 45.5757 2.5716 -0.0718 0.2503 500.0000
18.2000 32.0816 45.5267 2.5711 -0.0434 -0.3395 60.1748
18.2200 32.0497 45.4753 2.5706 -0.0318 -0.2286 -500.0000
18.2400 32.0159 45.4215 2.5701 -0.0137 -0.2488 -132.1998
18.2600 31.9800 45.3652 2.5696 0.0090 -0.2497 212.1793
18.2800 31.9420 45.3065 2.5691 -0.0200 -0.4000 500.0000
18.3000 31.9062 45.2502 2.5686 -0.0222 0.0308 161.0814
18.3200 31.8687 45.1913 2.5681 0.0147 -0.3752 500.0000
18.3400 31.8289 45.1301 2.5676 -0.0175 -0.3413 -88.9164
18.3600 31.7912 45.0712 2.5671 -0.0549 0.4000 -132.6237
18.3800 31.7525 45.0094 2.5666 -0.0549 -0.0444 -151.5891
18.4000 31.7120 44.9449 2.5661 -0.0974 0.4000 -500.0000
18.4200 31.6705 44.8773 2.5657 -0.0606 -0.4000 356.6075
18.4400 31.6266 44.8075 2.5652 -0.0618 0.0669 500.0000
18.4600 31.5810 44.7351 2.5647 -0.0279 -0.4000 158.7564
18.4800 31.5331 44.6605 2.5642 -0.0229 -0.0581 155.4609
18.5000 31.4834 44.5833 2.5637 -0.0544 0.4000 359.6234
18.5200 31.4324 44.5031 2.5632 -0.0614 0.0713 112.8517
18.5400 31.3798 44.4203 2.5627 -0.0570 -0.0578 132.6238
18.5600 31.3253 44.3349 2.5622 -0.0457 -0.1638 -31.7892
18.5800 31.2690 44.2471 2.5617 -0.0374 -0.1059 126.7494
18.6000 31.2107 44.1567 2.5612 -0.0130 -0.3352 -124.0371
18.6200 31.1502 44.0640 2.5607 -0.0158 0.0541 352.7624
18.6400 31.0880 43.9687 2.5602 -0.0218 0.0249 -76.5481
18.6600 31.0242 43.8708 2.5597 -0.0236 -0.0300 -116.2688
18.6800 30.9586 43.7702 2.5592 -0.0227 0.0229 440.9037
18.7000 30.8912 43.6670 2.5587 -0.0199 -0.0380 188.2923
18.7200 30.8220 43.5613 2.5582 0.0150 -0.4000 310.5896
18.7400 30.7504 43.4534 2.5577 0.0258 0.1493 72.8146
18.7600 30.6803 43.3483 2.5572 0.0467 0.2178 391.0094
18.7800 30.6115 43.2460 2.5568 0.0138 -0.4000 303.7902
18.8000 30.5450 43.1461 2.5563 0.0478 0.4000 223.8360
18.8200 30.4796 43.0491 2.5558 0.0703 0.2168 500.0000
18.8400 30.4155 42.9551 2.5553 0.0269 -0.4000 -500.0000
18.8600 30.3539 42.8632 2.5548 -0.0011 -0.2718 -139.0129
18.8800 30.2943 42.7736 2.5543 0.0340 -0.4000 286.3597
18.9000 30.2324 42.6819 2.5538 0.0095 -0.1734 -500.0000
18.9200 30.1727 42.5925 2.5533 0.0126 0.0518 93.8846
18.9400 30.1145 42.5058 2.5528 0.0380 0.3319 -37.4883
18.9600 30.0577 42.4220 2.5523 0.0331 -0.0575 198.1132
18.9800 30.0026 42.3408 2.5518 0.0312 -0.0306 238.6158
19.0000 29.9492 42.2623 2.5513 0.0232 -0.0180 -301.8317
19.0200 29.8977 42.1862 2.5508 0.0093 -0.1295 -26.0223
19.0400 29.8482 42.1127 2.5503 -0.0180 -0.3272 217.1072
19.0600 29.8008 42.0414 2.5498 -0.0423 0.3247 418.6904
19.0800 29.7520 41.9673 2.5493 -0.0756 0.4000 214.1650
19.1000 29.7020 41.8903 2.5488 -0.1031 0.2606 -204.2206
19.1200 29.6506 41.8104 2.5483 -0.1251 0.2687 262.8409
19.1400 29.5979 41.7276 2.5478 -0.1330 0.0909 185.5322
19.1600 29.5434 41.6422 2.5473 -0.1228 -0.0984 304.9496
19.1800 29.4870 41.5544 2.5468 -0.1282 0.0378 36.8710
19.2000 29.4289 41.4639 2.5464 -0.1241 -0.1333 -363.3884
19.2200 29.3689 41.3708 2.5459 -0.1257 -0.0903 -500.0000
19.2400 29.3071 41.2752 2.5454 -0.0974 -0.4000 -215.1664
19.2600 29.2431 41.1774 2.5449 -0.1379 0.4000 -272.9388
19.2800 29.1779 41.0765 2.5444 -0.1790 0.4000 -315.8626
19.3000 29.1116 40.9726 2.5439 -0.1700 -0.2086 -446.7632
19.3200 29.0433 40.8663 2.5434 -0.1774 0.0412 -57.3729
19.3400 28.9733 40.7573 2.5429 -0.1458 -0.4000 66.0530
19.3600 28.9010 40.6461 2.5424 -0.1085 -0.4000 500.0000
19.3800 28.8262 40.5328 2.5419 -0.1469 0.3322 -500.0000
19.4000 28.7502 40.4165 2.5414 -0.1397 -0.1326 -72.2870
19.4200 28.6723 40.2977 2.5409 -0.1174 -0.2224 500.0000
19.4400 28.5922 40.1766 2.5404 -0.0884 -0.4000 -106.9495
19.4600 28.5098 40.0533 2.5399 -0.0528 -0.3826 500.0000
19.4800 28.4250 39.9279 2.5395 -0.0605 -0.0310 -500.0000
19.5000 28.3384 39.7998 2.5390 -0.0350 -0.4000 -344.1040
19.5200 28.2496 39.6695 2.5385 -0.0341 -0.1127 -377.2064
19.5400 28.1589 39.5366 2.5380 0.0009 -0.4000 371.2994
19.5600 28.0659 39.4016 2.5375 -0.0085 -0.0689 46.1141
19.5800 27.9746 39.2692 2.5370 0.0148 -0.4000 -500.0000
19.6000 27.8812 39.1344 2.5365 0.0389 0.3463 -111.7389
19.6200 27.7890 39.0026 2.5360 0.0619 0.3117 11.6128
19.6400 27.6983 38.8736 2.5355 0.0667 0.0676 211.6449
19.6600 27.6091 38.7474 2.5350 0.0852 0.3387 -500.0000
19.6800 27.5214 38.6239 2.5346 0.1100 0.4000 -406.7353
19.7000 27.4350 38.5034 2.5341 0.0747 -0.4000 170.6895
19.7200 27.3509 38.3850 2.5336 0.0919 0.2753 -219.7503
19.7400 27.2683 38.2695 2.5331 0.1089 0.2361 3.9596
19.7600 27.1871 38.1568 2.5326 0.1349 0.4000 -339.7411
19.7800 27.1073 38.0470 2.5321 0.1594 0.2451 500.0000
19.8000 27.0287 37.9401 2.5316 0.1825 0.2798 169.0078
19.8200 26.9516 37.8361 2.5311 0.1931 0.1513 50.9730
19.8400 26.8760 37.7348 2.5306 0.2106 0.2503 -78.5885
19.8600 26.8019 37.6363 2.5301 0.2069 0.0136 -132.5671
19.8800 26.7296 37.5404 2.5296 0.2004 -0.0680 178.3051
19.9000 26.6591 37.4470 2.5292 0.2322 0.4000 52.0810
19.9200 26.5899 37.3566 2.5287 0.2065 -0.3065 253.5060
19.9400 26.5229 37.2684 2.5282 0.2023 -0.0939 500.0000
19.9600 26.4577 37.1829 2.5277 0.1961 0.0040 -289.4142
19.9800 26.3944 37.0998 2.5272 0.1530 -0.4000 -500.0000
20.0000 26.3335 37.0189 2.5267 0.1743 0.1979 500.0000
20.0200 26.2741 36.9407 2.5262 0.1652 -0.1274 330.3132
20.0400 26.2165 36.8651 2.5257 0.1522 -0.1251 21.5231
20.0600 26.1610 36.7919 2.5252 0.1783 0.3976 -403.7970
20.0800 26.1068 36.7216 2.5247 0.1989 0.2506 81.4451
20.1000 26.0541 36.6541 2.5242 0.1658 -0.3960 197.8776
20.1200 26.0037 36.5888 2.5237 0.1665 0.0110 134.8342
20.1400 25.9550 36.5261 2.5232 0.1910 0.2924 102.6545
20.1600 25.9078 36.4663 2.5227 0.2206 0.4000 -187.9850
20.1800 25.8618 36.4094 2.5222 0.2403 0.2473 14.8167
20.2000 25.8173 36.3553 2.5218 0.2384 0.0353 -242.1312
20.2200 25.7747 36.3037 2.5213 0.2063 -0.4000 260.1292
20.2400 25.7344 36.2544 2.5208 0.2100 0.0760 -104.2462
20.2600 25.6958 36.2076 2.5203 0.1861 -0.2258 -215.0311
20.2800 25.6594 36.1632 2.5198 0.2068 0.2764 -128.4128
20.3000 25.6245 36.1215 2.5193 0.2327 0.4000 -500.0000
20.3200 25.5909 36.0828 2.5188 0.1984 -0.3346 -325.3864
20.3400 25.5597 36.0462 2.5183 0.1796 -0.1729 -200.2357
20.3600 25.5307 36.0119 2.5178 0.1608 -0.2829 500.0000
20.3800 25.5037 35.9800 2.5173 0.1529 -0.0173 -403.9797
20.4000 25.4788 35.9505 2.5168 0.1211 -0.4000 233.4828
20.4200 25.4561 35.9232 2.5163 0.1550 0.3287 500.0000
20.4400 25.4347 35.8989 2.5158 0.1557 0.0940 -500.0000
20.4600 25.4151 35.8771 2.5153 0.1956 0.4000 500.0000
20.4800 25.3968 35.8584 2.5148 0.2125 0.2755 -460.5911
20.5000 25.3799 35.8424 2.5143 0.2450 0.3424 283.4791
20.5200 25.3644 35.8293 2.5138 0.2680 0.2251 302.9731
20.5400 25.3503 35.8191 2.5133 0.2816 0.2000 -251.6204
20.5600 25.3379 35.8115 2.5128 0.2565 -0.2095 -499.0453
20.5800 25.3277 35.8062 2.5123 0.2792 0.3061 -244.5730
20.6000 25.3189 35.8037 2.5118 0.3043 0.2261 428.4173
20.6200 25.3117 35.8040 2.5113 0.2943 -0.0364 -500.0000
20.6400 25.3064 35.8068 2.5108 0.2611 0.3178 -500.0000
20.6600 25.3014 35.8089 2.5128 0.2742 0.1498 -4.1754
20.6800 25.2965 35.8114 2.5123 0.2364 0.3930 -329.3213
20.7000 25.2920 35.8133 2.5142 0.2056 -0.4000 228.7517
20.7200 25.2882 35.8150 2.5137 0.1892 0.2327 66.1600
20.7400 25.2846 35.8165 2.5155 0.2269 0.4000 319.0397
20.7600 25.2805 35.8186 2.5148 0.2140 -0.1897 -50.2629
20.7800 25.2783 35.8228 2.5144 0.1985 0.1198 -384.4994
20.8000 25.2744 35.8243 2.5141 0.1685 0.4000 171.6826
20.8200 25.2709 35.8252 2.5161 0.1707 0.0393 -102.0229
20.8400 25.2676 35.8264 2.5157 0.1491 -0.3297 500.0000
20.8600 25.2664 35.8299 2.5153 0.1728 -0.2279 298.0237
20.8800 25.2631 35.8311 2.5149 0.1538 0.3236 376.6898
20.9000 25.2599 35.8320 2.5168 0.1871 0.3523 236.8201
20.9200 25.2565 35.8336 2.5162 0.1541 -0.4000 70.9404
20.9400 25.2554 35.8374 2.5156 0.1891 -0.4000 73.5645
20.9600 25.2519 35.8390 2.5150 0.1529 -0.4000 -163.8590
20.9800 25.2508 35.8427 2.5144 0.1291 0.2070 -447.0389
21.0000 25.2482 35.8436 2.5138 0.1206 -0.1327 18.3454
21.0200 25.2474 35.8466 2.5135 0.0906 0.4000 292.5771
21.0400 25.2453 35.8467 2.5132 0.1095 0.3648 475.3864
21.0600 25.2441 35.8488 2.5137 0.0936 0.2533 451.1202
21.0800 25.2412 35.8481 2.5141 0.1152 0.2060 276.0107
21.1000 25.2399 35.8502 2.5146 0.1121 -0.2151 236.1635
21.1200 25.2382 35.8516 2.5133 0.1286 -0.1556 224.1628
21.1400 25.2360 35.8529 2.5146 0.1449 0.1761 77.1207
21.1600 25.2337 35.8547 2.5134 0.1261 0.1399 -500.0000
21.1800 25.2315 35.8560 2.5147 0.1533 0.3373 -74.6869
21.2000 25.2291 35.8579 2.5135 0.1151 0.4000 -319.7213
21.2200 25.2271 35.8590 2.5148 0.1111 -0.1153 447.5698
21.2400 25.2253 35.8604 2.5136 0.0810 0.4000 286.3073
21.2600 25.2238 35.8611 2.5149 0.0777 -0.0480 70.1830
21.2800 25.2226 35.8621 2.5137 0.1124 -0.4000 55.6207
21.3000 25.2206 35.8632 2.5150 0.1455 0.4000 -28.7488
21.3200 25.2183 35.8649 2.5139 0.1642 -0.4000 291.2072
21.3400 25.2161 35.8674 2.5145 0.1693 0.0274 394.9063
21.3600 25.2128 35.8688 2.5139 0.1632 -0.0992 33.1546
21.3800 25.2113 35.8722 2.5137 0.1927 -0.3141 236.0388
21.4000 25.2075 35.8735 2.5134 0.1907 -0.0047 -123.9573
21.4200 25.2055 35.8772 2.5132 0.2101 -0.4000 52.4517
21.4400 25.2018 35.8792 2.5125 0.1897 0.2044 -216.8710
21.4600 25.1982 35.8808 2.5142 0.1814 -0.1324 232.3064
21.4800 25.1949 35.8825 2.5134 0.1605 0.1670 -500.0000
21.5000 25.1919 35.8837 2.5152 0.1759 0.1644 86.3049
21.5200 25.1887 35.8854 2.5144 0.1677 -0.1598 -431.1779
21.5400 25.1867 35.8883 2.5146 0.1427 0.3313 253.2901
21.5600 25.1833 35.8885 2.5148 0.1766 0.4000 88.7422
21.5800 25.1811 35.8915 2.5151 0.1736 0.0941 390.8036
21.6000 25.1771 35.8919 2.5154 0.1981 0.3262 -192.1791
21.6200 25.1746 35.8951 2.5157 0.1817 0.2675 500.0000
21.6400 25.1705 35.8956 2.5160 0.1412 -0.4000 -494.7772
21.6600 25.1688 35.8982 2.5163 0.1388 -0.2589 -101.8252
21.6800 25.1665 35.8996 2.5154 0.1332 -0.0114 -491.5232
21.7000 25.1640 35.9008 2.5169 0.1680 0.4000 67.3212
21.7200 25.1611 35.9026 2.5159 0.1464 -0.4000 7.4298
21.7400 25.1601 35.9061 2.5153 0.1567 -0.0849 212.4999
21.7600 25.1571 35.9073 2.5148 0.1364 0.3247 500.0000
21.7800 25.1542 35.9080 2.5167 0.1771 0.4000 500.0000
21.8000 25.1509 35.9094 2.5161 0.1489 0.4000 436.0276
21.8200 25.1478 35.9102 2.5181 0.1785 0.2649 500.0000
21.8400 25.1444 35.9117 2.5175 0.1557 -0.2369 -220.7505
21.8600 25.1433 35.9154 2.5170 0.1729 -0.2143 -110.4848
21.8800 25.1400 35.9167 2.5164 0.1587 -0.2440 500.0000
21.9000 25.1387 35.9204 2.5159 0.1224 0.4000 -178.7696
21.9200 25.1362 35.9212 2.5154 0.0874 -0.3822 -186.5078
21.9400 25.1362 35.9240 2.5149 0.0610 0.2563 -324.2955
21.9600 25.1347 35.9241 2.5143 0.0289 0.4000 -94.4620
21.9800 25.1336 35.9236 2.5162 0.0423 0.0759 500.0000
22.0000 25.1325 35.9235 2.5156 0.0132 -0.4000 356.6169
22.0200 25.1337 35.9256 2.5149 0.0075 0.0152 -335.4720
22.0400 25.1332 35.9251 2.5143 -0.0281 0.4000 -120.0867
22.0600 25.1330 35.9239 2.5162 -0.0283 0.0276 161.5192
22.0800 25.1326 35.9225 2.5206 -0.0283 -0.0120 -107.1703
22.1000 25.1321 35.9207 2.5275 0.0085 -0.4000 174.3522
22.1200 25.1307 35.9191 2.5369 0.0465 0.4000 225.2480
22.1400 25.1290 35.9182 2.5438 0.0535 0.0743 -5.7964
22.1600 25.1273 35.9176 2.5482 0.0310 -0.2037 -385.5257
22.1800 25.1262 35.9171 2.5500 0.0541 0.2989 -201.5765
22.2000 25.1249 35.9171 2.5494 0.0290 0.2180 -500.0000
22.2200 25.1238 35.9166 2.5513 0.0352 0.0470 151.1484
22.2400 25.1229 35.9164 2.5506 0.0089 -0.3330 -406.6833
22.2600 25.1239 35.9182 2.5503 0.0294 -0.2282 53.4733
22.2800 25.1228 35.9176 2.5499 -0.0048 -0.4000 -13.1432
22.3000 25.1240 35.9192 2.5496 0.0023 0.0320 322.0078
22.3200 25.1268 35.9235 2.5493 -0.0371 0.4000 -416.0560
22.3400 25.1285 35.9248 2.5489 -0.0736 -0.4000 -198.4671
22.3600 25.1326 35.9282 2.5486 -0.1100 -0.4000 -188.3053
22.3800 25.1391 35.9339 2.5483 -0.1148 -0.0370 -127.5119
22.4000 25.1474 35.9421 2.5479 -0.1255 -0.1504 160.3817
22.4200 25.1576 35.9527 2.5476 -0.1604 -0.4000 -88.7885
22.4400 25.1702 35.9656 2.5473 -0.1740 -0.0828 -500.0000
22.4600 25.1847 35.9809 2.5470 -0.1769 -0.0295 -50.6156
22.4800 25.2011 35.9988 2.5466 -0.1832 -0.0369 -259.6096
22.5000 25.2194 36.0192 2.5463 -0.1713 0.0551 500.0000
22.5200 25.2392 36.0424 2.5460 -0.1568 0.1725 -71.4603
22.5400 25.2605 36.0683 2.5456 -0.1453 0.1776 -335.5777
22.5600 25.2834 36.0969 2.5453 -0.1318 0.2147 -428.7180
22.5800 25.3079 36.1283 2.5450 -0.0952 0.3427 500.0000
22.6000 25.3335 36.1626 2.5446 -0.0638 0.3451 90.9964
22.6200 25.3604 36.1999 2.5443 -0.0301 0.4000 -78.3649
22.6400 25.3885 36.2402 2.5440 -0.0094 0.1733 366.6010
22.6600 25.4181 36.2832 2.5436 -0.0342 -0.2588 -247.5727
22.6800 25.4498 36.3286 2.5433 -0.0302 -0.0422 500.0000
22.7000 25.4833 36.3766 2.5430 -0.0699 -0.4000 -500.0000
22.7200 25.5192 36.4268 2.5426 -0.0318 0.4000 234.7157
22.7400 25.5562 36.4799 2.5423 -0.0226 0.0487 290.7023
22.7600 25.5949 36.5358 2.5420 -0.0441 -0.2995 226.8639
22.7800 25.6357 36.5939 2.5416 -0.0500 -0.0047 -499.0595
22.8000 25.6785 36.6546 2.5413 -0.0710 -0.2332 -158.8358
22.8200 25.7233 36.7176 2.5410 -0.0356 0.4000 11.0244
22.8400 25.7694 36.7836 2.5406 -0.0168 0.1992 20.0776
22.8600 25.8169 36.8524 2.5403 -0.0418 -0.2290 -500.0000
22.8800 25.8667 36.9235 2.5400 0.0003 0.4000 500.0000
22.9000 25.9176 36.9976 2.5396 -0.0247 0.3899 500.0000
22.9200 25.9671 37.0688 2.5393 -0.0638 -0.4000 -500.0000
22.9400 26.0191 37.1422 2.5390 -0.0626 -0.0796 500.0000
22.9600 26.0729 37.2181 2.5386 -0.0786 -0.1398 -407.3744
22.9800 26.1287 37.2964 2.5383 -0.0457 0.4000 -203.1117
23.0000 26.1858 37.3777 2.5379 -0.0310 0.1820 -206.8254
23.0200 26.2445 37.4617 2.5376 -0.0021 0.4000 -500.0000
23.0400 26.3045 37.5485 2.5373 0.0366 0.4000 215.7110
23.0600 26.3656 37.6384 2.5369 0.0684 -0.2919 366.9023
23.0800 26.4245 37.7261 2.5366 0.0859 -0.1799 8.1703
23.1000 26.4814 37.8113 2.5363 0.1010 -0.0826 465.3838
23.1200 26.5362 37.8941 2.5359 0.1419 -0.4000 400.5845
23.1400 26.5886 37.9748 2.5356 0.1094 0.4000 -13.7340
23.1600 26.6398 38.0525 2.5353 0.0987 0.0730 -445.5087
23.1800 26.6894 38.1275 2.5349 0.1141 -0.1720 -75.1946
23.2000 26.7370 38.2001 2.5346 0.0787 0.4000 -215.7939
23.2200 26.7834 38.2696 2.5342 0.0741 0.1450 491.5624
23.2400 26.8281 38.3366 2.5339 0.0425 0.4000 77.0179
23.2600 26.8716 38.4005 2.5336 0.0151 0.4000 394.4237
23.2800 26.9137 38.4616 2.5332 0.0428 -0.2289 500.0000
23.3000 26.9536 38.5204 2.5329 0.0076 0.4000 -185.9720
23.3200 26.9924 38.5762 2.5326 -0.0204 0.4000 362.2369
23.3400 27.0297 38.6291 2.5322 0.0202 0.4000 417.0627
23.3600 27.0683 38.6851 2.5319 0.0201 0.0733 390.2532
23.3800 27.1051 38.7384 2.5316 0.0181 -0.0153 -332.2952
23.4000 27.1401 38.7891 2.5312 0.0076 0.1007 -208.8554
23.4200 27.1735 38.8372 2.5309 0.0432 -0.3782 181.0829
23.4400 27.2045 38.8830 2.5306 0.0088 0.4000 -103.9627
23.4600 27.2344 38.9259 2.5302 -0.0281 0.4000 -286.1894
23.4800 27.2630 38.9658 2.5299 0.0039 0.4000 -208.2896
23.5000 27.2929 39.0086 2.5296 -0.0047 0.0508 -378.9908
23.5200 27.3212 39.0487 2.5292 0.0270 0.2903 445.1408
23.5400 27.3508 39.0918 2.5289 0.0480 -0.2848 -321.0702
23.5600 27.3782 39.1325 2.5286 0.0732 -0.2910 -52.8188
23.5800 27.4035 39.1709 2.5282 0.0629 0.1321 33.8824
23.6000 27.4271 39.2066 2.5279 0.0312 0.4000 112.1750
23.6200 27.4494 39.2394 2.5276 0.0285 0.0215 -109.9987
23.6400 27.4700 39.2696 2.5272 0.0094 0.2080 -125.9369
23.6600 27.4891 39.2970 2.5269 0.0294 -0.1965 182.2409
23.6800 27.5061 39.3221 2.5266 0.0027 0.4000 500.0000
23.7000 27.5217 39.3442 2.5262 0.0087 -0.1411 -500.0000
23.7200 27.5354 39.3639 2.5259 0.0176 -0.1745 -500.0000
23.7400 27.5471 39.3811 2.5256 0.0524 -0.4000 43.1969
23.7600 27.5565 39.3962 2.5252 0.0414 0.2075 500.0000
23.7800 27.5642 39.4086 2.5249 0.0349 0.1216 287.7298
23.8000 27.5703 39.4183 2.5246 0.0137 0.3287 500.0000
23.8200 27.5749 39.4252 2.5242 0.0223 -0.0207 500.0000
23.8400 27.5775 39.4297 2.5239 0.0144 0.1190 179.4350
23.8600 27.5784 39.4315 2.5236 0.0303 -0.1773 34.6780
23.8800 27.5773 39.4309 2.5233 0.0098 -0.2589 140.2647
23.9000 27.5783 39.4327 2.5229 0.0467 -0.4000 214.2989
23.9200 27.5769 39.4323 2.5226 0.0446 -0.0093 -95.6656
23.9400 27.5773 39.4345 2.5223 0.0565 -0.0605 500.0000
23.9600 27.5758 39.4342 2.5219 0.0260 -0.4000 257.9841
23.9800 27.5765 39.4362 2.5216 0.0354 -0.1089 -11.0714
24.0000 27.5753 39.4357 2.5213 0.0391 0.0078 230.6830
24.0200 27.5758 39.4378 2.5209 0.0574 -0.1339 500.0000
24.0400 27.5742 39.4375 2.5206 0.0290 -0.4000 416.7133
24.0600 27.5749 39.4395 2.5203 -0.0015 0.4000 256.2477
24.0800 27.5743 39.4386 2.5200 -0.0087 0.1510 443.8237
24.1000 27.5720 39.4350 2.5196 0.0186 -0.3949 -461.2349
24.1200 27.5674 39.4292 2.5193 -0.0049 -0.1934 -500.0000
24.1400 27.5650 39.4257 2.5190 -0.0157 0.0900 -214.1163
24.1600 27.5609 39.4195 2.5186 -0.0130 -0.1093 -500.0000
24.1800 27.5550 39.4108 2.5183 0.0139 -0.3075 47.3390
24.2000 27.5468 39.3999 2.5180 -0.0055 -0.2410 124.5470
24.2200 27.5407 39.3913 2.5177 0.0311 -0.4000 209.2180
24.2400 27.5322 39.3805 2.5173 0.0638 0.4000 -75.3319
24.2600 27.5250 39.3727 2.5170 0.0918 0.3159 80.8821
24.2800 27.5192 39.3678 2.5167 0.0829 -0.0247 -500.0000
24.3000 27.5154 39.3653 2.5163 0.1075 0.2574 186.8758
24.3200 27.5130 39.3657 2.5160 0.0963 0.3966 315.1963
24.3400 27.5111 39.3664 2.5175 0.0891 -0.0346 -320.7955
24.3600 27.5096 39.3673 2.5165 0.0507 0.4000 -330.3392
24.3800 27.5084 39.3675 2.5180 0.0619 0.2034 -485.4340
24.4000 27.5073 39.3681 2.5170 0.0855 -0.2403 214.1438
24.4200 27.5056 39.3686 2.5185 0.0964 0.1623 -242.5710
24.4400 27.5040 39.3696 2.5175 0.1158 -0.4000 -14.6762
24.4600 27.5022 39.3712 2.5184 0.1060 0.4000 -500.0000
24.4800 27.4997 39.3713 2.5183 0.0773 -0.4000 395.7296
24.5000 27.4995 39.3737 2.5181 0.0673 0.1100 -32.0074
24.5200 27.4977 39.3734 2.5179 0.0778 0.0926 182.3152
24.5400 27.4974 39.3758 2.5178 0.0766 0.0585 288.5802
24.5600 27.4954 39.3756 2.5176 0.0434 -0.4000 56.5500
24.5800 27.4958 39.3775 2.5174 0.0171 0.2916 -91.3684
24.6000 27.4947 39.3767 2.5173 0.0300 0.0845 415.3420
24.6200 27.4953 39.3785 2.5171 0.0637 -0.3154 500.0000
24.6400 27.4935 39.3781 2.5169 0.0665 -0.0325 421.1971
24.6600 27.4934 39.3804 2.5168 0.0581 0.0416 -354.5359
24.6800 27.4917 39.3800 2.5166 0.0582 0.0200 -128.2793
24.7000 27.4918 39.3821 2.5164 0.0539 0.0581 57.0273
24.7200 27.4902 39.3816 2.5163 0.0243 -0.3187 -166.9703
24.7400 27.4908 39.3834 2.5161 0.0638 -0.4000 411.2812
24.7600 27.4890 39.3831 2.5159 0.1024 0.4000 360.1800
24.7800 27.4884 39.3857 2.5158 0.1349 -0.4000 -113.5863
24.8000 27.4854 39.3862 2.5156 0.1422 0.3988 500.0000
24.8200 27.4832 39.3879 2.5167 0.1464 0.0288 133.0499
24.8400 27.4811 39.3900 2.5152 0.1219 0.2412 -283.8129
24.8600 27.4791 39.3915 2.5163 0.1359 0.3421 -358.5637
24.8800 27.4768 39.3929 2.5153 0.1064 0.4000 328.3636
24.9000 27.4748 39.3938 2.5168 0.1433 0.4000 220.8475
24.9200 27.4723 39.3953 2.5158 0.1253 0.2869 500.0000
24.9400 27.4700 39.3963 2.5173 0.1072 -0.1989 -70.8397
24.9600 27.4682 39.3974 2.5163 0.1166 -0.1409 -201.3002
24.9800 27.4660 39.3984 2.5178 0.1339 0.2355 -233.9482
25.0000 27.4637 39.3998 2.5168 0.1402 -0.0926 -121.1820
25.0200 27.4611 39.4010 2.5183 0.1358 -0.1276 500.0000
25.0400 27.4588 39.4025 2.5172 0.1254 0.0421 -500.0000
25.0600 27.4565 39.4036 2.5187 0.1366 0.1124 97.5100
25.0800 27.4542 39.4051 2.5177 0.1297 -0.4000 -255.4732
25.1000 27.4530 39.4077 2.5178 0.1403 -0.4000 -363.4561
25.1200 27.4502 39.4088 2.5172 0.1266 -0.1785 -14.7198
25.1400 27.4495 39.4120 2.5167 0.0870 0.4000 -422.2937
25.1600 27.4475 39.4122 2.5163 0.0607 -0.3455 243.4539
25.1800 27.4478 39.4147 2.5159 0.0290 0.4000 160.9541
25.2000 27.4467 39.4143 2.5154 -0.0000 -0.4000 371.8595
25.2200 27.4480 39.4160 2.5150 -0.0178 -0.2547 313.1372
25.2400 27.4514 39.4201 2.5146 -0.0011 0.1167 485.0406
25.2600 27.4564 39.4269 2.5141 0.0008 0.0483 -188.1532
25.2800 27.4631 39.4363 2.5137 -0.0135 0.2268 375.4904
25.3000 27.4683 39.4430 2.5133 -0.0516 -0.4000 -321.2104
25.3200 27.4760 39.4517 2.5128 -0.0107 0.4000 500.0000
25.3400 27.4848 39.4635 2.5124 0.0302 0.4000 500.0000
25.3600 27.4948 39.4783 2.5120 0.0246 0.1297 392.0972
25.3800 27.5031 39.4905 2.5115 0.0154 0.1005 -57.6890
25.4000 27.5096 39.5000 2.5111 0.0462 -0.3746 -101.8040
25.4200 27.5139 39.5074 2.5107 0.0792 -0.3577 174.4892
25.4400 27.5157 39.5126 2.5102 0.0471 0.4000 131.3451
25.4600 27.5162 39.5149 2.5098 0.0148 0.4000 119.3520
25.4800 27.5154 39.5143 2.5093 0.0304 0.1662 87.1126
25.5000 27.5162 39.5164 2.5089 0.0070 0.2074 -412.1384
25.5200 27.5155 39.5157 2.5085 0.0191 0.1537 -86.9124
25.5400 27.5165 39.5176 2.5080 0.0053 0.2375 496.5454
25.5600 27.5158 39.5169 2.5076 0.0180 0.2061 -386.1296
25.5800 27.5168 39.5188 2.5072 0.0360 -0.1632 287.9948
25.6000 27.5156 39.5185 2.5067 0.0357 0.0391 -278.2109
25.6200 27.5163 39.5206 2.5063 0.0560 -0.3074 -461.2987
25.6400 27.5148 39.5205 2.5059 0.0522 -0.0503 45.8587
25.6600 27.5153 39.5229 2.5054 0.0549 -0.0091 142.4365
25.6800 27.5138 39.5227 2.5050 0.0675 0.2678 -266.0916
25.7000 27.5137 39.5248 2.5049 0.0787 -0.0880 266.7730
25.7200 27.5115 39.5246 2.5049 0.0985 0.2318 -16.0263
25.7400 27.5109 39.5271 2.5048 0.0652 0.4000 49.5365
25.7600 27.5090 39.5266 2.5048 0.0288 -0.4000 -183.2729
25.7800 27.5095 39.5283 2.5047 0.0154 0.1076 -303.8559
25.8000 27.5084 39.5273 2.5047 -0.0124 -0.4000 458.6686
25.8200 27.5095 39.5284 2.5046 -0.0010 0.1692 -245.7837
25.8400 27.5124 39.5322 2.5046 -0.0324 -0.4000 193.5189
25.8600 27.5176 39.5382 2.5045 -0.0034 0.3559 -107.0765
25.8800 27.5242 39.5470 2.5044 -0.0074 0.0065 -344.4765
25.9000 27.5328 39.5584 2.5044 -0.0237 -0.1960 45.9975
25.9200 27.5435 39.5720 2.5043 -0.0040 0.2162 70.4223
25.9400 27.5557 39.5884 2.5043 0.0167 0.3135 -464.4497
25.9600 27.5695 39.6076 2.5042 0.0149 0.0725 332.3816
25.9800 27.5814 39.6242 2.5042 -0.0094 0.3638 500.0000
26.0000 27.5919 39.6380 2.5041 0.0242 0.4000 -26.9613
26.0200 27.6037 39.6547 2.5041 0.0292 -0.0899 -218.5135
26.0400 27.6135 39.6690 2.5040 0.0096 0.3065 500.0000
26.0600 27.6218 39.6805 2.5039 0.0016 0.1697 500.0000
26.0800 27.6284 39.6894 2.5039 -0.0344 0.4000 -155.7053
26.1000 27.6336 39.6954 2.5038 -0.0377 -0.1147 500.0000
26.1200 27.6408 39.7038 2.5038 -0.0124 0.2370 359.3943
26.1400 27.6495 39.7151 2.5037 0.0175 0.4000 -305.4361
26.1600 27.6595 39.7292 2.5037 0.0229 0.0156 500.0000
26.1800 27.6676 39.7409 2.5036 -0.0043 0.4000 500.0000
26.2000 27.6742 39.7497 2.5036 -0.0316 -0.4000 500.0000
26.2200 27.6832 39.7607 2.5035 -0.0548 -0.2714 6.4682
26.2400 27.6944 39.7740 2.5035 -0.0575 -0.0163 -102.7115
26.2600 27.7075 39.7897 2.5034 -0.0299 0.3264 -29.7510
26.2800 27.7221 39.8083 2.5033 -0.0003 0.4000 -331.7979
26.3000 27.7380 39.8298 2.5033 -0.0373 -0.4000 -231.0098
26.3200 27.7564 39.8534 2.5032 0.0022 0.4000 411.2392
26.3400 27.7761 39.8799 2.5032 -0.0269 0.3210 -128.5771
26.3600 27.7943 39.9036 2.5031 -0.0217 -0.0172 500.0000
26.3800 27.8143 39.9299 2.5031 -0.0412 -0.3060 500.0000
26.4000 27.8365 39.9584 2.5030 -0.0475 -0.0302 -288.4292
26.4200 27.8607 39.9894 2.5029 -0.0857 -0.4000 -326.4955
26.4400 27.8874 40.0224 2.5029 -0.1165 -0.3666 27.8640
26.4600 27.9164 40.0576 2.5028 -0.1517 -0.4000 -100.1675
26.4800 27.9479 40.0949 2.5028 -0.1329 0.1535 398.9470
26.5000 27.9809 40.1350 2.5027 -0.0978 0.3301 500.0000
26.5200 28.0153 40.1779 2.5027 -0.0980 -0.0803 500.0000
26.5400 28.0515 40.2234 2.5026 -0.1136 -0.1881 37.3078
26.5600 28.0899 40.2712 2.5025 -0.1456 -0.4000 133.0828
26.5800 28.1306 40.3212 2.5025 -0.1800 -0.4000 -48.7098
26.6000 28.1738 40.3732 2.5024 -0.2132 -0.3213 -438.9782
26.6200 28.2194 40.4274 2.5024 -0.1977 0.0992 500.0000
26.6400 28.2666 40.4843 2.5023 -0.1736 0.1984 500.0000
26.6600 28.3153 40.5440 2.5022 -0.1852 -0.0657 -454.2814
26.6800 28.3661 40.6060 2.5022 -0.1702 0.2484 -500.0000
26.7000 28.4184 40.6708 2.5021 -0.1340 0.3992 152.4453
26.7200 28.4721 40.7385 2.5021 -0.1260 0.1464 -369.2181
26.7400 28.5276 40.8088 2.5020 -0.1184 0.1252 -272.8543
26.7600 28.5848 40.8817 2.5019 -0.1026 0.2351 -358.1807
26.7800 28.6436 40.9573 2.5019 -0.1097 -0.1515 434.0241
26.8000 28.7044 41.0354 2.5018 -0.0709 0.4000 338.5091
26.8200 28.7665 41.1164 2.5018 -0.0613 0.1335 -173.7774
26.8400 28.8302 41.2000 2.5017 -0.0457 0.2256 -314.4394
26.8600 28.8957 41.2864 2.5016 -0.0510 -0.0819 109.7971
26.8800 28.9630 41.3752 2.5016 -0.0362 0.1294 244.5579
26.9000 29.0321 41.4667 2.5015 0.0007 0.3769 328.4779
26.9200 29.1024 41.5611 2.5014 -0.0198 0.1631 -500.0000
26.9400 29.1712 41.6528 2.5014 -0.0262 -0.1341 364.6338
26.9600 29.2419 41.7469 2.5013 -0.0378 -0.1088 -183.7506
26.9800 29.3147 41.8434 2.5013 -0.0587 -0.3218 469.4919
27.0000 29.3898 41.9422 2.5012 -0.0390 0.1917 203.5369
27.0200 29.4664 42.0437 2.5011 -0.0678 -0.3531 67.5719
27.0400 29.5453 42.1473 2.5011 -0.0401 0.4000 -500.0000
27.0600 29.6257 42.2538 2.5010 -0.0124 0.4000 -500.0000
27.0800 29.7075 42.3632 2.5009 -0.0147 0.0460 -500.0000
27.1000 29.7913 42.4750 2.5009 0.0232 0.4000 261.4005
27.1200 29.8763 42.5898 2.5008 0.0191 0.0340 -119.2425
27.1400 29.9595 42.7020 2.5007 0.0541 -0.4000 42.3926
27.1600 30.0403 42.8121 2.5007 0.0185 0.4000 -157.0486
27.1800 30.1198 42.9193 2.5006 0.0369 -0.1623 292.0897
27.2000 30.1971 43.0242 2.5005 0.0455 -0.1153 -139.9157
27.2200 30.2724 43.1266 2.5005 0.0570 -0.0502 500.0000
27.2400 30.3457 43.2267 2.5004 0.0838 -0.2289 500.0000
27.2600 30.4166 43.3246 2.5004 0.0688 0.1972 126.8798
27.2800 30.4860 43.4198 2.5003 0.0373 0.4000 154.5790
27.3000 30.5539 43.5120 2.5002 0.0532 -0.2584 -500.0000
27.3200 30.6198 43.6020 2.5002 0.0440 0.1878 500.0000
27.3400 30.6839 43.6893 2.5001 0.0801 -0.4000 139.9605
27.3600 30.7455 43.7745 2.5000 0.1139 -0.4000 -43.2068
27.3800 30.8048 43.8577 2.5000 0.0857 0.3993 403.7881
27.4000 30.8626 43.9379 2.4999 0.0935 -0.1075 -134.3702
27.4200 30.9184 44.0158 2.4999 0.1177 -0.2809 -22.0679
27.4400 30.9720 44.0914 2.4998 0.1532 -0.4000 91.4007
27.4600 31.0231 44.1649 2.4997 0.1791 -0.2445 342.6073
27.4800 31.0719 44.2362 2.4997 0.1553 0.2786 -10.1130
27.5000 31.1193 44.3047 2.4996 0.1642 -0.1335 -219.0016
27.5200 31.1646 44.3708 2.4995 0.1900 -0.3478 -316.2285
27.5400 31.2076 44.4347 2.4995 0.2176 -0.2429 479.5961
27.5600 31.2484 44.4964 2.4994 0.2313 -0.2332 -500.0000
27.5800 31.2870 44.5558 2.4994 0.2417 -0.1483 -201.8979
27.6000 31.3236 44.6128 2.4993 0.2148 0.2362 -500.0000
27.6200 31.3587 44.6669 2.4992 0.1795 0.3368 -500.0000
27.6400 31.3925 44.7181 2.4992 0.1470 0.3037 -500.0000
27.6600 31.4250 44.7664 2.4991 0.1508 -0.0034 247.1751
27.6800 31.4555 44.8122 2.4991 0.1803 -0.3447 -5.7510
27.7000 31.4837 44.8559 2.4990 0.1514 0.4000 363.0567
27.7200 31.5104 44.8967 2.4989 0.1445 0.1579 500.0000
27.7400 31.5354 44.9349 2.4989 0.1572 -0.1720 -174.6819
27.7600 31.5583 44.9707 2.4988 0.1230 0.4000 -26.2418
27.7800 31.5799 45.0037 2.4988 0.1632 -0.3937 500.0000
27.8000 31.5990 45.0346 2.4987 0.1309 0.3647 -99.8906
27.8200 31.6167 45.0625 2.4987 0.1077 0.2391 -196.3847
27.8400 31.6329 45.0877 2.4986 0.0840 0.2365 -257.4780
27.8600 31.6476 45.1101 2.4985 0.0985 -0.1365 196.5625
27.8800 31.6601 45.1302 2.4985 0.0588 0.3900 -500.0000
27.9000 31.6715 45.1473 2.4984 0.0215 0.3593 -500.0000
27.9200 31.6815 45.1614 2.4984 0.0204 0.0798 429.0774
27.9400 31.6897 45.1730 2.4983 0.0171 0.0153 -149.8729
27.9600 31.6960 45.1821 2.4983 0.0066 0.0909 -198.0191
27.9800 31.7007 45.1885 2.4982 0.0168 -0.0988 118.5818
28.0000 31.7033 45.1925 2.4981 0.0176 -0.0866 -500.0000
28.0200 31.7040 45.1940 2.4981 -0.0143 0.2987 -471.9388
28.0400 31.7033 45.1926 2.4980 -0.0427 0.3201 -69.4727
28.0600 31.7012 45.1884 2.4980 -0.0418 -0.0872 -500.0000
28.0800 31.6972 45.1817 2.4979 -0.0128 -0.2591 500.0000
28.1000 31.6908 45.1728 2.4979 -0.0511 0.4000 -323.2641
28.1200 31.6832 45.1609 2.4978 -0.0143 -0.4000 212.8972
28.1400 31.6731 45.1470 2.4978 -0.0516 0.4000 -246.2557
28.1600 31.6617 45.1301 2.4977 -0.0745 0.2619 -19.9775
28.1800 31.6489 45.1105 2.4977 -0.0662 -0.1738 -500.0000
28.2000 31.6339 45.0884 2.4976 -0.0321 -0.4000 16.0857
28.2200 31.6166 45.0642 2.4976 -0.0063 -0.2476 334.3321
28.2400 31.5969 45.0378 2.4975 -0.0222 0.1281 -349.5363
28.2600 31.5757 45.0088 2.4975 -0.0500 0.4000 468.7148
28.2800 31.5530 44.9769 2.4974 -0.0883 0.4000 -323.9115
28.3000 31.5290 44.9420 2.4973 -0.0739 -0.2098 -268.4536
28.3200 31.5029 44.9048 2.4973 -0.0987 0.3421 338.1283
28.3400 31.4753 44.8647 2.4972 -0.1070 0.0587 -225.7855
28.3600 31.4459 44.8221 2.4972 -0.1077 -0.0701 -500.0000
28.3800 31.4147 44.7770 2.4971 -0.1007 -0.0927 -75.9497
28.4000 31.3815 44.7294 2.4971 -0.1140 0.0818 -446.9265
28.4200 31.3466 44.6792 2.4970 -0.1412 0.3204 31.9453
28.4400 31.3102 44.6261 2.4970 -0.1581 0.2168 150.0672
28.4600 31.2722 44.5703 2.4969 -0.1310 -0.4000 -500.0000
28.4800 31.2319 44.5124 2.4969 -0.1643 0.4000 64.4698
28.5000 31.1903 44.4515 2.4968 -0.1395 -0.3540 -392.8568
28.5200 31.1464 44.3884 2.4968 -0.1307 -0.1012 8.1854
28.5400 31.1004 44.3230 2.4967 -0.1298 0.0425 365.7769
28.5600 31.0525 44.2550 2.4967 -0.0987 -0.3116 339.9218
28.5800 31.0023 44.1849 2.4966 -0.0696 -0.4000 -347.3456
28.6000 30.9497 44.1127 2.4966 -0.0614 -0.1007 -22.8630
28.6200 30.8950 44.0380 2.4966 -0.0439 -0.1955 54.9787
28.6400 30.8382 43.9610 2.4965 -0.0847 0.4000 -500.0000
28.6600 30.7802 43.8811 2.4965 -0.1213 0.4000 -179.1072
28.6800 30.7208 43.7982 2.4964 -0.1465 0.2925 14.7297
28.7000 30.6600 43.7125 2.4964 -0.1556 0.1172 100.6671
28.7200 30.5974 43.6242 2.4963 -0.1633 0.0315 -353.0800
28.7400 30.5331 43.5333 2.4963 -0.1450 -0.1858 183.3849
28.7600 30.4665 43.4401 2.4962 -0.1668 0.1740 -481.2252
28.7800 30.3985 43.3441 2.4962 -0.1732 0.1476 500.0000
28.8000 30.3286 43.2456 2.4961 -0.2104 0.4000 -216.8274
28.8200 30.2574 43.1441 2.4961 -0.2210 0.1434 157.5700
28.8400 30.1845 43.0400 2.4960 -0.1921 -0.4000 -357.8459
28.8600 30.1093 42.9337 2.4960 -0.1553 -0.4000 237.1626
28.8800 30.0316 42.8253 2.4959 -0.1246 -0.3248 241.7440
28.9000 29.9515 42.7149 2.4959 -0.1381 0.1202 -207.0009
28.9200 29.8697 42.6017 2.4958 -0.1694 0.4000 220.2273
28.9400 29.7865 42.4857 2.4958 -0.1757 0.0165 -335.4046
28.9600 29.7015 42.3671 2.4958 -0.1736 -0.0329 -30.5605
28.9800 29.6146 42.2460 2.4957 -0.1577 -0.1542 211.4424
29.0000 29.5256 42.1227 2.4957 -0.1611 0.1122 500.0000
29.0200 29.4347 41.9967 2.4956 -0.1701 0.1480 314.4572
29.0400 29.3421 41.8682 2.4956 -0.1645 -0.1100 -268.9933
29.0600 29.2474 41.7372 2.4955 -0.1755 0.0595 -412.1440
29.0800 29.1511 41.6036 2.4955 -0.1600 -0.2321 -309.2574
29.1000 29.0526 41.4677 2.4954 -0.1218 -0.4000 342.2644
29.1200 28.9516 41.3297 2.4954 -0.1435 0.2964 314.5691
29.1400 28.8491 41.1890 2.4954 -0.1374 -0.1507 -500.0000
29.1600 28.7446 41.0459 2.4953 -0.1299 -0.0143 500.0000
29.1800 28.6380 40.9003 2.4953 -0.1675 0.4000 -248.1648
29.2000 28.5302 40.7518 2.4952 -0.1512 -0.1777 101.6800
29.2200 28.4202 40.6010 2.4952 -0.1391 -0.2207 -500.0000
29.2400 28.3081 40.4478 2.4951 -0.1054 -0.4000 14.9834
29.2600 28.1936 40.2926 2.4951 -0.0758 -0.2976 331.0962
29.2800 28.0767 40.1352 2.4951 -0.0415 -0.4000 54.9689
29.3000 27.9573 39.9757 2.4950 -0.0232 -0.1930 147.5013
29.3200 27.8358 39.8139 2.4950 0.0110 -0.4000 52.4508
29.3400 27.7118 39.6500 2.4949 0.0485 0.4000 296.8102
29.3600 27.5892 39.4891 2.4949 0.0777 0.2671 500.0000
29.3800 27.4679 39.3311 2.4949 0.0839 0.0045 465.9377
29.4000 27.3484 39.1756 2.4948 0.0514 -0.4000 137.3911
29.4200 27.2313 39.0223 2.4948 0.0104 -0.4000 -500.0000
29.4400 27.1168 38.8710 2.4947 0.0115 0.0056 78.4655
29.4600 27.0041 38.7222 2.4947 0.0383 0.4000 -500.0000
29.4800 26.8929 38.5762 2.4946 0.0745 0.4000 191.7716
29.5000 26.7830 38.4332 2.4946 0.0902 0.1995 -87.6717
29.5200 26.6747 38.2929 2.4946 0.0860 0.0254 -449.9242
29.5400 26.5684 38.1550 2.4945 0.1166 0.3586 29.2910
29.5600 26.4635 38.0200 2.4945 0.1502 0.4000 -2.7093
29.5800 26.3599 37.8879 2.4944 0.1165 -0.4000 50.7135
29.6000 26.2588 37.7579 2.4944 0.1238 0.1450 -366.2386
29.6200 26.1594 37.6306 2.4943 0.1043 -0.2567 221.6029
29.6400 26.0622 37.5055 2.4943 0.0930 -0.1622 233.1246
29.6600 25.9671 37.3827 2.4942 0.1137 0.2542 -66.2574
29.6800 25.8735 37.2627 2.4942 0.1234 0.0393 500.0000
29.7000 25.7817 37.1454 2.4942 0.1157 -0.0370 -310.3996
29.7200 25.6919 37.0305 2.4941 0.1045 -0.0482 -500.0000
29.7400 25.6041 36.9179 2.4941 0.0848 -0.1738 -323.0910
29.7600 25.5186 36.8076 2.4940 0.1073 0.2982 -213.2584
29.7800 25.4346 36.7001 2.4940 0.1342 0.2598 362.5249
29.8000 25.3520 36.5954 2.4939 0.1454 0.2099 -500.0000
29.8200 25.2711 36.4933 2.4939 0.1741 0.3152 152.1356
29.8400 25.1917 36.3941 2.4938 0.1378 -0.4000 -150.8450
29.8600 25.1148 36.2970 2.4938 0.1266 -0.1512 160.4274
29.8800 25.0399 36.2022 2.4937 0.0982 -0.2481 -500.0000
29.9000 24.9674 36.1096 2.4937 0.0924 -0.0666 17.1991
29.9200 24.8968 36.0195 2.4936 0.1281 0.4000 150.6517
29.9400 24.8276 35.9323 2.4936 0.0907 -0.4000 -236.8852
29.9600 24.7608 35.8471 2.4935 0.1295 0.4000 386.5947
29.9800 24.6953 35.7649 2.4935 0.1417 0.2107 -433.3996
30.0000 24.6315 35.6854 2.4934 0.1213 -0.3068 462.9408
30.0200 24.5700 35.6081 2.4934 0.1211 -0.0512 337.9935
30.0400 24.5103 35.5333 2.4933 0.0972 -0.3555 500.0000
30.0600 24.4529 35.4607 2.4933 0.0885 -0.0320 -425.4348
30.0800 24.3975 35.3905 2.4932 0.0671 -0.3250 500.0000
30.1000 24.3444 35.3226 2.4932 0.1004 0.3856 51.9462
30.1200 24.2926 35.2576 2.4931 0.0631 -0.4000 -238.9908
30.1400 24.2433 35.1946 2.4931 0.0604 -0.0617 216.6187
30.1600 24.1959 35.1341 2.4930 0.0753 0.2081 -217.8640
30.1800 24.1502 35.0763 2.4930 0.1019 0.3940 -500.0000
30.2000 24.1060 35.0213 2.4929 0.1115 0.1390 -169.5034
30.2200 24.0635 34.9690 2.4929 0.1278 0.1319 374.2470
30.2400 24.0226 34.9193 2.4928 0.1676 0.4000 450.7764
30.2600 23.9830 34.8726 2.4928 0.1327 -0.3895 -120.4944
30.2800 23.9458 34.8280 2.4927 0.1093 -0.2355 -215.1475
30.3000 23.9109 34.7856 2.4927 0.1411 0.4000 -151.8484
30.3200 23.8774 34.7461 2.4926 0.1395 -0.0144 -20.2836
30.3400 23.8459 34.7091 2.4926 0.1163 -0.3389 446.2712
30.3600 23.8165 34.6743 2.4925 0.1372 0.1659 500.0000
30.3800 23.7888 34.6423 2.4925 0.1756 0.3733 500.0000
30.4000 23.7623 34.6132 2.4924 0.1905 0.1493 153.6116
30.4200 23.7375 34.5868 2.4924 0.1553 -0.3817 -192.5887
30.4400 23.7151 34.5625 2.4923 0.1280 -0.4000 500.0000
30.4600 23.6951 34.5403 2.4923 0.0937 -0.4000 -17.8893
30.4800 23.6775 34.5202 2.4922 0.0846 -0.1038 0.8097
30.5000 23.6620 34.5026 2.4921 0.0573 -0.4000 500.0000
30.5200 23.6488 34.4871 2.4921 0.0824 0.2824 68.3226
30.5400 23.6370 34.4744 2.4920 0.1097 0.4000 -500.0000
30.5600 23.6268 34.4645 2.4920 0.0993 -0.0868 -210.0343
30.5800 23.6186 34.4570 2.4919 0.0597 -0.4000 -416.1205
30.6000 23.6129 34.4515 2.4919 0.0265 -0.3660 -153.9726
30.6200 23.6097 34.4481 2.4918 0.0143 -0.0827 -371.8497
30.6400 23.6086 34.4471 2.4918 -0.0177 -0.4000 151.3965
30.6600 23.6098 34.4482 2.4917 -0.0401 -0.2633 19.3972
30.6800 23.6133 34.4515 2.4916 -0.0482 -0.1230 193.9895
30.7000 23.6189 34.4572 2.4916 -0.0746 -0.3482 246.0806
30.7200 23.6268 34.4651 2.4915 -0.1025 -0.4000 453.0886
30.7400 23.6370 34.4751 2.4915 -0.0946 0.1677 -500.0000
30.7600 23.6490 34.4878 2.4914 -0.1205 -0.2572 -287.0070
30.7800 23.6633 34.5026 2.4914 -0.1354 -0.2502 500.0000
30.8000 23.6797 34.5197 2.4913 -0.1741 -0.3776 -500.0000
30.8200 23.6986 34.5389 2.4912 -0.1872 -0.0968 -356.2707
30.8400 23.7197 34.5604 2.4912 -0.1630 0.2637 100.8542
30.8600 23.7423 34.5847 2.4911 -0.1971 -0.4000 -13.1582
30.8800 23.7673 34.6110 2.4911 -0.2052 -0.0175 -500.0000
30.9000 23.7944 34.6398 2.4910 -0.2323 -0.4000 500.0000
30.9200 23.8238 34.6707 2.4909 -0.2193 0.1856 -243.9562
30.9400 23.8548 34.7043 2.4909 -0.1841 0.4000 86.7180
30.9600 23.8873 34.7409 2.4908 -0.1800 0.0463 -5.5844
30.9800 23.9215 34.7799 2.4908 -0.2057 -0.3074 40.7363
31.0000 23.9581 34.8212 2.4907 -0.2104 0.0163 -475.0157
31.0200 23.9967 34.8648 2.4906 -0.2106 -0.0405 236.4277
31.0400 24.0371 34.9110 2.4906 -0.2113 -0.0435 222.2928
31.0600 24.0795 34.9597 2.4905 -0.2062 0.0614 -33.5074
31.0800 24.1237 35.0109 2.4905 -0.1842 0.2192 206.2917
31.1000 24.1695 35.0649 2.4904 -0.1606 0.1936 500.0000
31.1200 24.2168 35.1216 2.4903 -0.1306 0.4000 -314.0074
31.1400 24.2655 35.1812 2.4903 -0.1483 -0.2279 135.5859
31.1600 24.3164 35.2431 2.4902 -0.1564 -0.0404 -361.1084
31.1800 24.3693 35.3074 2.4902 -0.1950 -0.3827 -475.0142
31.2000 24.4248 35.3737 2.4901 -0.1821 0.1477 -20.9968
31.2200 24.4819 35.4426 2.4900 -0.1911 -0.1121 39.3008
31.2400 24.5412 35.5140 2.4900 -0.1706 0.1557 500.0000
31.2600 24.6020 35.5881 2.4899 -0.1344 0.4000 147.1730
31.2800 24.6641 35.6651 2.4898 -0.1212 0.1659 -115.5058
31.3000 24.7279 35.7447 2.4898 -0.1077 0.1301 142.0473
31.3200 24.7934 35.8270 2.4897 -0.1399 -0.3532 -176.1426
31.3400 24.8614 35.9115 2.4897 -0.0989 0.4000 500.0000
31.3600 24.9306 35.9989 2.4896 -0.0623 0.4000 174.7654
31.3800 25.0011 36.0892 2.4895 -0.0608 0.0897 -500.0000
31.4000 25.0735 36.1820 2.4895 -0.0649 -0.0391 -79.5888
31.4200 25.1479 36.2773 2.4894 -0.0436 0.2651 -143.1194
31.4400 25.2239 36.3754 2.4893 -0.0748 -0.4000 174.0350
31.4600 25.3023 36.4755 2.4893 -0.0698 0.0360 105.6737
31.4800 25.3825 36.5782 2.4892 -0.0466 0.2662 -11.9618
31.5000 25.4642 36.6837 2.4891 -0.0148 0.4000 -190.7791
31.5200 25.5474 36.7920 2.4891 -0.0145 0.0083 -61.5043
31.5400 25.6324 36.9028 2.4890 0.0014 0.1308 299.5660
31.5600 25.7191 37.0164 2.4889 -0.0016 0.0309 -51.9474
31.5800 25.8040 37.1273 2.4889 0.0290 0.4000 -288.9930
31.6000 25.8903 37.2412 2.4888 0.0355 -0.0900 -135.7902
31.6200 25.9746 37.3526 2.4887 0.0077 0.4000 428.3082
31.6400 26.0574 37.4612 2.4887 -0.0041 0.1693 183.4606
31.6600 26.1386 37.5671 2.4886 0.0121 0.1609 139.1493
31.6800 26.2214 37.6757 2.4886 -0.0175 0.2717 -500.0000
31.7000 26.3027 37.7815 2.4885 -0.0519 -0.4000 -64.8680
31.7200 26.3865 37.8893 2.4884 -0.0173 0.4000 11.4070
31.7400 26.4717 38.0001 2.4884 -0.0114 0.1399 -500.0000
31.7600 26.5587 38.1134 2.4883 -0.0140 0.0412 -500.0000
31.7800 26.6477 38.2292 2.4882 -0.0131 -0.0455 328.8867
31.8000 26.7385 38.3474 2.4882 -0.0332 -0.2529 93.9710
31.8200 26.8316 38.4679 2.4881 -0.0056 0.2369 500.0000
31.8400 26.9262 38.5912 2.4880 0.0319 0.4000 224.9883
31.8600 27.0221 38.7175 2.4880 0.0668 -0.4000 31.1728
31.8800 27.1155 38.8417 2.4879 0.0978 -0.4000 -257.6175
31.9000 27.2065 38.9637 2.4878 0.0747 0.2599 -85.9093
31.9200 27.2960 39.0830 2.4878 0.0456 0.4000 323.0858
31.9400 27.3841 39.1994 2.4877 0.0087 0.4000 -255.2808
31.9600 27.4709 39.3129 2.4876 0.0498 -0.4000 500.0000
31.9800 27.5551 39.4244 2.4876 0.0212 0.4000 366.3748
32.0000 27.6378 39.5331 2.4875 0.0590 -0.4000 260.2590
32.0200 27.7181 39.6397 2.4875 0.0423 0.1521 -297.8412
32.0400 27.7967 39.7436 2.4874 0.0304 0.1382 -18.9396
32.0600 27.8736 39.8449 2.4873 0.0581 -0.4000 -500.0000
32.0800 27.9481 39.9440 2.4873 0.0928 -0.3840 121.5443
32.1000 28.0202 40.0410 2.4872 0.1187 -0.3784 -500.0000
32.1200 28.0900 40.1359 2.4871 0.1525 -0.4000 -41.3240
32.1400 28.1573 40.2287 2.4871 0.1660 -0.1421 61.3705
32.1600 28.2226 40.3191 2.4870 0.1961 -0.3825 -210.0862
32.1800 28.2854 40.4075 2.4869 0.2031 -0.0672 58.6941
32.2000 28.3462 40.4934 2.4869 0.2440 -0.4000 500.0000
32.2200 28.4045 40.5773 2.4868 0.2602 -0.2106 -174.1224
32.2400 28.4606 40.6589 2.4868 0.2322 0.3267 -25.2788
32.2600 28.5153 40.7377 2.4867 0.2446 -0.1316 51.0969
32.2800 28.5678 40.8142 2.4866 0.2137 0.4000 203.3320
32.3000 28.6189 40.8877 2.4866 0.2278 -0.2376 -500.0000
32.3200 28.6679 40.9590 2.4865 0.2483 -0.1958 245.5572
32.3400 28.7147 41.0280 2.4864 0.2828 -0.4000 17.9882
32.3600 28.7590 41.0950 2.4864 0.3203 -0.4000 248.0029
32.3800 28.8008 41.1599 2.4863 0.2966 0.1997 -500.0000
32.4000 28.8411 41.2220 2.4863 0.2715 0.3626 425.9572
32.4200 28.8798 41.2813 2.4862 0.2701 0.0958 500.0000
32.4400 28.9167 41.3382 2.4861 0.2430 0.4000 500.0000
32.4600 28.9521 41.3922 2.4861 0.2266 0.1824 -59.0384
32.4800 28.9858 41.4435 2.4860 0.2575 -0.4000 -247.5164
32.5000 29.0172 41.4927 2.4860 0.2923 -0.4000 54.6066
32.5200 29.0461 41.5398 2.4859 0.2919 0.0298 149.6216
32.5400 29.0730 41.5845 2.4858 0.3269 -0.4000 71.7257
32.5600 29.0975 41.6271 2.4858 0.3147 0.2073 415.5480
32.5800 29.1203 41.6670 2.4857 0.2857 0.3375 -16.3442
32.6000 29.1417 41.7041 2.4857 0.2560 0.3950 280.0937
32.6200 29.1616 41.7384 2.4856 0.2207 0.3615 -349.4810
32.6400 29.1801 41.7697 2.4855 0.2468 -0.2243 500.0000
32.6600 29.1963 41.7989 2.4855 0.2813 -0.3708 211.8852
32.6800 29.2101 41.8260 2.4854 0.2408 0.4000 -500.0000
32.7000 29.2226 41.8501 2.4854 0.2370 0.0409 -21.3509
32.7200 29.2332 41.8717 2.4853 0.2460 -0.1233 -139.7767
32.7400 29.2418 41.8909 2.4853 0.2706 -0.2219 406.1937
32.7600 29.2481 41.9079 2.4852 0.2770 -0.0831 -70.2965
32.7800 29.2524 41.9225 2.4851 0.2767 0.0636 387.9209
32.8000 29.2547 41.9346 2.4851 0.2555 0.1786 -430.2297
32.8200 29.2555 41.9440 2.4850 0.2755 -0.2356 -24.0301
32.8400 29.2540 41.9511 2.4850 0.2454 0.4000 287.7050
32.8600 29.2511 41.9554 2.4849 0.2464 -0.0114 -3.9625
32.8800 29.2463 41.9572 2.4849 0.2625 0.1643 500.0000
32.9000 29.2428 41.9613 2.4852 0.2548 -0.1364 -450.6159
32.9200 29.2387 41.9643 2.4841 0.2550 -0.2206 -87.8816
32.9400 29.2354 41.9683 2.4844 0.2517 -0.1559 -312.3996
32.9600 29.2312 41.9711 2.4835 0.2447 -0.1495 -500.0000
32.9800 29.2280 41.9750 2.4838 0.2174 0.4000 500.0000
33.0000 29.2233 41.9760 2.4841 0.1815 -0.4000 -149.2356
33.0200 29.2211 41.9791 2.4845 0.1580 0.2847 74.9120
33.0400 29.2173 41.9794 2.4848 0.1690 0.1338 -46.6153
33.0600 29.2153 41.9824 2.4851 0.1462 -0.4000 500.0000
33.0800 29.2137 41.9851 2.4831 0.1819 -0.4000 119.1832
33.1000 29.2114 41.9880 2.4835 0.1413 0.4000 -500.0000
33.1200 29.2078 41.9880 2.4840 0.1151 -0.3371 196.7208
33.1400 29.2065 41.9901 2.4845 0.1075 -0.1691 -233.4513
33.1600 29.2048 41.9914 2.4834 0.1369 -0.4000 89.1020
33.1800 29.2026 41.9930 2.4845 0.1595 0.3798 275.5031
33.2000 29.1998 41.9946 2.4837 0.1402 -0.3628 500.0000
33.2200 29.1991 41.9983 2.4830 0.1041 0.4000 -165.1970
33.2400 29.1970 41.9990 2.4824 0.0730 0.4000 219.9164
33.2600 29.1952 41.9991 2.4842 0.0643 -0.0252 -500.0000
33.2800 29.1938 41.9993 2.4836 0.0635 -0.0262 -97.5744
33.3000 29.1930 42.0003 2.4845 0.0531 -0.1729 346.3887
33.3200 29.1925 42.0015 2.4829 0.0501 0.0142 -130.6522
33.3400 29.1919 42.0024 2.4837 0.0466 -0.0850 291.5200
33.3600 29.1916 42.0035 2.4821 0.0145 0.4000 133.7516
33.3800 29.1916 42.0039 2.4830 0.0233 0.1214 -132.6526
33.4000 29.1916 42.0047 2.4814 -0.0157 0.4000 -382.0929
33.4200 29.1920 42.0048 2.4823 0.0136 -0.3017 254.2542
33.4400 29.1918 42.0049 2.4857 0.0197 0.0039 435.8018
33.4600 29.1917 42.0054 2.4865 0.0015 -0.2497 253.1414
33.4800 29.1921 42.0060 2.4849 0.0017 -0.0114 -67.4012
33.5000 29.1922 42.0062 2.4858 0.0164 0.1157 353.2165
33.5200 29.1924 42.0070 2.4842 0.0235 -0.0040 500.0000
33.5400 29.1922 42.0075 2.4851 0.0072 -0.2345 293.4577
33.5600 29.1925 42.0081 2.4834 -0.0244 0.3789 51.6269
33.5800 29.1931 42.0081 2.4843 -0.0042 -0.2373 -22.7425
33.6000 29.1931 42.0080 2.4877 -0.0359 0.2916 -500.0000
33.6200 29.1935 42.0072 2.4936 -0.0684 0.4000 98.6510
33.6400 29.1941 42.0058 2.5020 -0.1086 0.4000 -490.1962
33.6600 29.1952 42.0037 2.5130 -0.1287 0.2528 81.9372
33.6800 29.1964 42.0010 2.5264 -0.1216 -0.0902 -130.6448
33.7000 29.1973 41.9980 2.5424 -0.1005 -0.1703 365.1954
33.7200 29.1977 41.9951 2.5608 -0.1113 0.0716 -500.0000
33.7400 29.1982 41.9916 2.5818 -0.1485 0.4000 -447.3596
33.7600 29.1991 41.9875 2.6053 -0.1843 0.4000 -409.7102
33.7800 29.2005 41.9827 2.6312 -0.1609 -0.2471 -177.3498
33.8000 29.2014 41.9777 2.6597 -0.1215 -0.4000 -7.0859
33.8200 29.2015 41.9727 2.6907 -0.1554 0.4000 -500.0000
33.8400 29.2023 41.9671 2.7243 -0.1616 0.1649 8.3254
33.8600 29.2031 41.9611 2.7603 -0.1900 0.4000 -285.5125
33.8800 29.2045 41.9544 2.7988 -0.1911 0.1715 213.0123
33.9000 29.2061 41.9473 2.8399 -0.2180 0.4000 -419.3556
33.9200 29.2082 41.9396 2.8834 -0.2170 0.1238 -208.3398
33.9400 29.2106 41.9316 2.9295 -0.1656 -0.3292 500.0000
33.9600 29.2122 41.9233 2.9781 -0.1530 0.0006 -464.3146
33.9800 29.2139 41.9146 3.0292 -0.1042 -0.3037 123.5891
34.0000 29.2150 41.9057 3.0828 -0.0526 -0.2861 259.6589
34.0200 29.2155 41.8964 3.1389 -0.0164 -0.0786 257.4200
34.0400 29.2158 41.8867 3.1975 0.0469 -0.4000 80.3152
34.0600 29.2154 41.8767 3.2587 0.0886 0.1906 -405.1214
34.0800 29.2148 41.8670 3.3173 0.1422 0.2862 61.1904
34.1000 29.2136 41.8575 3.3734 0.2062 0.4000 335.0128
34.1200 29.2115 41.8481 3.4270 0.2229 -0.1518 500.0000
34.1400 29.2095 41.8391 3.4781 0.2739 0.4000 -268.1245
34.1600 29.2068 41.8302 3.5267 0.3030 0.1653 -254.0360
34.1800 29.2038 41.8216 3.5728 0.2822 -0.4000 -206.6238
34.2000 29.2013 41.8135 3.6163 0.3270 0.4000 -203.7511
34.2200 29.1980 41.8055 3.6574 0.3016 -0.4000 -231.5569
34.2400 29.1953 41.7982 3.6959 0.2909 -0.2540 114.0039
34.2600 29.1927 41.7913 3.7319 0.2618 -0.4000 -238.8381
34.2800 29.1905 41.7851 3.7654 0.2453 -0.2600 -44.3327
34.3000 29.1885 41.7795 3.7965 0.2620 0.0654 432.0252
34.3200 29.1861 41.7741 3.8250 0.2719 0.0685 -15.4728
34.3400 29.1834 41.7688 3.8509 0.2708 0.0289 -500.0000
34.3600 29.1805 41.7638 3.8744 0.3104 0.4000 258.1306
34.3800 29.1768 41.7586 3.8954 0.2955 -0.2677 500.0000
34.4000 29.1731 41.7539 3.9138 0.2782 -0.2287 121.0820
34.4200 29.1695 41.7497 3.9298 0.2567 -0.2488 -34.1360
34.4400 29.1659 41.7460 3.9432 0.2604 0.0854 -278.7534
34.4600 29.1620 41.7426 3.9541 0.2476 -0.1949 321.1864
34.4800 29.1580 41.7395 3.9626 0.2716 0.2043 500.0000
34.5000 29.1534 41.7363 3.9685 0.2942 0.2296 231.8463
34.5200 29.1483 41.7331 3.9718 0.3116 0.1299 500.0000
34.5400 29.1427 41.7297 3.9728 0.2761 -0.4000 -171.2312
34.5600 29.1374 41.7271 3.9712 0.2685 0.0208 -448.0218
34.5800 29.1332 41.7237 3.9712 0.2393 0.3409 -0.0369
34.6000 29.1315 41.7188 3.9714 0.2496 0.0995 117.1789
34.6200 29.1274 41.7158 3.9716 0.2367 0.1288 -137.9208
34.6400 29.1257 41.7108 3.9717 0.2440 0.0080 492.9341
34.6600 29.1217 41.7080 3.9719 0.2350 -0.2480 105.6874
34.6800 29.1181 41.7048 3.9702 0.2510 -0.4000 -232.0656
34.7000 29.1140 41.7018 3.9705 0.2416 -0.2369 328.0610
34.7200 29.1103 41.6987 3.9687 0.2030 0.3767 -500.0000
34.7400 29.1073 41.6959 3.9694 0.1974 0.1995 222.7741
34.7600 29.1060 41.6917 3.9694 0.1924 -0.0662 59.0532
34.7800 29.1025 41.6897 3.9695 0.1935 -0.2570 -320.2307
34.8000 29.1003 41.6864 3.9686 0.1562 0.4000 -251.5168
34.8200 29.0989 41.6835 3.9702 0.1855 0.3697 -165.8463
34.8400 29.0968 41.6804 3.9693 0.1568 -0.3059 -500.0000
34.8600 29.0930 41.6796 3.9686 0.1276 0.4000 349.2656
34.8800 29.0919 41.6771 3.9679 0.1216 -0.0741 -176.7396
34.9000 29.0892 41.6763 3.9678 0.1124 0.1066 3.0008
34.9200 29.0889 41.6736 3.9677 0.0994 -0.1181 -201.4387
34.9400 29.0865 41.6731 3.9675 0.1075 -0.0470 294.8232
34.9600 29.0862 41.6704 3.9674 0.1134 -0.0043 472.0023
34.9800 29.0836 41.6698 3.9673 0.1115 0.0525 201.7948
35.0000 29.0833 41.6670 3.9671 0.1249 0.0819 469.8663
35.0200 29.0805 41.6662 3.9670 0.1277 -0.0953 -409.0504
35.0400 29.0800 41.6632 3.9669 0.0971 -0.4000 246.8480
35.0600 29.0776 41.6627 3.9667 0.1090 -0.0600 500.0000
35.0800 29.0773 41.6600 3.9666 0.0817 -0.4000 500.0000
35.1000 29.0751 41.6598 3.9664 0.0455 0.4000 -169.0284
35.1200 29.0757 41.6580 3.9663 0.0660 0.1601 500.0000
35.1400 29.0738 41.6581 3.9662 0.0865 -0.2015 229.5689
35.1600 29.0738 41.6557 3.9660 0.0869 0.0746 -462.4981
35.1800 29.0715 41.6554 3.9659 0.0925 -0.1271 -408.5735
35.2000 29.0715 41.6529 3.9658 0.0729 -0.1714 -350.3109
35.2200 29.0694 41.6528 3.9656 0.0381 0.4000 -65.4005
35.2400 29.0701 41.6511 3.9655 0.0567 0.2023 82.4490
35.2600 29.0683 41.6513 3.9654 0.0819 -0.3439 -313.3298
35.2800 29.0684 41.6490 3.9652 0.0469 -0.4000 -76.4034
35.3000 29.0667 41.6493 3.9651 0.0742 -0.4000 -500.0000
35.3200 29.0669 41.6471 3.9649 0.1114 0.4000 243.1538
35.3400 29.0643 41.6464 3.9648 0.1227 -0.0577 469.2023
35.3600 29.0638 41.6435 3.9647 0.1509 0.4000 178.3707
35.3800 29.0610 41.6420 3.9648 0.1209 0.2708 -500.0000
35.4000 29.0609 41.6388 3.9650 0.0889 -0.4000 145.6975
35.4200 29.0589 41.6383 3.9652 0.0917 -0.0489 -111.7737
35.4400 29.0592 41.6355 3.9653 0.1053 0.2242 -432.0602
35.4600 29.0570 41.6347 3.9655 0.1079 -0.4000 392.1124
35.4800 29.0556 41.6330 3.9643 0.0970 0.0489 -500.0000
35.5000 29.0547 41.6312 3.9656 0.0784 -0.1567 -379.5938
35.5200 29.0538 41.6299 3.9644 0.1095 -0.4000 -129.7444
35.5400 29.0527 41.6279 3.9657 0.1481 0.4000 341.1815
35.5600 29.0508 41.6257 3.9645 0.1417 0.0792 37.7176
35.5800 29.0492 41.6233 3.9658 0.1267 -0.1814 58.7107
35.6000 29.0476 41.6213 3.9646 0.1482 -0.4000 335.0421
35.6200 29.0453 41.6194 3.9652 0.1571 0.0445 500.0000
35.6400 29.0432 41.6171 3.9639 0.1272 0.3452 -28.2225
35.6600 29.0417 41.6149 3.9651 0.1629 0.4000 335.0499
35.6800 29.0396 41.6124 3.9639 0.1543 0.0873 -69.6297
35.7000 29.0379 41.6098 3.9652 0.1870 0.3722 258.4837
35.7200 29.0356 41.6069 3.9641 0.1566 -0.4000 -478.8574
35.7400 29.0317 41.6062 3.9634 0.1707 -0.1879 -174.5994
35.7600 29.0300 41.6031 3.9626 0.1751 -0.0530 412.7800
35.7800 29.0269 41.6012 3.9629 0.1704 0.0540 -11.8175
35.8000 29.0261 41.5973 3.9630 0.1492 -0.2193 -171.5390
35.8200 29.0233 41.5958 3.9632 0.1092 0.4000 -452.6878
35.8400 29.0234 41.5928 3.9634 0.0742 -0.3342 -480.7418
35.8600 29.0216 41.5924 3.9636 0.1033 -0.2756 500.0000
35.8800 29.0217 41.5895 3.9637 0.1066 -0.0373 495.2069
35.9000 29.0194 41.5888 3.9638 0.1068 -0.0612 -385.7745
35.9200 29.0194 41.5858 3.9639 0.1425 0.4000 132.4694
35.9400 29.0166 41.5845 3.9640 0.1085 0.3197 -500.0000
35.9600 29.0166 41.5816 3.9641 0.1221 0.1642 -45.2995
35.9800 29.0141 41.5806 3.9642 0.0913 0.3017 -369.0574
36.0000 29.0143 41.5779 3.9643 0.0694 -0.1932 -391.8748
36.0200 29.0125 41.5776 3.9644 0.0476 0.2075 -282.8093
36.0400 29.0133 41.5756 3.9645 0.0696 0.2699 -100.1515
36.0600 29.0115 41.5754 3.9646 0.0895 -0.1727 376.2206
36.0800 29.0118 41.5727 3.9647 0.1168 0.4000 -500.0000
36.1000 29.0093 41.5718 3.9648 0.1286 -0.1541 -82.8376
36.1200 29.0090 41.5686 3.9648 0.1256 0.0226 -377.5698
36.1400 29.0064 41.5675 3.9649 0.0856 0.3925 -500.0000
36.1600 29.0067 41.5650 3.9650 0.0942 0.0219 500.0000
36.1800 29.0045 41.5644 3.9650 0.0710 0.1904 -500.0000
36.2000 29.0050 41.5621 3.9651 0.0551 -0.1306 -341.0765
36.2200 29.0033 41.5621 3.9652 0.0701 -0.1027 458.3851
36.2400 29.0038 41.5597 3.9652 0.0427 -0.2698 -315.6921
36.2600 29.0023 41.5599 3.9653 0.0810 -0.4000 324.2530
36.2800 29.0026 41.5574 3.9653 0.0440 -0.4000 -228.5263
36.3000 29.0011 41.5576 3.9654 0.0407 -0.0258 -413.4702
36.3200 29.0020 41.5557 3.9655 0.0468 0.0599 68.2771
36.3400 29.0005 41.5558 3.9655 0.0165 0.3696 84.1170
36.3600 29.0017 41.5543 3.9656 0.0125 -0.0441 -5.8147
36.3800 29.0006 41.5549 3.9656 -0.0215 0.4000 -6.0063
36.4000 29.0023 41.5539 3.9657 -0.0343 0.1221 -162.8454
36.4200 29.0065 41.5510 3.9658 -0.0070 -0.4000 -500.0000
36.4400 29.0126 41.5455 3.9658 0.0174 -0.2316 326.6165
36.4600 29.0207 41.5376 3.9659 0.0025 -0.2427 454.2279
36.4800 29.0267 41.5320 3.9659 0.0013 -0.0604 295.9951
36.5000 29.0304 41.5285 3.9660 -0.0276 -0.3815 266.3528
36.5200 29.0322 41.5276 3.9661 -0.0163 -0.1958 -421.9189
36.5400 29.0361 41.5244 3.9661 -0.0250 0.1062 41.2082
36.5600 29.0425 41.5192 3.9662 -0.0134 -0.1321 2.3803
36.5800 29.0510 41.5117 3.9663 -0.0509 0.4000 -264.8102
36.6000 29.0623 41.5026 3.9663 -0.0143 -0.3503 500.0000
36.6200 29.0754 41.4909 3.9664 -0.0116 0.0116 274.1809
36.6400 29.0908 41.4770 3.9664 -0.0356 0.2462 -213.4413
36.6600 29.1089 41.4613 3.9665 -0.0750 0.4000 -419.2056
36.6800 29.1297 41.4440 3.9666 -0.0460 -0.3199 112.5202
36.7000 29.1525 41.4242 3.9666 -0.0738 0.3903 399.2739
36.7200 29.1780 41.4027 3.9667 -0.1081 0.4000 -32.0426
36.7400 29.2062 41.3796 3.9668 -0.0876 -0.1579 500.0000
36.7600 29.2365 41.3540 3.9668 -0.1002 0.2252 500.0000
36.7800 29.2692 41.3265 3.9669 -0.0702 -0.3857 -221.4111
36.8000 29.3039 41.2964 3.9670 -0.1107 0.4000 -500.0000
36.8200 29.3414 41.2648 3.9670 -0.0848 -0.2807 120.2575
36.8400 29.3808 41.2307 3.9671 -0.0751 -0.1595 -325.7655
36.8600 29.4225 41.1943 3.9671 -0.0463 -0.4000 -396.6015
36.8800 29.4660 41.1554 3.9672 -0.0188 -0.4000 -500.0000
36.9000 29.5115 41.1139 3.9673 -0.0177 -0.0322 -141.8798
36.9200 29.5593 41.0703 3.9673 0.0011 -0.1626 336.9215
36.9400 29.6091 41.0243 3.9674 0.0148 0.2062 -326.0916
36.9600 29.6565 40.9803 3.9675 0.0431 0.3273 -0.9669
36.9800 29.7012 40.9379 3.9675 0.0172 -0.2429 -386.0056
37.0000 29.7439 40.8981 3.9676 0.0027 -0.2305 392.0344
37.0200 29.7845 40.8606 3.9677 0.0029 -0.0507 331.9854
37.0400 29.8228 40.8252 3.9677 0.0208 0.2305 -164.7040
37.0600 29.8585 40.7917 3.9678 0.0452 0.2078 469.7324
37.0800 29.8916 40.7600 3.9679 0.0422 -0.0208 -100.0564
37.1000 29.9225 40.7304 3.9679 0.0053 -0.3553 -500.0000
37.1200 29.9515 40.7035 3.9680 0.0390 0.3467 295.8928
37.1400 29.9778 40.6782 3.9681 -0.0015 -0.4000 -500.0000
37.1600 30.0023 40.6557 3.9681 0.0259 -0.4000 -500.0000
37.1800 30.0287 40.6306 3.9682 0.0060 -0.1703 -394.0575
37.2000 30.0532 40.6080 3.9683 0.0123 -0.0050 500.0000
37.2200 30.0752 40.5873 3.9683 0.0337 0.2321 87.4329
37.2400 30.0946 40.5685 3.9684 0.0512 0.2230 -140.4862
37.2600 30.1115 40.5516 3.9684 0.0334 -0.2855 500.0000
37.2800 30.1263 40.5371 3.9685 0.0519 0.2346 -132.3423
37.3000 30.1386 40.5244 3.9686 0.0418 -0.1155 -9.4860
37.3200 30.1487 40.5140 3.9686 0.0146 -0.4000 500.0000
37.3400 30.1568 40.5061 3.9687 0.0477 0.3560 200.4588
37.3600 30.1622 40.4998 3.9688 0.0109 -0.4000 -215.8533
37.3800 30.1658 40.4962 3.9688 0.0162 -0.0160 500.0000
37.4000 30.1670 40.4947 3.9689 0.0316 0.1462 204.6317
37.4200 30.1657 40.4950 3.9689 0.0185 0.0739 -500.0000
37.4400 30.1668 40.4935 3.9690 0.0076 -0.0737 -333.5145
37.4600 30.1658 40.4942 3.9691 0.0410 -0.4000 -45.5756
37.4800 30.1667 40.4923 3.9691 0.0409 0.0007 -8.7005
37.5000 30.1652 40.4925 3.9692 0.0573 -0.2003 -76.0534
37.5200 30.1659 40.4903 3.9693 0.0828 0.2834 82.7486
37.5400 30.1639 40.4899 3.9693 0.0904 -0.1480 -387.0583
37.5600 30.1641 40.4873 3.9694 0.1230 0.4000 -102.3943
37.5800 30.1615 40.4863 3.9694 0.0885 0.4000 -44.2421
37.6000 30.1617 40.4837 3.9695 0.0580 -0.4000 256.3969
37.6200 30.1600 40.4837 3.9696 0.0342 0.3520 471.7151
37.6400 30.1610 40.4819 3.9696 0.0554 0.1981 306.0309
37.6600 30.1594 40.4819 3.9697 0.0838 -0.4000 -416.1731
37.6800 30.1596 40.4794 3.9697 0.1159 0.4000 -140.4015
37.7000 30.1572 40.4785 3.9698 0.1237 -0.1694 -500.0000
37.7200 30.1569 40.4754 3.9699 0.1010 -0.2666 19.8373
37.7400 30.1546 40.4747 3.9699 0.1200 -0.4000 -394.9545
37.7600 30.1540 40.4720 3.9696 0.0910 -0.4000 372.0912
37.7800 30.1515 40.4719 3.9693 0.0638 0.4000 500.0000
37.8000 30.1517 40.4700 3.9690 0.1000 0.4000 229.1093
37.8200 30.1490 40.4697 3.9687 0.1294 -0.3136 185.3195
37.8400 30.1483 40.4668 3.9684 0.1010 -0.4000 420.5684
37.8600 30.1457 40.4664 3.9681 0.1057 -0.1019 -320.0226
37.8800 30.1453 40.4639 3.9678 0.0909 -0.0929 -500.0000
37.9000 30.1429 40.4637 3.9675 0.1289 -0.4000 305.1441
37.9200 30.1422 40.4609 3.9673 0.1464 0.1722 262.6494
37.9400 30.1390 40.4598 3.9671 0.1308 0.2175 239.5731
37.9600 30.1384 40.4568 3.9669 0.1452 0.4000 19.0658
37.9800 30.1360 40.4551 3.9674 0.1272 0.2274 -24.2234
38.0000 30.1360 40.4516 3.9678 0.1387 0.0544 500.0000
38.0200 30.1336 40.4500 3.9682 0.1100 0.4000 392.1074
38.0400 30.1339 40.4468 3.9686 0.0827 -0.4000 500.0000
38.0600 30.1322 40.4461 3.9690 0.0909 -0.0559 381.2180
38.0800 30.1322 40.4436 3.9689 0.1252 0.4000 31.8666
38.1000 30.1295 40.4427 3.9688 0.1347 -0.1520 -277.3354
38.1200 30.1290 40.4395 3.9688 0.1356 -0.0350 292.4739
38.1400 30.1261 40.4385 3.9687 0.1111 0.2956 73.9167
38.1600 30.1259 40.4357 3.9686 0.1084 -0.0998 445.6676
38.1800 30.1234 40.4350 3.9686 0.0749 0.4000 32.8553
38.2000 30.1237 40.4327 3.9685 0.0895 0.2183 -317.2220
38.2200 30.1214 40.4324 3.9684 0.1167 -0.2839 204.5080
38.2400 30.1211 40.4295 3.9684 0.1135 -0.0503 88.6908
38.2600 30.1185 40.4287 3.9683 0.0814 0.2962 -500.0000
38.2800 30.1187 40.4264 3.9682 0.0771 0.0240 -477.2302
38.3000 30.1167 40.4262 3.9681 0.0910 -0.2056 -296.0200
38.3200 30.1167 40.4237 3.9681 0.0665 -0.2975 80.5666
38.3400 30.1148 40.4236 3.9680 0.0475 0.2989 500.0000
38.3600 30.1154 40.4218 3.9679 0.0163 -0.3671 11.0873
38.3800 30.1142 40.4225 3.9679 0.0317 -0.2550 -500.0000
38.4000 30.1150 40.4208 3.9678 0.0615 0.2976 318.9960
38.4200 30.1131 40.4209 3.9677 0.0891 -0.3052 109.9286
38.4400 30.1132 40.4184 3.9677 0.0995 0.0883 203.7922
38.4600 30.1108 40.4179 3.9676 0.1383 -0.4000 500.0000
38.4800 30.1102 40.4147 3.9675 0.1575 0.4000 29.4459
38.5000 30.1075 40.4129 3.9679 0.1302 0.4000 500.0000
38.5200 30.1075 40.4093 3.9683 0.1708 0.4000 499.9765
38.5400 30.1047 40.4073 3.9688 0.1557 -0.2176 -16.0741
38.5600 30.1021 40.4055 3.9669 0.1562 0.0020 47.3376
38.5800 30.0997 40.4034 3.9676 0.1456 0.2840 500.0000
38.6000 30.0994 40.3997 3.9680 0.1272 -0.2309 116.6510
38.6200 30.0970 40.3985 3.9683 0.1116 0.1861 41.9327
38.6400 30.0972 40.3953 3.9686 0.0764 -0.4000 -97.4314
38.6600 30.0955 40.3947 3.9689 0.0785 -0.0437 -118.1193
38.6800 30.0961 40.3921 3.9692 0.0545 -0.3187 249.3399
38.7000 30.0947 40.3919 3.9695 0.0670 -0.1434 4.2096
38.7200 30.0954 40.3894 3.9698 0.0849 0.2854 -500.0000
38.7400 30.0936 40.3888 3.9700 0.0829 0.0991 500.0000
38.7600 30.0941 40.3861 3.9703 0.1222 0.3940 430.8424
38.7800 30.0917 40.3849 3.9706 0.1180 0.0541 38.6366
38.8000 30.0917 40.3817 3.9709 0.1586 0.4000 500.0000
38.8200 30.0889 40.3800 3.9711 0.1586 -0.1758 -177.2558
38.8400 30.0873 40.3772 3.9703 0.1467 -0.1863 -128.8984
38.8600 30.0840 40.3762 3.9700 0.1090 0.3647 -500.0000
38.8800 30.0835 40.3737 3.9697 0.1176 0.3815 56.2931
38.9000 30.0816 40.3722 3.9703 0.0885 0.4000 310.5175
38.9200 30.0824 40.3692 3.9709 0.1067 0.2342 -160.6356
38.9400 30.0806 40.3679 3.9715 0.0846 0.3303 325.2703
38.9600 30.0813 40.3650 3.9720 0.1077 0.3470 -497.3734
38.9800 30.0794 40.3638 3.9725 0.0805 -0.3271 55.9839
39.0000 30.0776 40.3632 3.9705 0.1153 -0.4000 58.5647
39.0200 30.0756 40.3619 3.9710 0.0840 0.3402 -168.0020
39.0400 30.0763 40.3590 3.9715 0.1145 0.3650 -55.2260
39.0600 30.0743 40.3577 3.9720 0.0884 0.3026 -24.3027
39.0800 30.0750 40.3547 3.9725 0.0863 0.0265 -330.6957
39.1000 30.0733 40.3539 3.9730 0.0514 -0.4000 -68.8247
39.1200 30.0719 40.3538 3.9710 0.0433 0.1280 219.1684
39.1400 30.0709 40.3535 3.9715 0.0281 -0.2675 487.1099
39.1600 30.0699 40.3537 3.9696 0.0446 -0.2207 -201.4910
39.1800 30.0689 40.3534 3.9701 0.0171 0.4000 276.6415
39.2000 30.0705 40.3515 3.9706 0.0409 0.3225 -287.4739
39.2200 30.0694 40.3513 3.9711 0.0165 0.2850 8.0331
39.2400 30.0710 40.3494 3.9715 0.0250 0.0821 93.1945
39.2600 30.0702 40.3495 3.9720 0.0025 -0.3313 -208.8525
39.2800 30.0698 40.3498 3.9703 -0.0324 0.3302 -500.0000
39.3000 30.0701 40.3504 3.9712 -0.0230 -0.0506 375.0178
39.3200 30.0706 40.3506 3.9746 0.0052 -0.2922 229.6256
39.3400 30.0710 40.3501 3.9804 -0.0047 -0.0676 -316.0499
39.3600 30.0712 40.3500 3.9838 0.0109 -0.1102 455.3574
39.3800 30.0715 40.3495 3.9897 0.0498 0.4000 357.5789
39.4000 30.0710 40.3486 3.9930 0.0724 0.2748 -87.3422
39.4200 30.0699 40.3476 3.9939 0.0451 -0.4000 500.0000
39.4400 30.0689 40.3473 3.9922 0.0077 0.3788 -388.2965
39.4600 30.0687 40.3472 3.9931 0.0345 0.2932 118.0511
39.4800 30.0679 40.3470 3.9914 -0.0061 0.4000 -500.0000
39.5000 30.0679 40.3472 3.9922 0.0294 -0.4000 117.6783
39.5200 30.0677 40.3466 3.9956 -0.0100 -0.4000 -415.1968
39.5400 30.0677 40.3469 3.9965 -0.0453 0.4000 -98.7556
39.5600 30.0684 40.3474 3.9998 -0.0732 0.3222 -25.9530
39.5800 30.0698 40.3481 4.0057 -0.0761 0.1123 500.0000
39.6000 30.0715 40.3487 4.0141 -0.0711 -0.0631 -64.0615
39.6200 30.0734 40.3490 4.0250 -0.1060 0.4000 -122.1345
39.6400 30.0760 40.3496 4.0384 -0.0901 -0.2169 -298.2899
39.6600 30.0787 40.3497 4.0543 -0.0744 -0.1458 107.6164
39.6800 30.0815 40.3494 4.0727 -0.0967 0.3140 179.5986
39.7000 30.0849 40.3493 4.0936 -0.1074 0.1771 135.9665
39.7200 30.0888 40.3492 4.1171 -0.1048 0.0895 500.0000
39.7400 30.0929 40.3490 4.1430 -0.1274 0.4000 500.0000
39.7600 30.0976 40.3490 4.1715 -0.1461 0.3641 500.0000
39.7800 30.1029 40.3492 4.2025 -0.1288 -0.0670 353.2443
39.8000 30.1083 40.3491 4.2360 -0.1039 -0.2241 -195.2254
39.8200 30.1140 40.3485 4.2720 -0.1092 0.1019 -447.9323
39.8400 30.1201 40.3481 4.3105 -0.1137 0.1742 -19.4265
39.8600 30.1266 40.3478 4.3515 -0.0876 -0.2339 -500.0000
39.8800 30.1333 40.3471 4.3950 -0.0911 0.2149 58.0908
39.9000 30.1406 40.3467 4.4411 -0.0536 -0.2247 153.1814
39.9200 30.1480 40.3457 4.4896 -0.0303 -0.0410 122.0638
39.9400 30.1558 40.3446 4.5407 0.0246 -0.4000 73.8855
39.9600 30.1638 40.3427 4.5942 0.0128 -0.4000 12.2270
39.9800 30.1715 40.3415 4.6453 0.0192 -0.0794 -500.0000
40.0000 30.1789 40.3406 4.6938 0.0319 0.0136 -493.6149
